TimeStamp,ax,ay,az,gx,gy,gz,mx,my,mz
1213265.653,928.603,-154.086,-321.104,-1487.5,778.75,-1251.25,1299.6,-133.76,132.24
1213265.703,928.969,-151.89,-320.738,-1023.75,271.25,-1032.5,1301.12,-126.16,138.32
1213265.753,927.261,-151.951,-322.995,-420.0,-1417.5,-910.0,1299.6,-123.12,144.4
1213265.803,930.982,-157.807,-323.605,-612.5,-52.5,-1015.0,1296.56,-132.24,139.84
1213265.853,926.163,-156.221,-321.958,-857.5,-446.25,-1251.25,1308.72,-121.6,142.88
1213265.903,929.884,-160.796,-327.326,-1303.75,-8.75,-78.75,1305.68,-126.16,147.44
1213265.953,933.666,-162.504,-327.753,-1233.75,910.0,-682.5,1282.88,-120.08,132.24
1213266.003,933.666,-161.772,-325.496,-367.5,-306.25,-1916.25,1288.96,-115.52,153.52
1213266.053,932.812,-158.112,-320.738,-1085.0,638.75,-1916.25,1290.48,-121.6,139.84
1213266.103,928.908,-156.77,-317.871,-1907.5,61.25,-953.75,1299.6,-117.04,144.4
1213266.153,931.653,-158.051,-320.311,-1190.0,-402.5,-1242.5,1290.48,-123.12,145.92
1213266.203,932.019,-156.343,-320.555,-1338.75,-603.75,-1172.5,1301.12,-127.68,136.8
1213266.253,932.995,-158.783,-321.287,-1330.0,-778.75,-673.75,1288.96,-121.6,155.04
1213266.303,932.751,-159.088,-320.372,-953.75,-621.25,-770.0,1295.04,-115.52,136.8
1213266.353,926.224,-156.282,-319.64,-1172.5,-682.5,-1146.25,1293.52,-127.68,145.92
1213266.403,924.333,-164.212,-321.287,-1041.25,-1548.75,-665.0,1290.48,-109.44,133.76
1213266.453,939.827,-165.493,-327.997,-1435.0,-717.5,-1295.0,1302.64,-120.08,136.8
1213266.503,927.688,-162.504,-315.98,-1006.25,262.5,-1697.5,1292.0,-120.08,148.96
1213266.553,928.359,-162.809,-318.298,-700.0,-140.0,-1111.25,1307.2,-126.16,148.96
1213266.603,929.823,-161.406,-323.056,-1312.5,-1093.75,-1102.5,1293.52,-126.16,139.84
1213266.653,929.701,-165.737,-325.496,-1295.0,-743.75,-918.75,1282.88,-129.2,155.04
1213266.703,926.59,-162.077,-323.666,-1951.25,-358.75,-1601.25,1290.48,-124.64,136.8
1213266.753,927.688,-154.818,-322.202,-2362.5,-918.75,-1382.5,1296.56,-112.48,130.72
1213266.803,931.165,-158.173,-325.252,-2905.0,-236.25,-1067.5,1305.68,-126.16,150.48
1213266.853,930.616,-157.929,-326.533,-2607.5,-297.5,-945.0,1288.96,-114.0,136.8
1213266.903,932.69,-154.94,-326.045,-2091.25,131.25,-708.75,1293.52,-130.72,152.0
1213266.953,930.128,-164.029,-319.152,-805.0,945.0,-568.75,1285.92,-120.08,150.48
1213267.003,927.322,-163.907,-316.651,-420.0,297.5,-1058.75,1301.12,-120.08,144.4
1213267.053,930.494,-160.857,-317.261,-1041.25,-700.0,-1032.5,1302.64,-130.72,147.44
1213267.103,929.274,-160.674,-320.616,-1933.75,-1190.0,-787.5,1299.6,-127.68,148.96
1213267.153,932.446,-166.713,-322.568,-2047.5,-1146.25,-962.5,1295.04,-117.04,148.96
1213267.203,934.703,-160.43,-325.008,-2126.25,-778.75,-1618.75,1316.32,-118.56,139.84
1213267.253,931.348,-163.236,-320.677,-1006.25,192.5,-1067.5,1290.48,-121.6,145.92
1213267.303,932.385,-155.062,-314.699,-630.0,113.75,35.0,1292.0,-115.52,133.76
1213267.353,917.379,-163.114,-312.93,1671.25,-1793.75,4156.25,1305.68,-129.2,141.36
1213267.403,922.747,-152.439,-327.753,1890.0,-2441.25,7603.75,1295.04,-129.2,158.08
1213267.453,922.747,-155.55,-332.45,-3928.75,-6273.75,11261.25,1308.72,-141.36,132.24
1213267.503,952.698,-197.213,-320.738,-8120.0,6107.5,11462.5,1290.48,-138.32,155.04
1213267.553,920.368,-199.653,-301.035,-9843.75,5670.0,6413.75,1295.04,-150.48,139.84
1213267.603,898.042,-178.425,-301.279,-14166.25,306.25,-3027.5,1298.08,-138.32,158.08
1213267.653,906.399,-169.031,-346.114,-14271.25,-12600.0,-1898.75,1282.88,-144.4,152.0
1213267.703,942.328,-162.26,-374.967,-11795.0,-8960.0,2686.25,1301.12,-138.32,135.28
1213267.753,924.272,-198.921,-364.719,-6510.0,-3430.0,7953.75,1292.0,-142.88,129.2
1213267.803,912.011,-197.396,-362.218,-2835.0,1750.0,8137.5,1285.92,-138.32,130.72
1213267.853,919.514,-227.347,-350.14,-612.5,-280.0,6396.25,1301.12,-152.0,141.36
1213267.903,935.984,-234.545,-344.589,2257.5,5503.75,4331.25,1287.44,-138.32,129.2
1213267.953,895.907,-229.97,-320.921,2922.5,2712.5,3018.75,1281.36,-156.56,141.36
1213268.003,910.059,-237.351,-323.117,1723.75,1697.5,2065.0,1296.56,-153.52,132.24
1213268.053,896.7,-239.059,-320.921,1750.0,-3158.75,1286.25,1290.48,-156.56,147.44
1213268.103,914.268,-241.56,-334.707,595.0,-3045.0,-1960.0,1296.56,-153.52,148.96
1213268.153,904.264,-228.079,-338.184,-665.0,-2038.75,-2861.25,1307.2,-150.48,136.8
1213268.203,916.525,-217.892,-354.471,-2651.25,-2896.25,-4261.25,1292.0,-161.12,141.36
1213268.253,920.002,-197.64,-352.946,-3806.25,-1067.5,-5372.5,1293.52,-153.52,123.12
1213268.303,906.826,-195.871,-344.345,-4112.5,-2161.25,-4401.25,1313.28,-152.0,132.24
1213268.353,881.694,-196.908,-343.491,980.0,-3220.0,-1347.5,1293.52,-138.32,129.2
1213268.403,881.511,-218.685,-339.221,4418.75,-13606.25,3255.0,1302.64,-155.04,144.4
1213268.453,907.497,-248.026,-345.687,10246.25,-8242.5,5530.0,1284.4,-161.12,123.12
1213268.503,893.04,-254.675,-337.818,8653.75,-7078.75,3263.75,1281.36,-168.72,147.44
1213268.553,861.93,-275.659,-331.901,-5547.5,-5678.75,-5171.25,1281.36,-164.16,130.72
1213268.603,864.492,-328.851,-331.718,-2003.75,-19932.5,-17255.0,1293.52,-167.2,118.56
1213268.653,895.602,-237.168,-342.759,-3150.0,-15478.75,-29058.75,1295.04,-136.8,110.96
1213268.703,894.565,-103.517,-382.653,-16625.0,-6921.25,-31158.75,1288.96,-138.32,91.2
1213268.753,850.035,-92.232,-403.149,-28813.75,-17797.5,-29855.0,1302.64,-121.6,107.92
1213268.803,900.36,-78.69,-470.554,-28498.75,-25480.0,-25935.0,1281.36,-104.88,72.96
1213268.853,908.961,-70.333,-478.85,-25392.5,-22452.5,-21612.5,1257.04,-89.68,92.72
1213268.903,856.074,-19.642,-478.301,-22356.25,-18698.75,-14175.0,1255.52,-83.6,83.6
1213268.953,872.91,-5.917,-483.913,-24465.0,-22076.25,-7472.5,1272.24,-68.4,77.52
1213269.003,834.846,-2.562,-486.292,-23388.75,-18655.0,5285.0,1246.4,-77.52,68.4
1213269.053,846.07,89.121,-501.298,-25926.25,-28008.75,11628.75,1258.56,-59.28,45.6
1213269.103,860.527,41.236,-535.58,-51161.25,-12845.0,39751.25,1250.96,-65.36,76.0
1213269.153,810.812,-2.928,-551.074,-59823.75,-20186.25,51152.5,1244.88,-71.44,63.84
1213269.203,829.661,-20.069,-597.129,-76685.0,-19013.75,55763.75,1244.88,-82.08,41.04
1213269.253,805.322,-109.617,-603.168,-66220.0,-3132.5,46655.0,1238.8,-83.6,41.04
1213269.303,778.97,-81.496,-632.997,-73570.0,-2012.5,45823.75,1267.68,-83.6,50.16
1213269.353,767.685,-76.616,-621.224,-52106.25,6212.5,31841.25,1252.48,-88.16,56.24
1213269.403,792.451,-99.613,-624.518,-43181.25,6483.75,25007.5,1257.04,-85.12,59.28
1213269.453,792.329,-65.758,-615.063,-29391.25,14892.5,25497.5,1244.88,-91.2,57.76
1213269.503,813.679,-34.404,-618.174,-29426.25,12188.75,19932.5,1264.64,-97.28,68.4
1213269.553,858.209,-73.932,-595.604,-23108.75,17316.25,13457.5,1260.08,-107.92,94.24
1213269.603,837.408,-56.669,-575.596,-19232.5,8277.5,385.0,1276.8,-98.8,66.88
1213269.653,826.916,-55.754,-556.381,-19005.0,14236.25,-2808.75,1282.88,-88.16,91.2
1213269.703,843.935,18.727,-555.71,-2065.0,10045.0,1443.75,1278.32,-83.6,91.2
1213269.753,844.667,-87.962,-520.33,4996.25,27142.5,3823.75,1293.52,-95.76,100.32
1213269.803,921.71,-82.716,-559.797,4418.75,-3456.25,9528.75,1281.36,-103.36,92.72
1213269.853,776.713,-85.217,-521.062,43050.0,17430.0,-11165.0,1276.8,-106.4,109.44
1213269.903,849.73,-147.803,-500.139,43461.25,-6991.25,-10570.0,1292.0,-114.0,112.48
1213269.9531,730.963,-125.355,-491.843,95952.5,0.0,-39628.75,1269.2,-110.96,118.56
1213270.003,795.074,-95.587,-538.142,78601.25,-23458.75,-40442.5,1282.88,-126.16,112.48
1213270.053,824.11,-79.361,-540.155,92260.0,-15155.0,-45893.75,1270.72,-130.72,92.72
1213270.103,845.155,-70.577,-532.164,83020.0,-21595.0,-42306.25,1281.36,-121.6,103.36
1213270.153,878.156,-38.308,-526.796,78172.5,-15216.25,-32900.0,1267.68,-114.0,80.56
1213270.203,894.931,-60.024,-498.614,60243.75,-10368.75,-14813.75,1269.2,-121.6,85.12
1213270.253,935.801,-93.94,-498.37,60803.75,2730.0,-3080.0,1255.52,-120.08,66.88
1213270.303,909.998,-161.589,-462.258,58432.5,11576.25,8610.0,1264.64,-150.48,60.8
1213270.353,860.771,-143.045,-436.394,49525.0,27405.0,8242.5,1264.64,-148.96,77.52
1213270.403,842.776,-167.506,-406.138,15995.0,10972.5,7840.0,1252.48,-173.28,65.36
1213270.453,867.115,-240.035,-424.865,5731.25,6300.0,11620.0,1279.84,-173.28,80.56
1213270.503,848.388,-288.286,-421.51,9712.5,2283.75,12923.75,1276.8,-196.08,94.24
1213270.553,880.84,-268.4,-415.227,7577.5,8338.75,3377.5,1270.72,-199.12,86.64
1213270.603,838.811,-267.119,-391.498,2003.75,6238.75,1365.0,1276.8,-188.48,95.76
1213270.653,895.419,-274.134,-395.951,-5801.25,6763.75,-1680.0,1261.6,-193.04,79.04
1213270.703,875.594,-280.722,-393.511,-9537.5,14542.5,-4130.0,1278.32,-194.56,94.24
1213270.753,862.906,-305.671,-389.058,-10001.25,10368.75,-4611.25,1257.04,-180.88,106.4
1213270.803,863.089,-302.621,-390.644,-6335.0,8750.0,-4103.75,1287.44,-179.36,112.48
1213270.853,850.767,-297.314,-382.897,-3902.5,2791.25,-3823.75,1275.28,-186.96,95.76
1213270.903,880.535,-281.759,-404.796,-3736.25,2266.25,-5442.5,1272.24,-180.88,109.44
1213270.953,875.594,-271.511,-380.274,-3780.0,3360.0,-5967.5,1288.96,-179.36,106.4
1213271.003,890.051,-262.91,-373.259,-1933.75,2817.5,-5897.5,1275.28,-176.32,118.56
1213271.053,889.197,-249.185,-367.281,-2021.25,3815.0,-5250.0,1288.96,-164.16,112.48
1213271.103,889.258,-252.235,-365.085,-1461.25,2371.25,-1951.25,1281.36,-177.84,117.04
1213271.153,900.238,-256.444,-362.34,-761.25,3850.0,-542.5,1278.32,-174.8,117.04
1213271.203,890.112,-252.174,-362.767,752.5,3167.5,-927.5,1293.52,-179.36,126.16
1213271.253,901.58,-258.701,-360.327,1557.5,3780.0,-2913.75,1275.28,-177.84,117.04
1213271.303,892.247,-247.294,-359.839,-840.0,4243.75,-4707.5,1288.96,-185.44,135.28
1213271.353,899.689,-239.364,-357.094,-2852.5,2213.75,-4200.0,1284.4,-180.88,132.24
1213271.403,888.343,-241.926,-352.641,-4261.25,717.5,-3447.5,1287.44,-176.32,115.52
1213271.453,906.46,-238.937,-351.421,-4348.75,-61.25,-2843.75,1288.96,-173.28,129.2
1213271.503,904.203,-240.828,-349.225,-3990.0,1190.0,-1863.75,1287.44,-141.36,120.08
1213271.553,896.822,-247.477,-346.053,-2712.5,-280.0,-875.0,1284.4,-179.36,133.76
1213271.603,904.447,-254.492,-346.968,-1435.0,-218.75,-1225.0,1298.08,-168.72,126.16
1213271.653,897.737,-242.841,-345.992,-1286.25,43.75,-1610.0,1287.44,-170.24,124.64
1213271.703,905.423,-244.854,-353.19,-3421.25,-428.75,-1120.0,1292.0,-171.76,133.76
1213271.753,893.284,-249.429,-351.421,-3010.0,-78.75,-875.0,1281.36,-173.28,136.8
1213271.803,903.471,-243.329,-346.785,-4051.25,332.5,-2021.25,1278.32,-174.8,135.28
1213271.853,890.539,-241.499,-341.417,-4025.0,-717.5,-1846.25,1279.84,-162.64,124.64
1213271.903,887.306,-246.989,-347.761,-3255.0,-2310.0,-2275.0,1282.88,-173.28,124.64
1213271.953,893.223,-256.444,-347.09,-1155.0,-6308.75,-5425.0,1279.84,-161.12,129.2
1213272.003,872.178,-279.624,-355.935,3438.75,-9406.25,-8242.5,1284.4,-165.68,112.48
1213272.053,899.506,-296.826,-367.403,29321.25,-20667.5,-26617.5,1278.32,-165.68,126.16
1213272.103,883.524,-237.107,-378.749,33985.0,-18392.5,-31106.25,1267.68,-147.44,104.88
1213272.153,907.009,-205.997,-399.794,42061.25,-22881.25,-34011.25,1284.4,-147.44,110.96
1213272.203,912.499,-161.528,-418.643,39488.75,-14262.5,-30283.75,1266.16,-135.28,82.08
1213272.253,907.619,-148.169,-416.508,33915.0,-11821.25,-22347.5,1269.2,-130.72,98.8
1213272.303,896.09,-136.945,-415.837,26005.0,-6790.0,-15960.0,1255.52,-147.44,91.2
1213272.353,905.118,-157.014,-410.896,18698.75,-5407.5,-10386.25,1249.44,-123.12,79.04
1213272.403,903.288,-152.317,-406.321,8575.0,-586.25,-5407.5,1269.2,-132.24,85.12
1213272.453,894.26,-163.053,-398.757,4515.0,726.25,-1653.75,1247.92,-138.32,74.48
1213272.503,889.441,-185.928,-395.158,-1470.0,2047.5,875.0,1263.12,-139.84,89.68
1213272.553,889.563,-206.973,-392.779,-192.5,595.0,-271.25,1257.04,-133.76,83.6
1213272.603,896.578,-194.59,-393.694,3167.5,192.5,-2668.75,1249.44,-150.48,97.28
1213272.653,890.173,-191.235,-393.267,2222.5,-490.0,-2467.5,1266.16,-153.52,88.16
1213272.703,902.007,-183.366,-394.67,1653.75,700.0,-962.5,1260.08,-132.24,85.12
1213272.753,897.737,-187.27,-387.655,-1338.75,796.25,-647.5,1270.72,-132.24,89.68
1213272.803,902.19,-192.76,-389.119,-2021.25,1408.75,-918.75,1250.96,-127.68,72.96
1213272.853,893.101,-192.333,-384.666,-1837.5,-446.25,-980.0,1273.76,-153.52,97.28
1213272.903,898.713,-195.993,-385.459,-1330.0,-175.0,-1277.5,1250.96,-133.76,91.2
1213272.953,895.663,-193.614,-387.655,-166.25,-253.75,-1688.75,1267.68,-135.28,94.24
1213273.003,894.382,-197.213,-388.875,-437.5,-700.0,-1645.0,1261.6,-141.36,95.76
1213273.053,903.471,-194.346,-388.814,393.75,-1575.0,-2388.75,1266.16,-144.4,79.04
1213273.103,900.36,-188.978,-386.496,1198.75,-831.25,-1933.75,1263.12,-147.44,95.76
1213273.153,892.43,-191.113,-386.74,560.0,-1277.5,-1207.5,1247.92,-141.36,85.12
1213273.203,896.944,-197.64,-388.814,726.25,-1671.25,-875.0,1264.64,-132.24,91.2
1213273.253,894.016,-202.093,-392.474,1251.25,-2441.25,-673.75,1250.96,-145.92,76.0
1213273.303,894.87,-198.311,-394.426,323.75,-1391.25,-980.0,1250.96,-147.44,80.56
1213273.353,894.626,-199.714,-392.291,140.0,-910.0,-1330.0,1257.04,-144.4,83.6
1213273.403,894.26,-195.871,-394.182,-647.5,-621.25,-1986.25,1260.08,-147.44,71.44
1213273.453,896.395,-194.407,-393.694,-1863.75,96.25,-1793.75,1263.12,-142.88,89.68
1213273.503,890.234,-205.631,-388.448,-1872.5,-411.25,-1942.5,1257.04,-135.28,77.52
1213273.553,861.808,-176.839,-381.494,-2677.5,-8198.75,1977.5,1267.68,-147.44,88.16
1213273.603,906.277,-194.895,-395.585,-5460.0,-9012.5,5617.5,1240.32,-147.44,71.44
1213273.653,897.737,-234.118,-400.038,1155.0,-7525.0,-2432.5,1266.16,-162.64,86.64
1213273.703,902.495,-223.443,-406.26,4156.25,-4007.5,-6895.0,1273.76,-155.04,76.0
1213273.753,892.003,-183.183,-410.835,4121.25,-1330.0,-6037.5,1240.32,-147.44,66.88
1213273.803,881.877,-181.902,-413.763,1032.5,-490.0,-2257.5,1249.44,-142.88,77.52
1213273.853,892.186,-193.736,-417.728,-2756.25,507.5,-70.0,1252.48,-155.04,69.92
1213273.903,884.866,-194.59,-415.227,-4558.75,910.0,306.25,1249.44,-141.36,66.88
1213273.953,892.857,-199.104,-414.373,-5136.25,2458.75,656.25,1255.52,-144.4,76.0
1213274.003,881.816,-206.241,-406.992,-3937.5,2030.0,350.0,1261.6,-156.56,66.88
1213274.053,884.073,-207.339,-402.356,-2800.0,936.25,-656.25,1263.12,-145.92,85.12
1213274.103,886.452,-206.363,-400.221,-1837.5,1776.25,-1872.5,1255.52,-141.36,60.8
1213274.153,889.563,-204.289,-398.635,-1163.75,1093.75,-2266.25,1264.64,-148.96,86.64
1213274.203,890.905,-200.385,-398.635,-927.5,1207.5,-2528.75,1241.84,-138.32,71.44
1213274.253,885.72,-199.592,-399.672,-1478.75,-131.25,-1750.0,1257.04,-136.8,82.08
1213274.303,891.698,-189.71,-401.136,-3115.0,-1242.5,-1636.25,1247.92,-130.72,92.72
1213274.353,891.515,-196.237,-399.733,-2572.5,-866.25,-1207.5,1246.4,-145.92,76.0
1213274.403,888.77,-201.422,-400.953,-2502.5,-236.25,-1443.75,1258.56,-142.88,82.08
1213274.453,890.356,-198.555,-400.953,-1776.25,-533.75,-1531.25,1241.84,-144.4,77.52
1213274.503,891.21,-200.629,-403.027,-1601.25,-717.5,-1820.0,1247.92,-150.48,80.56
1213274.553,895.968,-193.248,-404.064,-2476.25,140.0,-2467.5,1228.16,-135.28,88.16
1213274.603,887.001,-193.492,-402.112,-2642.5,-595.0,-2003.75,1250.96,-141.36,71.44
1213274.653,886.025,-192.577,-404.186,-2231.25,-1382.5,-1697.5,1260.08,-135.28,88.16
1213274.703,894.321,-192.455,-402.783,-1837.5,-43.75,-1828.75,1249.44,-147.44,72.96
1213274.753,887.794,-193.431,-402.783,-1400.0,-393.75,-1260.0,1257.04,-147.44,94.24
1213274.803,894.504,-195.322,-403.393,-490.0,-183.75,-1225.0,1237.28,-138.32,86.64
1213274.853,893.589,-191.662,-400.648,-61.25,315.0,-1233.75,1263.12,-155.04,82.08
1213274.903,891.759,-195.993,-403.088,-315.0,52.5,-673.75,1260.08,-138.32,92.72
1213274.953,890.539,-191.296,-400.892,-866.25,-743.75,-1330.0,1260.08,-136.8,88.16
1213275.003,891.637,-197.03,-397.354,-656.25,-813.75,-831.25,1255.52,-139.84,100.32
1213275.053,893.101,-200.446,-398.147,-1793.75,253.75,-1032.5,1250.96,-144.4,88.16
1213275.103,886.757,-201.605,-398.574,-1102.5,-402.5,-927.5,1255.52,-144.4,80.56
1213275.153,890.234,-200.69,-403.881,-1041.25,-665.0,-1671.25,1263.12,-148.96,95.76
1213275.203,893.833,-195.871,-400.892,-1575.0,-148.75,-1855.0,1250.96,-139.84,92.72
1213275.253,891.698,-198.128,-397.293,-1566.25,-70.0,-1190.0,1260.08,-130.72,88.16
1213275.303,890.966,-200.934,-395.463,-1032.5,227.5,-1855.0,1252.48,-155.04,77.52
1213275.353,890.966,-195.749,-393.999,-1242.5,-630.0,-2012.5,1266.16,-142.88,85.12
1213275.403,888.221,-193.797,-398.269,-2590.0,-2511.25,-1522.5,1250.96,-135.28,76.0
1213275.453,896.883,-194.224,-404.064,-2817.5,-2012.5,-1321.25,1263.12,-138.32,65.36
1213275.503,886.879,-206.485,-406.565,-1286.25,-1190.0,-2283.75,1266.16,-145.92,72.96
1213275.553,891.393,-192.455,-407.175,-78.75,-411.25,-3841.25,1252.48,-138.32,66.88
1213275.603,890.478,-184.464,-408.334,-586.25,-113.75,-1986.25,1261.6,-145.92,98.8
1213275.653,887.489,-180.438,-407.236,-770.0,-568.75,-490.0,1260.08,-136.8,71.44
1213275.703,889.197,-199.043,-404.43,-2423.75,770.0,-735.0,1269.2,-153.52,76.0
1213275.753,888.526,-197.945,-398.086,-1006.25,1085.0,-2030.0,1244.88,-136.8,83.6
1213275.803,890.966,-192.15,-396.378,262.5,236.25,-1662.5,1246.4,-124.64,79.04
1213275.853,896.212,-191.113,-398.513,-787.5,-577.5,-1330.0,1282.88,-135.28,91.2
1213275.903,893.162,-189.588,-395.951,-1793.75,-560.0,-1163.75,1257.04,-135.28,65.36
1213275.953,891.332,-195.932,-399.55,-1513.75,-1575.0,-1058.75,1258.56,-144.4,86.64
1213276.003,892.491,-194.651,-402.356,-1496.25,-1268.75,-1312.5,1250.96,-133.76,100.32
1213276.053,893.284,-191.967,-404.308,-1671.25,-1295.0,-1496.25,1260.08,-135.28,76.0
1213276.103,892.857,-194.712,-405.955,-1461.25,-761.25,-1478.75,1269.2,-135.28,85.12
1213276.153,890.417,-191.662,-402.783,-1680.0,-253.75,-1785.0,1255.52,-136.8,72.96
1213276.203,891.576,-190.259,-403.82,-971.25,-105.0,-1688.75,1264.64,-142.88,92.72
1213276.253,893.101,-189.405,-402.173,-1128.75,192.5,-1715.0,1255.52,-142.88,72.96
1213276.303,891.21,-188.734,-400.953,-1505.0,105.0,-1890.0,1264.64,-142.88,72.96
1213276.353,890.478,-190.198,-403.698,-2012.5,-323.75,-1601.25,1258.56,-150.48,71.44
1213276.403,900.97,-188.246,-403.515,-2205.0,175.0,-1793.75,1252.48,-133.76,92.72
1213276.453,894.382,-183.732,-395.402,-463.75,271.25,-1408.75,1257.04,-141.36,79.04
1213276.503,888.282,-189.832,-391.315,-1233.75,-280.0,-918.75,1247.92,-139.84,72.96
1213276.553,894.077,-191.723,-398.574,-971.25,-1898.75,-936.25,1254.0,-147.44,80.56
1213276.603,895.785,-193.858,-402.844,-1233.75,-1671.25,-805.0,1240.32,-150.48,72.96
1213276.653,890.478,-195.749,-406.443,-1898.75,-927.5,-1583.75,1244.88,-144.4,77.52
1213276.703,890.539,-192.821,-402.844,-1793.75,-918.75,-1662.5,1250.96,-141.36,80.56
1213276.753,891.942,-194.59,-404.43,-1653.75,17.5,-1697.5,1252.48,-135.28,79.04
1213276.803,892.674,-188.612,-403.332,-1575.0,140.0,-2021.25,1258.56,-150.48,82.08
1213276.853,893.528,-189.893,-405.101,-1828.75,245.0,-1750.0,1243.36,-141.36,79.04
1213276.903,886.33,-190.869,-399.184,-1190.0,-691.25,-1531.25,1263.12,-139.84,86.64
1213276.953,895.114,-187.575,-399.733,-892.5,-752.5,-1452.5,1263.12,-148.96,72.96
1213277.003,894.565,-189.832,-401.319,-1863.75,-603.75,-1111.25,1257.04,-136.8,82.08
1213277.053,893.833,-190.381,-399.794,-1557.5,-175.0,-1251.25,1258.56,-135.28,79.04
1213277.103,891.515,-189.466,-401.258,-1330.0,-210.0,-1015.0,1255.52,-135.28,77.52
1213277.153,892.796,-186.355,-403.942,-1618.75,-918.75,-1505.0,1266.16,-144.4,80.56
1213277.203,892.857,-188.795,-400.343,-332.5,393.75,-1242.5,1249.44,-141.36,95.76
1213277.253,887.977,-190.991,-396.561,-1093.75,175.0,-997.5,1264.64,-141.36,85.12
1213277.303,888.77,-191.723,-400.221,-901.25,-962.5,-840.0,1270.72,-138.32,94.24
1213277.353,892.735,-194.346,-404.43,-1155.0,-901.25,-1120.0,1267.68,-139.84,71.44
1213277.403,894.382,-189.832,-403.149,-2021.25,-332.5,-1645.0,1261.6,-141.36,82.08
1213277.453,891.881,-190.381,-399.489,-1540.0,-52.5,-1715.0,1250.96,-127.68,69.92
1213277.503,889.868,-187.331,-398.574,-2003.75,-52.5,-1575.0,1266.16,-135.28,79.04
1213277.553,897.371,-190.442,-399.611,-1942.5,105.0,-1758.75,1247.92,-142.88,66.88
1213277.603,893.467,-184.281,-401.014,-971.25,-288.75,-1540.0,1261.6,-142.88,89.68
1213277.653,893.467,-185.806,-400.16,-1356.25,-411.25,-1146.25,1249.44,-136.8,68.4
1213277.703,893.101,-190.32,-399.611,-1032.5,-367.5,-1391.25,1252.48,-144.4,92.72
1213277.753,895.724,-188.978,-401.38,-1225.0,-350.0,-1452.5,1267.68,-139.84,101.84
1213277.803,890.844,-190.503,-400.404,-1680.0,-472.5,-901.25,1243.36,-138.32,71.44
1213277.853,893.589,-196.969,-401.502,-1531.25,-717.5,-778.75,1267.68,-117.04,74.48
1213277.903,902.373,-191.357,-404.003,-2047.5,717.5,-1837.5,1266.16,-141.36,69.92
1213277.953,893.711,-190.381,-392.901,-787.5,717.5,-1723.75,1263.12,-133.76,66.88
1213278.003,891.271,-190.076,-392.84,-770.0,673.75,-1811.25,1276.8,-153.52,80.56
1213278.053,898.286,-187.331,-395.463,-1688.75,-472.5,-1303.75,1250.96,-144.4,71.44
1213278.103,896.151,-195.383,-396.561,-1338.75,-358.75,-1268.75,1270.72,-135.28,82.08
1213278.153,892.491,-188.124,-396.866,-1881.25,-568.75,-1820.0,1249.44,-139.84,80.56
1213278.203,895.236,-185.684,-396.5,-1846.25,-752.5,-1347.5,1266.16,-139.84,85.12
1213278.253,894.87,-188.734,-397.293,-1881.25,-962.5,-1426.25,1275.28,-139.84,85.12
1213278.303,895.907,-185.562,-403.21,-2012.5,-962.5,-1461.25,1254.0,-147.44,77.52
1213278.353,896.151,-187.453,-400.892,-2038.75,-647.5,-1172.5,1267.68,-153.52,82.08
1213278.403,893.772,-189.405,-398.269,-1146.25,-533.75,-1338.75,1241.84,-138.32,76.0
1213278.453,893.406,-189.466,-398.696,-726.25,-446.25,-1347.5,1266.16,-141.36,71.44
1213278.503,895.846,-188.734,-399.672,-918.75,-367.5,-1146.25,1263.12,-136.8,83.6
1213278.553,890.6,-189.344,-399.001,-1120.0,-437.5,-1242.5,1246.4,-136.8,66.88
1213278.603,890.539,-194.895,-399.245,-1443.75,-997.5,-1102.5,1255.52,-142.88,82.08
1213278.653,904.142,-190.381,-404.491,-1933.75,350.0,-1688.75,1260.08,-136.8,65.36
1213278.703,892.613,-187.209,-396.927,-971.25,603.75,-1723.75,1273.76,-155.04,72.96
1213278.753,889.868,-190.381,-393.389,-1435.0,428.75,-1575.0,1258.56,-152.0,68.4
1213278.803,893.101,-188.612,-393.511,-1303.75,-647.5,-1181.25,1266.16,-138.32,83.6
1213278.853,896.456,-191.357,-396.805,-1058.75,-927.5,-1058.75,1255.52,-141.36,65.36
1213278.903,896.212,-190.137,-398.94,-1758.75,-560.0,-1837.5,1258.56,-133.76,69.92
1213278.953,895.053,-188.246,-397.476,-1540.0,-883.75,-1426.25,1255.52,-135.28,83.6
1213279.003,894.565,-188.185,-396.256,-1828.75,-875.0,-1636.25,1252.48,-135.28,76.0
1213279.053,897.737,-182.817,-396.256,-2012.5,-1146.25,-1522.5,1269.2,-141.36,89.68
1213279.103,892.613,-186.599,-398.635,-2178.75,-1312.5,-1076.25,1252.48,-150.48,79.04
1213279.153,894.138,-185.623,-397.415,-1715.0,-1461.25,-1198.75,1260.08,-141.36,71.44
1213279.203,893.162,-187.087,-401.38,-1172.5,-1093.75,-1356.25,1269.2,-138.32,72.96
1213279.253,895.358,-185.806,-400.343,-1251.25,-1015.0,-1172.5,1257.04,-133.76,71.44
1213279.303,891.942,-188.002,-404.43,-1776.25,-1408.75,-980.0,1255.52,-129.2,97.28
1213279.353,891.698,-186.904,-405.833,-2065.0,-1015.0,-988.75,1254.0,-144.4,77.52
1213279.403,896.517,-184.708,-406.687,-2082.5,-1505.0,-1216.25,1270.72,-148.96,76.0
1213279.453,892.857,-189.1,-403.088,-778.75,-297.5,-1330.0,1263.12,-139.84,79.04
1213279.503,889.563,-186.599,-401.502,-1015.0,35.0,-1767.5,1255.52,-127.68,66.88
1213279.553,890.295,-183.61,-402.783,-1268.75,-1190.0,-1163.75,1264.64,-147.44,83.6
1213279.603,896.395,-191.906,-406.077,-1750.0,-875.0,-1032.5,1247.92,-150.48,57.76
1213279.653,891.698,-187.575,-403.942,-1925.0,-726.25,-1837.5,1241.84,-141.36,65.36
1213279.703,888.587,-185.379,-405.04,-1750.0,-857.5,-1286.25,1258.56,-138.32,85.12
1213279.753,893.284,-190.686,-405.589,-1732.5,-770.0,-1426.25,1267.68,-133.76,83.6
1213279.803,891.21,-184.281,-407.968,-1855.0,-183.75,-1828.75,1257.04,-138.32,80.56
1213279.853,889.807,-186.416,-407.175,-2056.25,-96.25,-1575.0,1264.64,-145.92,68.4
1213279.903,889.258,-188.063,-403.698,-1566.25,-297.5,-1356.25,1273.76,-148.96,69.92
1213279.953,890.356,-186.233,-401.441,-1085.0,-253.75,-1505.0,1252.48,-138.32,77.52
1213280.003,893.406,-183.732,-405.04,-1303.75,-577.5,-1330.0,1261.6,-138.32,80.56
1213280.053,892.491,-184.586,-402.417,-1732.5,-770.0,-1260.0,1257.04,-133.76,82.08
1213280.103,893.223,-188.429,-404.308,-2021.25,-866.25,-1426.25,1255.52,-130.72,68.4
1213280.153,894.077,-181.719,-406.992,-1645.0,-1373.75,-1487.5,1258.56,-139.84,82.08
1213280.203,897.249,-193.736,-405.589,-883.75,61.25,-1277.5,1252.48,-139.84,59.28
1213280.253,888.892,-186.355,-402.051,-1242.5,411.25,-1776.25,1270.72,-156.56,88.16
1213280.303,886.147,-185.806,-401.502,-892.5,-157.5,-1093.75,1247.92,-144.4,66.88
1213280.353,890.417,-188.551,-406.382,-1540.0,-866.25,-1163.75,1257.04,-144.4,68.4
1213280.403,894.199,-187.209,-406.016,-936.25,-1032.5,-1251.25,1266.16,-138.32,76.0
1213280.453,889.441,-185.074,-405.04,-2047.5,-498.75,-1277.5,1269.2,-141.36,79.04
1213280.503,889.38,-189.71,-407.48,-1610.0,-446.25,-1391.25,1269.2,-141.36,80.56
1213280.553,892.308,-186.355,-407.541,-1470.0,-201.25,-1758.75,1250.96,-130.72,66.88
1213280.603,893.711,-185.623,-403.637,-1627.5,52.5,-1478.75,1254.0,-152.0,76.0
1213280.653,892.857,-184.525,-402.539,-1531.25,-201.25,-1207.5,1252.48,-153.52,69.92
1213280.703,895.663,-185.135,-401.38,-927.5,-665.0,-1365.0,1257.04,-136.8,79.04
1213280.753,890.539,-183.488,-404.308,-1076.25,-805.0,-1190.0,1269.2,-139.84,83.6
1213280.803,891.149,-183.854,-402.173,-1548.75,-647.5,-1120.0,1252.48,-141.36,80.56
1213280.853,890.478,-184.708,-404.491,-1382.5,-323.75,-1566.25,1260.08,-142.88,79.04
1213280.903,889.807,-190.32,-404.064,-1163.75,-437.5,-1111.25,1254.0,-152.0,74.48
1213280.953,901.763,-190.991,-404.979,-1776.25,472.5,-1435.0,1266.16,-139.84,83.6
1213281.003,893.223,-187.087,-401.99,-367.5,507.5,-1382.5,1250.96,-138.32,71.44
1213281.053,886.269,-186.721,-396.012,-910.0,-122.5,-1321.25,1266.16,-132.24,69.92
1213281.103,890.6,-184.098,-399.733,-1496.25,-1295.0,-796.25,1260.08,-142.88,88.16
1213281.153,893.711,-191.662,-404.491,-1496.25,-883.75,-1198.75,1250.96,-139.84,82.08
1213281.203,892.735,-184.708,-405.345,-2196.25,-472.5,-1548.75,1270.72,-135.28,79.04
1213281.253,889.746,-189.161,-405.833,-1697.5,-568.75,-1277.5,1247.92,-141.36,79.04
1213281.303,892.43,-183.732,-406.687,-1487.5,17.5,-1688.75,1247.92,-120.08,69.92
1213281.353,895.724,-182.695,-409.31,-1295.0,402.5,-1505.0,1267.68,-138.32,71.44
1213281.403,890.905,-184.586,-402.051,-1102.5,-446.25,-840.0,1249.44,-133.76,79.04
1213281.453,893.772,-187.819,-401.685,-700.0,-612.5,-875.0,1266.16,-136.8,80.56
1213281.503,892.125,-185.379,-401.014,-481.25,-516.25,-962.5,1257.04,-139.84,83.6
1213281.553,895.297,-186.965,-403.637,-1373.75,-306.25,-1120.0,1264.64,-133.76,77.52
1213281.603,893.345,-190.625,-403.637,-1610.0,621.25,-1321.25,1258.56,-142.88,83.6
1213281.653,888.77,-193.736,-401.136,-630.0,183.75,-1242.5,1261.6,-138.32,74.48
1213281.703,895.663,-182.146,-402.722,-945.0,-568.75,-1172.5,1270.72,-139.84,69.92
1213281.753,893.101,-188.795,-397.171,-603.75,-183.75,-717.5,1252.48,-139.84,74.48
1213281.803,889.685,-190.808,-393.999,-1102.5,-297.5,-1321.25,1267.68,-139.84,92.72
1213281.853,892.003,-189.039,-400.953,-1338.75,-1093.75,-796.25,1255.52,-144.4,77.52
1213281.903,894.199,-192.577,-404.247,-1758.75,-1216.25,-1251.25,1266.16,-138.32,80.56
1213281.953,893.04,-188.246,-399.916,-1907.5,-113.75,-1942.5,1269.2,-142.88,72.96
1213282.003,891.21,-190.198,-400.831,-1942.5,-96.25,-1426.25,1254.0,-132.24,66.88
1213282.053,890.6,-190.747,-403.088,-1846.25,-262.5,-1592.5,1247.92,-150.48,85.12
1213282.103,895.053,-186.172,-403.576,-1706.25,-122.5,-1435.0,1258.56,-133.76,66.88
1213282.153,892.735,-186.66,-402.478,-1916.25,87.5,-1575.0,1266.16,-132.24,72.96
1213282.203,891.759,-188.734,-400.404,-1365.0,498.75,-1566.25,1261.6,-138.32,88.16
1213282.253,892.674,-186.66,-399.001,-1540.0,332.5,-1382.5,1261.6,-156.56,79.04
1213282.303,893.955,-185.806,-399.062,-1645.0,140.0,-1277.5,1269.2,-135.28,76.0
1213282.353,893.955,-186.355,-397.72,-1566.25,-140.0,-1347.5,1263.12,-130.72,76.0
1213282.403,892.796,-182.512,-399.916,-1785.0,-612.5,-1303.75,1270.72,-141.36,79.04
1213282.453,895.541,-184.83,-397.476,-1102.5,-1146.25,-1032.5,1257.04,-132.24,63.84
1213282.503,899.75,-190.015,-398.818,-1750.0,8.75,-1067.5,1257.04,-142.88,77.52
1213282.553,896.944,-186.843,-396.256,-1688.75,332.5,-1452.5,1267.68,-142.88,71.44
1213282.603,888.892,-192.638,-392.962,-945.0,-612.5,-962.5,1267.68,-136.8,92.72
1213282.653,900.421,-190.564,-402.783,-1566.25,-1023.75,-1260.0,1279.84,-144.4,88.16
1213282.703,895.114,-187.636,-401.319,-1181.25,-883.75,-1706.25,1276.8,-136.8,77.52
1213282.753,890.6,-187.636,-397.049,-1890.0,-595.0,-1618.75,1261.6,-135.28,71.44
1213282.803,895.419,-185.318,-399.733,-2187.5,-341.25,-1417.5,1270.72,-130.72,86.64
1213282.853,895.297,-187.819,-397.842,-1890.0,-332.5,-1636.25,1281.36,-141.36,85.12
1213282.903,895.602,-184.403,-398.818,-1977.5,-157.5,-1566.25,1266.16,-142.88,72.96
1213282.953,896.517,-186.721,-397.232,-1811.25,-315.0,-1216.25,1275.28,-144.4,86.64
1213283.003,896.578,-187.087,-395.524,-1391.25,-306.25,-1356.25,1275.28,-135.28,86.64
1213283.053,894.87,-185.196,-396.927,-1741.25,-778.75,-997.5,1267.68,-130.72,63.84
1213283.103,895.907,-185.196,-398.086,-1688.75,-831.25,-883.75,1275.28,-148.96,79.04
1213283.153,890.173,-188.917,-399.55,-2012.5,-743.75,-1321.25,1264.64,-132.24,56.24
1213283.203,894.687,-186.538,-400.221,-2108.75,-577.5,-1408.75,1270.72,-147.44,72.96
1213283.253,896.944,-184.403,-399.794,-1907.5,-866.25,-1618.75,1261.6,-144.4,72.96
1213283.303,894.931,-191.235,-399.306,-726.25,26.25,-1715.0,1263.12,-141.36,69.92
1213283.353,891.271,-179.645,-395.585,-2528.75,288.75,-1295.0,1272.24,-142.88,94.24
1213283.403,891.637,-184.098,-395.585,-2887.5,-568.75,-463.75,1254.0,-141.36,60.8
1213283.453,897.493,-194.834,-402.6,-2301.25,-962.5,-1277.5,1275.28,-135.28,82.08
1213283.503,893.162,-184.464,-401.075,-1688.75,-428.75,-2021.25,1247.92,-136.8,53.2
1213283.553,893.284,-180.133,-401.075,-1575.0,-490.0,-1566.25,1264.64,-127.68,80.56
1213283.603,891.881,-186.904,-399.55,-1723.75,-105.0,-1163.75,1257.04,-130.72,74.48
1213283.653,895.541,-188.49,-400.831,-542.5,-533.75,-2047.5,1267.68,-129.2,71.44
1213283.703,892.979,-181.963,-400.282,-175.0,-1076.25,-1680.0,1258.56,-139.84,77.52
1213283.753,900.726,-175.619,-402.417,-962.5,-577.5,-945.0,1258.56,-129.2,71.44
1213283.803,896.273,-185.989,-400.892,-1837.5,455.0,-822.5,1264.64,-141.36,85.12
1213283.853,893.711,-187.087,-397.476,-665.0,-367.5,-1610.0,1258.56,-135.28,72.96
1213283.903,895.236,-182.329,-400.221,-472.5,-533.75,-1356.25,1272.24,-135.28,97.28
1213283.953,894.87,-185.074,-399.245,-1277.5,-148.75,-980.0,1264.64,-130.72,68.4
1213284.003,892.369,-187.087,-398.086,-1758.75,-96.25,-1128.75,1267.68,-138.32,80.56
1213284.053,898.835,-184.403,-399.306,-1610.0,-778.75,-1505.0,1264.64,-135.28,79.04
1213284.103,894.016,-189.466,-398.574,-1058.75,78.75,-1163.75,1254.0,-141.36,66.88
1213284.153,889.319,-186.721,-394.182,-1513.75,-297.5,-1750.0,1270.72,-139.84,91.2
1213284.203,893.955,-190.869,-398.147,-1540.0,-1120.0,-1277.5,1249.44,-150.48,82.08
1213284.253,895.236,-187.758,-401.258,-1522.5,-1076.25,-1417.5,1272.24,-147.44,82.08
1213284.303,893.528,-184.22,-400.099,-1706.25,-735.0,-1907.5,1267.68,-147.44,92.72
1213284.353,894.87,-182.268,-401.38,-1522.5,-1146.25,-1671.25,1273.76,-141.36,69.92
1213284.403,896.334,-183.427,-400.526,-1312.5,70.0,-1102.5,1270.72,-142.88,86.64
1213284.453,893.894,-187.209,-398.635,-1137.5,-8.75,-1575.0,1263.12,-144.4,60.8
1213284.503,892.43,-183.244,-399.245,-1645.0,-1041.25,-1776.25,1273.76,-132.24,85.12
1213284.553,896.822,-181.475,-399.855,-1898.75,-560.0,-1023.75,1266.16,-135.28,60.8
1213284.603,899.872,-173.057,-405.711,-3123.75,43.75,-647.5,1269.2,-141.36,83.6
1213284.653,897.066,-180.011,-396.012,-7630.0,2100.0,437.5,1269.2,-138.32,80.56
1213284.703,896.029,-174.582,-397.232,-8470.0,1540.0,481.25,1275.28,-142.88,85.12
1213284.753,894.199,-167.994,-397.354,-14175.0,2546.25,4847.5,1266.16,-138.32,72.96
1213284.803,886.818,-198.372,-396.927,-12696.25,1793.75,5740.0,1257.04,-147.44,79.04
1213284.853,898.53,-191.784,-400.892,-11130.0,1181.25,3421.25,1270.72,-124.64,98.8
1213284.903,895.358,-187.27,-395.829,-9520.0,1881.25,2721.25,1264.64,-135.28,62.32
1213284.953,887.611,-192.516,-391.986,-8715.0,1496.25,1881.25,1273.76,-139.84,80.56
1213285.003,902.861,-175.131,-401.441,-9441.25,2222.5,2222.5,1263.12,-132.24,76.0
1213285.053,896.334,-178.486,-401.197,-11497.5,3115.0,3648.75,1264.64,-135.28,72.96
1213285.103,890.112,-179.218,-397.964,-13615.0,4305.0,3998.75,1273.76,-144.4,94.24
1213285.153,888.77,-190.442,-395.524,-13072.5,2406.25,3981.25,1269.2,-120.08,83.6
1213285.203,899.506,-188.429,-399.611,-12398.75,2966.25,3036.25,1276.8,-139.84,92.72
1213285.253,896.151,-182.634,-395.097,-12320.0,3596.25,2581.25,1269.2,-139.84,80.56
1213285.303,895.053,-190.015,-392.901,-11427.5,3290.0,2283.75,1281.36,-138.32,91.2
1213285.353,899.567,-184.403,-388.021,-10062.5,3115.0,1531.25,1270.72,-139.84,97.28
1213285.403,892.552,-188.368,-385.093,-8750.0,1618.75,1076.25,1263.12,-145.92,80.56
1213285.453,901.946,-185.745,-389.18,-6781.25,402.5,630.0,1282.88,-136.8,106.4
1213285.503,896.151,-183.732,-388.082,-5713.75,-533.75,-516.25,1263.12,-130.72,109.44
1213285.553,892.979,-180.804,-388.509,-3832.5,-2642.5,-498.75,1284.4,-136.8,100.32
1213285.603,906.216,-180.438,-395.28,-3648.75,-1470.0,-778.75,1269.2,-132.24,104.88
1213285.653,898.835,-177.876,-395.463,-2738.75,-245.0,-131.25,1269.2,-141.36,91.2
1213285.703,893.04,-186.599,-391.925,-2563.75,-945.0,-708.75,1278.32,-144.4,100.32
1213285.753,897.188,-182.634,-397.049,-2222.5,-1653.75,-1041.25,1279.84,-130.72,94.24
1213285.803,894.87,-180.743,-401.38,-1190.0,-2362.5,-1128.75,1275.28,-136.8,103.36
1213285.853,897.737,-178.486,-401.807,-2231.25,-1627.5,-743.75,1275.28,-123.12,80.56
1213285.903,897.676,-188.673,-401.258,-1505.0,-157.5,-1181.25,1288.96,-130.72,95.76
1213285.953,895.053,-181.475,-400.343,-542.5,-113.75,-2240.0,1267.68,-139.84,86.64
1213286.003,895.358,-175.924,-397.659,-2257.5,-647.5,-980.0,1281.36,-141.36,94.24
1213286.053,898.957,-182.39,-398.879,-2187.5,-875.0,-1198.75,1273.76,-132.24,86.64
1213286.103,899.567,-178.059,-395.219,-2318.75,131.25,-1251.25,1267.68,-126.16,95.76
1213286.153,890.6,-178.303,-395.097,-3141.25,-1995.0,70.0,1273.76,-141.36,103.36
1213286.203,895.602,-186.904,-401.136,-2633.75,-1732.5,-428.75,1269.2,-139.84,91.2
1213286.253,893.772,-182.085,-404.125,-533.75,-918.75,-1155.0,1288.96,-135.28,101.84
1213286.303,902.983,-178.547,-405.711,-2073.75,-752.5,-1391.25,1260.08,-139.84,91.2
1213286.353,887.733,-184.769,-398.025,-1715.0,271.25,-1373.75,1275.28,-142.88,97.28
1213286.403,888.465,-181.536,-401.197,-1785.0,-1977.5,-2038.75,1273.76,-147.44,94.24
1213286.453,895.968,-173.484,-406.748,-2441.25,-1837.5,-1277.5,1269.2,-129.2,82.08
1213286.503,893.833,-189.954,-409.493,-2021.25,-218.75,-1032.5,1272.24,-124.64,98.8
1213286.553,893.162,-179.523,-406.992,-1286.25,122.5,-2222.5,1257.04,-129.2,89.68
1213286.603,895.175,-172.02,-402.661,-1268.75,1242.5,-1382.5,1269.2,-135.28,101.84
1213286.653,889.319,-180.011,-400.648,-1785.0,682.5,-1093.75,1263.12,-141.36,91.2
1213286.703,898.225,-177.266,-399.672,-1688.75,-43.75,-1627.5,1270.72,-138.32,101.84
1213286.753,897.798,-176.046,-402.112,-1723.75,-647.5,-1146.25,1269.2,-136.8,79.04
1213286.803,898.469,-178.181,-397.659,-1706.25,542.5,-1513.75,1278.32,-142.88,107.92
1213286.853,895.48,-177.876,-397.72,-778.75,612.5,-1435.0,1273.76,-132.24,103.36
1213286.903,897.31,-173.728,-399.611,-1128.75,551.25,-1111.25,1282.88,-129.2,98.8
1213286.953,894.626,-184.159,-399.672,-630.0,-78.75,-1120.0,1272.24,-132.24,89.68
1213287.003,892.552,-175.497,-395.768,-1190.0,-1977.5,-1373.75,1272.24,-130.72,91.2
1213287.053,900.848,-180.987,-401.258,-1522.5,96.25,-927.5,1272.24,-138.32,100.32
1213287.103,893.894,-186.416,-390.339,-1636.25,857.5,-1321.25,1269.2,-123.12,104.88
1213287.153,901.275,-182.695,-394.06,-481.25,96.25,-1811.25,1276.8,-130.72,107.92
1213287.203,892.369,-177.083,-396.439,-1400.0,-1085.0,-1198.75,1273.76,-127.68,88.16
1213287.253,897.371,-180.56,-398.696,-1583.75,-1758.75,-1487.5,1292.0,-133.76,103.36
1213287.303,896.517,-176.229,-399.916,-1872.5,-691.25,-2038.75,1269.2,-121.6,83.6
1213287.353,898.469,-174.46,-404.003,-2528.75,-323.75,-1706.25,1266.16,-135.28,115.52
1213287.403,893.589,-172.996,-397.72,-2476.25,-446.25,-1312.5,1267.68,-138.32,88.16
1213287.453,901.214,-178.913,-399.977,-1496.25,210.0,-1268.75,1273.76,-129.2,98.8
1213287.503,897.615,-178.486,-396.683,-568.75,315.0,-1067.5,1260.08,-133.76,89.68
1213287.553,899.201,-175.924,-392.718,-936.25,-113.75,-1513.75,1273.76,-133.76,107.92
1213287.603,891.149,-172.569,-393.023,-1566.25,-857.5,-1128.75,1273.76,-136.8,114.0
1213287.653,903.166,-177.022,-399.489,-2275.0,-1435.0,-1067.5,1263.12,-121.6,100.32
1213287.703,898.713,-175.314,-397.842,-2511.25,-463.75,-717.5,1276.8,-130.72,94.24
1213287.753,899.872,-180.621,-400.343,-1557.5,-61.25,-1190.0,1270.72,-139.84,97.28
1213287.803,897.92,-179.096,-396.561,-1373.75,857.5,-1487.5,1278.32,-138.32,106.4
1213287.853,892.247,-177.571,-392.596,-1968.75,787.5,-1102.5,1266.16,-135.28,95.76
1213287.903,893.284,-179.828,-396.744,-1251.25,-1312.5,-1277.5,1282.88,-138.32,106.4
1213287.953,897.92,-179.035,-399.794,-1513.75,-1391.25,-2073.75,1263.12,-126.16,97.28
1213288.003,899.689,-172.447,-400.892,-1400.0,8.75,-1811.25,1261.6,-141.36,100.32
1213288.053,894.26,-175.741,-395.646,-1671.25,647.5,-1741.25,1260.08,-130.72,106.4
1213288.103,902.129,-172.386,-393.938,-1592.5,743.75,-1137.5,1281.36,-126.16,97.28
1213288.153,894.26,-176.839,-390.278,-1592.5,428.75,-813.75,1273.76,-133.76,103.36
1213288.203,902.068,-176.717,-393.023,-1365.0,-831.25,-1513.75,1267.68,-130.72,106.4
1213288.253,896.639,-175.863,-395.585,-1881.25,-700.0,-910.0,1281.36,-129.2,115.52
1213288.303,895.419,-182.512,-396.5,-1636.25,-1032.5,-630.0,1269.2,-135.28,97.28
1213288.353,903.654,-179.279,-395.28,-1041.25,227.5,-1513.75,1278.32,-136.8,95.76
1213288.403,898.53,-177.449,-398.086,-1067.5,385.0,-1583.75,1269.2,-129.2,118.56
1213288.453,897.31,-179.401,-395.89,-2441.25,-831.25,-1837.5,1290.48,-127.68,98.8
1213288.503,893.528,-182.329,-397.11,-1058.75,-1076.25,-1566.25,1263.12,-139.84,89.68
1213288.553,904.63,-176.9,-399.184,-1942.5,411.25,-1645.0,1269.2,-133.76,109.44
1213288.603,896.151,-179.401,-388.875,-2056.25,78.75,-1286.25,1276.8,-147.44,101.84
1213288.653,895.358,-179.889,-388.021,-656.25,262.5,-1741.25,1281.36,-130.72,103.36
1213288.703,906.155,-178.913,-392.23,-910.0,-621.25,-1216.25,1287.44,-138.32,107.92
1213288.753,903.044,-178.425,-394.426,-1225.0,525.0,-1653.75,1263.12,-135.28,101.84
1213288.803,888.038,-170.739,-389.363,-2493.75,-1583.75,-2003.75,1282.88,-127.68,103.36
1213288.853,900.543,-171.349,-398.269,-2633.75,-1330.0,-1496.25,1273.76,-132.24,82.08
1213288.903,896.273,-173.057,-398.147,-2143.75,-525.0,-1382.5,1276.8,-133.76,104.88
1213288.953,900.177,-174.521,-399.428,-1452.5,490.0,-1741.25,1267.68,-145.92,97.28
1213289.003,900.604,-167.811,-393.206,-1452.5,988.75,-1443.75,1284.4,-130.72,114.0
1213289.053,900.421,-176.9,-389.79,-1487.5,603.75,-901.25,1273.76,-126.16,86.64
1213289.103,898.225,-175.985,-386.435,-980.0,446.25,-1636.25,1296.56,-130.72,104.88
1213289.153,903.837,-174.155,-395.341,-1041.25,-1636.25,-1146.25,1279.84,-139.84,109.44
1213289.203,906.399,-173.24,-394.06,-892.5,-113.75,-1977.5,1279.84,-132.24,98.8
1213289.253,897.31,-171.837,-390.156,-2161.25,-402.5,-533.75,1292.0,-141.36,103.36
1213289.303,904.508,-183.671,-386.923,-2196.25,743.75,-1128.75,1275.28,-132.24,88.16
1213289.353,899.14,-180.194,-386.069,533.75,-8.75,-1487.5,1278.32,-130.72,115.52
1213289.403,892.735,-169.702,-384.422,-857.5,-857.5,-1163.75,1263.12,-129.2,88.16
1213289.453,897.371,-172.691,-391.986,-2476.25,-2126.25,-183.75,1276.8,-127.68,101.84
1213289.503,914.39,-179.889,-395.402,-1207.5,-726.25,-1557.5,1278.32,-136.8,85.12
1213289.553,890.295,-168.238,-392.596,-1627.5,-105.0,-1233.75,1278.32,-126.16,120.08
1213289.603,905.606,-178.242,-395.646,-1093.75,-350.0,-612.5,1270.72,-139.84,107.92
1213289.653,895.236,-181.536,-389.973,-1268.75,-621.25,-1155.0,1287.44,-132.24,98.8
1213289.703,904.02,-173.789,-396.5,-778.75,-1216.25,-2441.25,1270.72,-129.2,101.84
1213289.753,899.994,-170.983,-399.306,-2852.5,-43.75,-953.75,1275.28,-141.36,82.08
1213289.803,898.042,-179.096,-391.254,-2747.5,-1548.75,-980.0,1290.48,-129.2,98.8
1213289.853,896.09,-174.643,-390.644,-472.5,525.0,-1207.5,1261.6,-130.72,94.24
1213289.903,898.896,-177.022,-391.559,-463.75,-673.75,-700.0,1279.84,-141.36,106.4
1213289.953,900.726,-176.656,-389.668,-1846.25,-166.25,-1583.75,1264.64,-138.32,95.76
1213290.003,885.781,-179.035,-387.96,-1837.5,-2108.75,-1400.0,1281.36,-129.2,95.76
1213290.053,909.998,-174.643,-399.916,-2038.75,-901.25,-1662.5,1263.12,-133.76,95.76
1213290.103,896.944,-176.29,-394.487,-1968.75,376.25,-1155.0,1255.52,-126.16,104.88
1213290.153,897.859,-179.035,-390.827,-673.75,761.25,-1706.25,1260.08,-132.24,95.76
1213290.203,904.874,-165.554,-392.84,-1758.75,1076.25,-1015.0,1276.8,-142.88,97.28
1213290.253,892.857,-177.937,-387.96,-1986.25,-507.5,-437.5,1266.16,-147.44,104.88
1213290.303,897.249,-179.401,-392.474,-726.25,-2213.75,-1032.5,1272.24,-132.24,104.88
1213290.353,903.715,-174.338,-393.084,-1128.75,-805.0,-910.0,1281.36,-130.72,127.68
1213290.403,896.029,-181.109,-396.744,-1102.5,227.5,-2003.75,1273.76,-133.76,97.28
1213290.453,906.765,-173.484,-395.524,-1461.25,910.0,-1706.25,1279.84,-129.2,104.88
1213290.503,894.809,-174.277,-388.997,-1881.25,700.0,-1671.25,1276.8,-133.76,94.24
1213290.553,894.992,-175.619,-391.01,-2205.0,-288.75,-1426.25,1288.96,-133.76,106.4
1213290.603,905.301,-177.937,-392.291,-1566.25,-140.0,-1295.0,1257.04,-133.76,100.32
1213290.653,900.238,-173.728,-385.642,-1890.0,1207.5,-1872.5,1278.32,-133.76,106.4
1213290.703,898.347,-174.765,-384.666,-2065.0,166.25,-1645.0,1276.8,-136.8,97.28
1213290.753,909.327,-173.545,-383.324,-2476.25,761.25,-2240.0,1272.24,-117.04,98.8
1213290.803,902.129,-167.628,-379.725,-1286.25,-122.5,-1855.0,1278.32,-129.2,112.48
1213290.8531,897.31,-167.75,-377.041,-1802.5,-1225.0,-1855.0,1292.0,-118.56,94.24
1213290.903,903.105,-168.055,-389.851,-2275.0,-2747.5,-1146.25,1266.16,-126.16,115.52
1213290.953,903.715,-176.778,-393.877,-1575.0,-3053.75,-1373.75,1258.56,-138.32,100.32
1213291.003,898.469,-167.872,-395.158,-1085.0,-3290.0,-2126.25,1273.76,-121.6,97.28
1213291.053,893.04,-175.314,-397.476,-105.0,-3412.5,-2747.5,1263.12,-124.64,98.8
1213291.103,897.127,-168.238,-402.356,857.5,-3430.0,-3211.25,1276.8,-139.84,103.36
1213291.153,898.469,-175.314,-400.16,1916.25,-2843.75,-3937.5,1258.56,-126.16,117.04
1213291.203,886.574,-185.562,-395.036,4970.0,-5005.0,-5328.75,1269.2,-135.28,95.76
1213291.253,892.796,-177.449,-401.746,9493.75,-6597.5,-7813.75,1267.68,-135.28,104.88
1213291.303,894.687,-172.569,-405.101,11585.0,-7490.0,-8715.0,1260.08,-130.72,83.6
1213291.353,895.358,-161.528,-408.578,12766.25,-6606.25,-8653.75,1270.72,-132.24,91.2
1213291.403,889.807,-155.123,-411.75,12118.75,-6431.25,-7630.0,1266.16,-123.12,76.0
1213291.453,884.012,-161.162,-416.447,11208.75,-7026.25,-5398.75,1273.76,-127.68,92.72
1213291.503,894.26,-159.332,-422.608,9686.25,-6536.25,-4760.0,1257.04,-129.2,79.04
1213291.553,889.563,-168.238,-419.436,9581.25,-5923.75,-4506.25,1254.0,-120.08,107.92
1213291.603,879.681,-173.24,-422.852,9852.5,-6807.5,-4681.25,1260.08,-118.56,66.88
1213291.653,883.951,-180.072,-429.623,10473.75,-7315.0,-5766.25,1263.12,-135.28,89.68
1213291.703,885.537,-171.227,-432.734,10561.25,-5250.0,-5871.25,1258.56,-129.2,76.0
1213291.753,886.574,-154.94,-438.773,8513.75,-3797.5,-4497.5,1273.76,-132.24,85.12
1213291.803,886.391,-159.881,-437.858,3981.25,-560.0,-1723.75,1250.96,-121.6,57.76
1213291.853,877.546,-166.225,-433.832,1242.5,-262.5,-1058.75,1250.96,-126.16,65.36
1213291.903,878.461,-175.802,-435.357,-857.5,-437.5,-586.25,1244.88,-139.84,71.44
1213291.953,883.097,-181.109,-432.429,-1513.75,-26.25,-988.75,1247.92,-133.76,85.12
1213292.003,882.182,-178.852,-430.538,-673.75,577.5,-1636.25,1257.04,-135.28,80.56
1213292.053,874.313,-175.558,-428.098,-822.5,201.25,-752.5,1249.44,-138.32,66.88
1213292.103,880.169,-178.669,-426.878,-1627.5,-140.0,-857.5,1264.64,-141.36,66.88
1213292.153,881.755,-183.793,-425.048,-1741.25,-481.25,-822.5,1254.0,-139.84,63.84
1213292.203,887.184,-174.887,-428.952,-2476.25,-761.25,-1286.25,1267.68,-135.28,69.92
1213292.253,878.705,-178.425,-426.512,-1828.75,175.0,-1198.75,1247.92,-142.88,57.76
1213292.303,876.692,-181.231,-422.73,-2012.5,-1015.0,-962.5,1250.96,-142.88,72.96
1213292.353,885.049,-177.51,-431.026,-2108.75,-1242.5,-761.25,1247.92,-126.16,53.2
1213292.403,881.145,-181.414,-430.111,-1706.25,-700.0,-892.5,1249.44,-135.28,77.52
1213292.453,881.999,-177.815,-430.294,-2310.0,-192.5,-1417.5,1247.92,-124.64,60.8
1213292.503,879.742,-175.863,-427.854,-2213.75,-420.0,-953.75,1254.0,-139.84,71.44
1213292.553,882.304,-180.377,-429.44,-2747.5,-603.75,-691.25,1255.52,-130.72,65.36
1213292.603,881.328,-178.12,-431.819,-2756.25,-875.0,-1338.75,1267.68,-121.6,83.6
1213292.653,882.792,-176.351,-433.1,-2231.25,-612.5,-1251.25,1257.04,-135.28,66.88
1213292.703,882.06,-179.706,-434.991,-1881.25,96.25,-1373.75,1258.56,-129.2,72.96
1213292.753,882.182,-175.07,-428.464,-1417.5,761.25,-1365.0,1250.96,-127.68,65.36
1213292.803,881.511,-179.34,-426.085,-1408.75,700.0,-1102.5,1255.52,-135.28,65.36
1213292.853,885.11,-175.497,-427.793,-2021.25,-586.25,-1601.25,1254.0,-133.76,76.0
1213292.903,885.72,-178.181,-425.109,-1583.75,551.25,-1566.25,1247.92,-124.64,59.28
1213292.953,880.169,-174.704,-424.804,-1995.0,323.75,-708.75,1260.08,-127.68,69.92
1213293.003,883.28,-177.083,-427.488,-2117.5,-297.5,-1041.25,1244.88,-127.68,59.28
1213293.053,883.158,-180.56,-429.867,-2301.25,-332.5,-1050.0,1260.08,-130.72,82.08
1213293.103,883.646,-175.741,-427.244,-2012.5,-201.25,-1207.5,1246.4,-132.24,69.92
1213293.153,883.89,-178.364,-425.719,-1881.25,-140.0,-1365.0,1261.6,-138.32,80.56
1213293.203,881.328,-176.351,-426.085,-1583.75,96.25,-1338.75,1238.8,-141.36,74.48
1213293.253,885.476,-176.229,-427.366,-1741.25,-218.75,-1190.0,1272.24,-135.28,79.04
1213293.303,885.354,-176.595,-429.623,-1627.5,367.5,-1461.25,1246.4,-135.28,68.4
1213293.353,884.073,-174.094,-422.669,-1216.25,-140.0,-1356.25,1260.08,-118.56,63.84
1213293.403,885.476,-173.545,-422.608,-1347.5,-131.25,-1190.0,1246.4,-135.28,76.0
1213293.453,884.378,-176.29,-423.34,-1356.25,-131.25,-1155.0,1252.48,-130.72,82.08
1213293.503,885.842,-179.34,-424.743,-1146.25,-105.0,-1330.0,1275.28,-132.24,68.4
1213293.553,890.722,-174.155,-427.488,-2056.25,-612.5,-1461.25,1263.12,-142.88,60.8
1213293.603,882.731,-180.316,-424.987,-1373.75,140.0,-971.25,1257.04,-129.2,88.16
1213293.653,881.877,-179.279,-421.144,-1155.0,271.25,-1321.25,1255.52,-123.12,71.44
1213293.7031,878.461,-175.863,-422.181,-1102.5,-586.25,-901.25,1238.8,-130.72,68.4
1213293.753,885.232,-178.913,-425.414,-1653.75,-997.5,-831.25,1255.52,-129.2,76.0
1213293.803,883.768,-178.12,-426.817,-1933.75,-297.5,-1522.5,1267.68,-130.72,79.04
1213293.853,885.659,-179.95,-427.366,-1688.75,-87.5,-1286.25,1247.92,-129.2,68.4
1213293.903,884.073,-180.499,-426.207,-1986.25,280.0,-1487.5,1266.16,-150.48,85.12
1213293.953,882.182,-179.645,-422.852,-1776.25,315.0,-1470.0,1255.52,-132.24,77.52
1213294.003,884.256,-174.155,-423.157,-1645.0,358.75,-1548.75,1246.4,-129.2,79.04
1213294.053,885.232,-175.192,-423.889,-1645.0,-8.75,-1417.5,1237.28,-132.24,88.16
1213294.103,884.256,-175.314,-420.046,-1601.25,157.5,-1452.5,1260.08,-138.32,83.6
1213294.153,884.988,-176.656,-420.961,-1636.25,8.75,-1268.75,1266.16,-135.28,88.16
1213294.203,889.99,-177.022,-422.242,-2222.5,-262.5,-1268.75,1263.12,-126.16,91.2
1213294.253,887.855,-175.07,-423.889,-1540.0,-813.75,-1688.75,1263.12,-130.72,79.04
1213294.303,884.256,-179.767,-420.168,-1618.75,-52.5,-1592.5,1241.84,-126.16,74.48
1213294.353,884.866,-174.094,-418.033,-2003.75,78.75,-1811.25,1267.68,-144.4,86.64
1213294.403,881.877,-178.364,-421.998,-883.75,-533.75,-1583.75,1241.84,-118.56,83.6
1213294.453,892.125,-175.314,-422.181,-936.25,-253.75,-2205.0,1258.56,-127.68,80.56
1213294.503,885.903,-172.813,-421.998,-778.75,-113.75,-1741.25,1250.96,-132.24,76.0
1213294.553,885.11,-175.802,-415.593,-1496.25,26.25,-1951.25,1257.04,-129.2,79.04
1213294.603,886.452,-170.373,-417.545,-1820.0,183.75,-1531.25,1238.8,-129.2,77.52
1213294.6531,889.075,-174.399,-417.789,-1557.5,0.0,-1452.5,1257.04,-120.08,95.76
1213294.703,885.415,-173.484,-416.996,-1330.0,-245.0,-1741.25,1238.8,-130.72,80.56
1213294.753,886.513,-169.702,-418.277,-1260.0,-787.5,-1443.75,1252.48,-124.64,72.96
1213294.803,888.16,-173.85,-421.388,-901.25,-735.0,-1155.0,1255.52,-132.24,77.52
1213294.853,883.646,-174.277,-420.168,-997.5,-411.25,-1251.25,1250.96,-144.4,86.64
1213294.903,885.476,-176.229,-420.534,-1260.0,-743.75,-1076.25,1255.52,-139.84,82.08
1213294.953,888.221,-177.144,-420.534,-1723.75,-525.0,-1277.5,1257.04,-118.56,71.44
1213295.003,883.951,-182.756,-423.096,-603.75,-507.5,-1076.25,1267.68,-123.12,83.6
1213295.053,897.737,-180.438,-421.388,-1093.75,1146.25,-2073.75,1231.2,-127.68,76.0
1213295.103,883.646,-169.702,-414.861,-1470.0,647.5,-1846.25,1267.68,-129.2,86.64
1213295.153,883.89,-174.46,-415.41,-2073.75,-673.75,-1251.25,1244.88,-132.24,71.44
1213295.203,890.905,-175.253,-420.961,-2073.75,-341.25,-1776.25,1246.4,-132.24,88.16
1213295.253,885.049,-175.619,-412.482,-1671.25,-525.0,-1286.25,1257.04,-132.24,77.52
1213295.303,886.025,-173.484,-417.057,-2353.75,-568.75,-1671.25,1267.68,-139.84,91.2
1213295.353,885.537,-168.665,-420.473,-2406.25,-411.25,-1645.0,1250.96,-139.84,71.44
1213295.403,886.269,-169.214,-419.741,-2502.5,-332.5,-936.25,1250.96,-132.24,77.52
1213295.453,886.269,-175.619,-419.07,-1426.25,-288.75,-1251.25,1252.48,-132.24,85.12
1213295.503,889.746,-169.214,-420.229,-778.75,-253.75,-1618.75,1260.08,-126.16,94.24
1213295.553,887.55,-168.543,-418.033,-1076.25,-131.25,-1163.75,1252.48,-127.68,82.08
1213295.603,888.831,-174.094,-416.447,-980.0,-245.0,-1260.0,1272.24,-133.76,76.0
1213295.653,889.563,-173.545,-417.484,-1391.25,-428.75,-1470.0,1247.92,-133.76,69.92
1213295.703,886.33,-172.996,-416.386,-787.5,-568.75,-927.5,1261.6,-126.16,71.44
1213295.753,896.578,-180.682,-417.484,-1303.75,306.25,-1338.75,1247.92,-129.2,91.2
1213295.803,885.842,-172.996,-413.336,-1146.25,8.75,-1627.5,1250.96,-138.32,82.08
1213295.853,886.025,-174.643,-415.471,-1575.0,-1330.0,-1102.5,1266.16,-130.72,82.08
1213295.903,892.064,-175.619,-419.802,-1986.25,-1312.5,-1347.5,1249.44,-136.8,92.72
1213295.953,887.794,-175.131,-420.412,-1758.75,-1111.25,-1592.5,1257.04,-135.28,82.08
1213296.003,882.914,-170.129,-419.375,-2397.5,-1015.0,-1732.5,1257.04,-135.28,80.56
1213296.053,888.709,-167.994,-423.828,-2397.5,-542.5,-1443.75,1258.56,-133.76,92.72
1213296.103,884.683,-168.848,-421.937,-2406.25,-306.25,-1172.5,1244.88,-118.56,72.96
1213296.153,886.391,-170.556,-421.876,-1872.5,-367.5,-1365.0,1261.6,-127.68,89.68
1213296.203,888.892,-164.517,-421.022,-1767.5,-17.5,-1286.25,1240.32,-135.28,68.4
1213296.253,885.842,-164.822,-421.754,-1942.5,-157.5,-630.0,1257.04,-133.76,86.64
1213296.303,888.099,-168.848,-420.473,-1601.25,-542.5,-1041.25,1247.92,-135.28,83.6
1213296.353,892.247,-168.665,-420.839,-2012.5,0.0,-700.0,1266.16,-127.68,85.12
1213296.403,884.988,-168.787,-417.667,-1303.75,-148.75,-673.75,1247.92,-126.16,86.64
1213296.453,886.452,-173.118,-416.996,-988.75,157.5,-910.0,1263.12,-141.36,76.0
1213296.503,886.269,-171.593,-415.288,-927.5,131.25,-953.75,1258.56,-126.16,83.6
1213296.553,883.28,-174.277,-414.983,-323.75,-1137.5,-568.75,1244.88,-130.72,91.2
1213296.603,890.295,-172.935,-418.704,-953.75,-1295.0,-857.5,1260.08,-135.28,76.0
1213296.653,889.502,-175.436,-419.436,-1032.5,-1137.5,-1023.75,1249.44,-121.6,65.36
1213296.703,883.463,-177.449,-421.205,-1592.5,-892.5,-1321.25,1270.72,-127.68,88.16
1213296.753,886.391,-173.667,-419.375,-1942.5,-437.5,-1198.75,1257.04,-132.24,74.48
1213296.803,887.367,-173.667,-421.022,-2030.0,8.75,-1610.0,1260.08,-130.72,80.56
1213296.853,889.38,-172.813,-418.094,-1933.75,52.5,-1741.25,1247.92,-135.28,76.0
1213296.903,889.38,-171.227,-417.545,-2117.5,96.25,-1583.75,1270.72,-133.76,68.4
1213296.953,885.964,-172.02,-417.301,-1645.0,-61.25,-1233.75,1255.52,-132.24,80.56
1213297.003,888.77,-170.129,-416.874,-1295.0,-481.25,-1470.0,1263.12,-127.68,88.16
1213297.053,889.197,-169.58,-420.778,-1881.25,-280.0,-980.0,1252.48,-135.28,88.16
1213297.103,882.182,-174.704,-419.07,-1846.25,-210.0,-1076.25,1250.96,-126.16,76.0
1213297.153,890.966,-168.848,-421.51,-1715.0,-857.5,-1680.0,1255.52,-129.2,83.6
1213297.203,886.818,-169.946,-418.094,-1181.25,-210.0,-1128.75,1258.56,-133.76,85.12
1213297.253,883.402,-172.142,-416.264,-1233.75,-542.5,-1032.5,1254.0,-123.12,92.72
1213297.303,883.829,-171.776,-419.68,-595.0,-1321.25,-866.25,1255.52,-124.64,65.36
1213297.353,887.977,-173.789,-421.022,-1645.0,-595.0,-945.0,1247.92,-130.72,85.12
1213297.403,883.219,-175.619,-420.595,-1776.25,-341.25,-1251.25,1260.08,-132.24,77.52
1213297.453,886.574,-173.118,-423.035,-1566.25,-350.0,-1347.5,1267.68,-124.64,79.04
1213297.503,885.659,-174.887,-421.998,-1863.75,-61.25,-1470.0,1264.64,-129.2,83.6
1213297.553,885.11,-172.508,-421.571,-1601.25,-166.25,-1680.0,1273.76,-130.72,76.0
1213297.603,887.55,-168.787,-419.497,-1767.5,-175.0,-1461.25,1270.72,-130.72,83.6
1213297.653,889.319,-173.057,-418.826,-1907.5,183.75,-1225.0,1257.04,-127.68,63.84
1213297.703,886.574,-174.094,-417.24,-1102.5,-586.25,-1400.0,1258.56,-136.8,68.4
1213297.753,888.526,-170.007,-416.447,-1181.25,-700.0,-1225.0,1273.76,-133.76,66.88
1213297.803,888.343,-170.739,-420.229,-1618.75,-936.25,-971.25,1266.16,-127.68,69.92
1213297.853,887.428,-177.327,-422.12,-1741.25,-1207.5,-1146.25,1254.0,-135.28,76.0
1213297.903,882.487,-169.824,-422.242,-831.25,-1032.5,-1155.0,1272.24,-133.76,76.0
1213297.953,886.635,-172.203,-418.887,-1111.25,-26.25,-1242.5,1247.92,-129.2,68.4
1213298.003,886.635,-170.495,-418.643,-1601.25,166.25,-1443.75,1260.08,-130.72,77.52
1213298.053,882.182,-175.314,-416.386,-743.75,-936.25,-1102.5,1266.16,-126.16,88.16
1213298.103,889.624,-169.885,-423.218,-1216.25,-1330.0,-1225.0,1252.48,-141.36,71.44
1213298.153,887.611,-174.338,-420.534,-1443.75,-700.0,-1163.75,1275.28,-142.88,69.92
1213298.203,885.659,-173.24,-420.778,-1321.25,-595.0,-1452.5,1254.0,-123.12,65.36
1213298.253,885.11,-171.105,-424.194,-1610.0,-472.5,-1163.75,1255.52,-130.72,86.64
1213298.303,889.868,-174.46,-419.985,-1461.25,306.25,-1776.25,1260.08,-107.92,57.76
1213298.353,884.805,-168.116,-419.375,-1277.5,-8.75,-1715.0,1270.72,-133.76,80.56
1213298.403,889.563,-173.179,-420.168,-1347.5,-297.5,-1321.25,1261.6,-127.68,76.0
1213298.453,888.587,-172.203,-416.447,-568.75,-280.0,-1338.75,1267.68,-136.8,69.92
1213298.503,886.696,-170.007,-417.85,-910.0,-490.0,-988.75,1257.04,-138.32,68.4
1213298.553,888.343,-171.959,-417.545,-1741.25,-498.75,-1277.5,1257.04,-135.28,62.32
1213298.603,886.025,-171.044,-417.362,-1636.25,-726.25,-1365.0,1258.56,-133.76,80.56
1213298.653,885.476,-170.312,-420.046,-883.75,-603.75,-1093.75,1258.56,-142.88,68.4
1213298.703,891.271,-177.327,-423.706,-1706.25,-183.75,-1478.75,1254.0,-126.16,79.04
1213298.753,887.977,-172.569,-417.667,-1435.0,-87.5,-1435.0,1254.0,-132.24,69.92
1213298.803,880.108,-175.314,-417.057,-1435.0,-420.0,-971.25,1263.12,-135.28,86.64
1213298.853,890.112,-174.155,-426.085,-1435.0,-1050.0,-1592.5,1267.68,-133.76,66.88
1213298.903,888.77,-169.397,-422.364,-1312.5,-673.75,-1470.0,1257.04,-148.96,77.52
1213298.953,884.317,-172.874,-421.205,-1890.0,-218.75,-1680.0,1264.64,-138.32,71.44
1213299.003,887.489,-170.678,-421.022,-2108.75,-192.5,-1487.5,1272.24,-129.2,80.56
1213299.053,889.502,-173.484,-422.486,-1601.25,-192.5,-1470.0,1260.08,-147.44,82.08
1213299.103,888.282,-166.652,-421.327,-1461.25,-122.5,-1680.0,1263.12,-126.16,68.4
1213299.153,887.428,-168.726,-419.68,-1417.5,-253.75,-1198.75,1273.76,-124.64,79.04
1213299.203,887.367,-174.643,-418.216,-918.75,-245.0,-1111.25,1250.96,-136.8,77.52
1213299.253,887.123,-167.079,-417.301,-1067.5,-122.5,-1260.0,1272.24,-135.28,82.08
1213299.303,886.086,-170.495,-417.911,-1277.5,-455.0,-1190.0,1267.68,-127.68,74.48
1213299.353,889.441,-172.63,-419.68,-1557.5,-752.5,-1338.75,1266.16,-135.28,94.24
1213299.403,883.646,-171.654,-420.534,-682.5,-568.75,-1120.0,1258.56,-127.68,79.04
1213299.453,891.393,-177.083,-420.351,-1041.25,350.0,-1828.75,1261.6,-126.16,76.0
1213299.503,885.11,-167.384,-415.959,-1356.25,393.75,-1776.25,1264.64,-132.24,77.52
1213299.553,882.914,-173.362,-415.471,-1592.5,-726.25,-1251.25,1255.52,-133.76,72.96
1213299.603,889.99,-172.386,-420.351,-1662.5,-507.5,-1715.0,1263.12,-129.2,85.12
1213299.653,890.356,-168.787,-420.778,-1373.75,-1128.75,-1505.0,1252.48,-133.76,65.36
1213299.703,884.866,-171.349,-419.07,-2012.5,-516.25,-1662.5,1273.76,-130.72,103.36
1213299.753,889.075,-166.957,-417.728,-2082.5,-262.5,-1723.75,1254.0,-130.72,68.4
1213299.803,890.783,-169.58,-424.499,-2047.5,-122.5,-1846.25,1263.12,-135.28,83.6
1213299.853,889.38,-167.262,-421.693,-1986.25,96.25,-1680.0,1249.44,-132.24,85.12
1213299.903,891.332,-167.201,-419.924,-1487.5,-245.0,-1408.75,1255.52,-127.68,92.72
1213299.953,889.624,-168.177,-417.057,-1111.25,-201.25,-1303.75,1243.36,-127.68,69.92
1213300.003,888.282,-166.774,-416.447,-638.75,-245.0,-1505.0,1254.0,-132.24,80.56
1213300.053,887.977,-166.103,-414.373,-1268.75,-796.25,-1058.75,1260.08,-132.24,83.6
1213300.103,887.611,-173.301,-419.863,-673.75,-988.75,-910.0,1258.56,-135.28,79.04
1213300.153,897.676,-173.667,-419.863,-1470.0,131.25,-1356.25,1257.04,-120.08,89.68
1213300.203,886.818,-169.58,-413.58,-822.5,157.5,-1303.75,1254.0,-130.72,71.44
1213300.253,884.317,-167.75,-413.336,-1382.5,-805.0,-1093.75,1257.04,-126.16,95.76
1213300.303,888.953,-168.665,-418.643,-1741.25,-1181.25,-901.25,1247.92,-126.16,79.04
1213300.353,887.001,-174.704,-421.022,-1513.75,-875.0,-848.75,1266.16,-132.24,91.2
1213300.403,884.805,-170.739,-421.388,-1627.5,-735.0,-1610.0,1247.92,-121.6,68.4
1213300.453,885.11,-166.835,-421.449,-1513.75,-673.75,-1207.5,1272.24,-126.16,77.52
1213300.503,889.807,-171.532,-425.536,-1820.0,78.75,-1540.0,1257.04,-133.76,79.04
1213300.553,887.428,-172.386,-421.266,-1557.5,288.75,-1828.75,1255.52,-130.72,83.6
1213300.603,888.282,-165.981,-416.996,-1321.25,245.0,-1557.5,1257.04,-133.76,72.96
1213300.653,886.391,-165.92,-417.606,-1137.5,-157.5,-1303.75,1255.52,-129.2,91.2
1213300.703,890.112,-166.957,-417.179,-953.75,-271.25,-1461.25,1260.08,-129.2,69.92
1213300.753,886.513,-163.48,-417.606,-1583.75,-306.25,-962.5,1279.84,-132.24,76.0
1213300.803,888.831,-171.898,-414.861,-910.0,-87.5,-1058.75,1261.6,-127.68,82.08
1213300.853,894.382,-168.97,-419.68,-1233.75,-271.25,-1277.5,1269.2,-135.28,72.96
1213300.903,889.136,-171.776,-417.85,-586.25,-35.0,-866.25,1254.0,-127.68,100.32
1213300.953,882.365,-172.081,-411.018,-857.5,-358.75,-1251.25,1258.56,-136.8,66.88
1213301.003,886.696,-172.63,-414.739,-1015.0,-1505.0,-840.0,1270.72,-129.2,82.08
1213301.053,892.613,-173.911,-421.449,-1312.5,-1295.0,-962.5,1260.08,-130.72,77.52
1213301.103,889.502,-169.824,-421.937,-1671.25,-673.75,-1723.75,1266.16,-135.28,82.08
1213301.153,886.391,-172.752,-419.436,-1443.75,-647.5,-1128.75,1263.12,-142.88,71.44
1213301.203,886.879,-171.532,-419.558,-1513.75,-78.75,-1478.75,1263.12,-127.68,69.92
1213301.253,888.892,-171.654,-417.545,-1461.25,280.0,-1785.0,1266.16,-132.24,76.0
1213301.303,887.672,-169.702,-419.497,-1627.5,-148.75,-1522.5,1255.52,-118.56,66.88
1213301.353,887.794,-170.678,-417.667,-1513.75,-262.5,-1487.5,1252.48,-138.32,91.2
1213301.4031,888.831,-170.068,-416.691,-1312.5,-131.25,-1653.75,1254.0,-130.72,89.68
1213301.453,888.77,-164.395,-415.654,-1732.5,-236.25,-1330.0,1275.28,-130.72,86.64
1213301.503,891.21,-170.678,-416.813,-2222.5,-743.75,-1023.75,1246.4,-121.6,82.08
1213301.553,888.648,-167.201,-419.497,-883.75,-1443.75,-1522.5,1258.56,-130.72,86.64
1213301.603,894.077,-168.97,-418.826,-1426.25,-227.5,-1408.75,1266.16,-127.68,66.88
1213301.653,884.927,-170.312,-414.556,-1487.5,-437.5,-1067.5,1255.52,-121.6,68.4
1213301.703,883.951,-172.203,-413.519,-490.0,-1321.25,-997.5,1243.36,-129.2,82.08
1213301.753,893.04,-168.97,-421.327,-1216.25,-1111.25,-1172.5,1269.2,-136.8,80.56
1213301.803,886.879,-174.094,-422.486,-1408.75,-883.75,-1260.0,1249.44,-126.16,85.12
1213301.853,881.938,-172.996,-418.216,-1662.5,-603.75,-1610.0,1261.6,-136.8,76.0
1213301.903,887.916,-171.105,-417.362,-1750.0,-323.75,-1391.25,1272.24,-121.6,82.08
1213301.953,890.234,-171.837,-420.412,-1408.75,-236.25,-1627.5,1266.16,-130.72,80.56
1213302.003,886.879,-167.323,-416.691,-1548.75,-227.5,-1557.5,1267.68,-139.84,86.64
1213302.053,891.21,-168.848,-418.46,-1723.75,-323.75,-1190.0,1273.76,-133.76,79.04
1213302.103,887.245,-170.251,-415.105,-971.25,-96.25,-1531.25,1263.12,-130.72,89.68
1213302.153,889.258,-166.286,-417.545,-1093.75,-315.0,-1601.25,1250.96,-121.6,68.4
1213302.203,888.526,-169.458,-417.484,-1566.25,-630.0,-1023.75,1254.0,-126.16,85.12
1213302.253,889.075,-167.506,-417.362,-1636.25,-647.5,-1356.25,1266.16,-127.68,74.48
1213302.303,879.986,-171.532,-417.301,-1373.75,-1505.0,-630.0,1275.28,-136.8,80.56
1213302.3531,898.042,-176.046,-422.242,-1986.25,-297.5,-1216.25,1250.96,-129.2,66.88
1213302.403,886.696,-170.312,-416.935,-1093.75,-61.25,-1566.25,1250.96,-130.72,76.0
1213302.453,884.561,-168.543,-416.447,-1050.0,-665.0,-1382.5,1250.96,-124.64,83.6
1213302.503,889.136,-167.201,-419.985,-1575.0,-1102.5,-1093.75,1279.84,-130.72,80.56
1213302.553,885.476,-171.41,-423.462,-1540.0,-463.75,-1443.75,1264.64,-138.32,71.44
1213302.603,886.33,-169.641,-422.242,-1995.0,-402.5,-2073.75,1244.88,-121.6,92.72
1213302.653,889.014,-168.238,-419.924,-1986.25,-96.25,-1400.0,1264.64,-138.32,68.4
1213302.703,886.635,-170.983,-420.534,-1610.0,148.75,-1750.0,1257.04,-132.24,65.36
1213302.753,887.733,-168.299,-422.913,-1478.75,210.0,-1846.25,1276.8,-136.8,83.6
1213302.803,892.064,-168.482,-418.765,-1723.75,1058.75,-1662.5,1255.52,-127.68,74.48
1213302.853,886.452,-170.129,-415.105,-1566.25,831.25,-1645.0,1269.2,-147.44,80.56
1213302.903,892.613,-167.872,-412.177,-1181.25,210.0,-1872.5,1255.52,-127.68,85.12
1213302.953,891.027,-165.859,-411.14,-1627.5,-175.0,-1382.5,1270.72,-138.32,77.52
1213303.003,889.563,-167.567,-411.262,-1881.25,-560.0,-1347.5,1263.12,-121.6,65.36
1213303.053,891.698,-168.909,-414.556,-1198.75,-647.5,-1233.75,1261.6,-127.68,80.56
1213303.103,894.626,-164.09,-417.484,-1793.75,-892.5,-1680.0,1258.56,-126.16,76.0
1213303.153,892.125,-167.689,-414.678,-1163.75,437.5,-1400.0,1266.16,-123.12,71.44
1213303.203,889.197,-165.92,-412.482,-1163.75,341.25,-1688.75,1275.28,-129.2,76.0
1213303.253,888.648,-164.395,-416.996,-1697.5,157.5,-551.25,1269.2,-118.56,66.88
1213303.303,891.942,-176.046,-419.497,-770.0,-280.0,-1557.5,1267.68,-127.68,86.64
1213303.353,892.003,-164.7,-414.983,-1163.75,393.75,-2091.25,1272.24,-126.16,69.92
1213303.403,892.369,-163.541,-412.116,-1828.75,603.75,-1443.75,1270.72,-127.68,91.2
1213303.453,890.417,-167.628,-410.713,-1732.5,796.25,-1610.0,1246.4,-130.72,69.92
1213303.503,893.772,-165.798,-410.774,-1575.0,490.0,-2056.25,1260.08,-127.68,92.72
1213303.553,895.724,-164.151,-407.602,-1382.5,446.25,-1688.75,1255.52,-118.56,89.68
1213303.603,892.369,-164.944,-404.674,-1522.5,175.0,-1295.0,1279.84,-130.72,76.0
1213303.653,894.016,-163.663,-409.127,-1155.0,-568.75,-1365.0,1264.64,-117.04,76.0
1213303.703,892.43,-165.249,-406.26,-1793.75,-883.75,-1251.25,1270.72,-118.56,94.24
1213303.753,892.003,-163.968,-409.005,-1662.5,-1216.25,-2003.75,1269.2,-135.28,79.04
1213303.803,890.844,-165.31,-410.286,-551.25,-2222.5,-1242.5,1264.64,-120.08,98.8
1213303.853,901.336,-166.164,-415.532,-1645.0,-280.0,-1225.0,1266.16,-130.72,89.68
1213303.903,887.367,-165.188,-409.188,-1697.5,-673.75,-1373.75,1264.64,-132.24,88.16
1213303.953,890.478,-165.066,-410.591,-2038.75,-1006.25,-1408.75,1269.2,-130.72,89.68
1213304.003,888.282,-167.933,-412.604,-1863.75,-1723.75,-866.25,1266.16,-135.28,80.56
1213304.053,889.38,-167.445,-421.571,-603.75,-1636.25,-1531.25,1269.2,-123.12,83.6
1213304.103,894.687,-160.125,-411.445,-2240.0,831.25,-1723.75,1263.12,-135.28,72.96
1213304.153,887.611,-164.151,-411.201,-1828.75,-35.0,-1452.5,1258.56,-130.72,80.56
1213304.203,888.465,-161.833,-413.824,-1452.5,-2003.75,-1916.25,1240.32,-126.16,95.76
1213304.253,887.428,-157.258,-416.691,-2502.5,-2152.5,-1330.0,1266.16,-135.28,71.44
1213304.303,897.493,-165.615,-428.22,-2371.25,-1268.75,-1557.5,1250.96,-139.84,76.0
1213304.353,887.55,-167.994,-416.325,-2012.5,-577.5,-1496.25,1257.04,-121.6,74.48
1213304.403,888.648,-157.197,-417.972,-1356.25,743.75,-1592.5,1255.52,-124.64,88.16
1213304.453,890.051,-164.456,-416.203,-665.0,691.25,-1058.75,1272.24,-121.6,74.48
1213304.503,893.284,-161.772,-414.861,-1321.25,446.25,-1505.0,1252.48,-120.08,85.12
1213304.553,887.855,-164.029,-412.543,-2747.5,-1741.25,-1365.0,1266.16,-130.72,74.48
1213304.603,901.458,-167.201,-418.399,-1452.5,-463.75,-1636.25,1249.44,-123.12,88.16
1213304.653,892.735,-161.65,-410.591,-1916.25,1592.5,-1120.0,1252.48,-123.12,74.48
1213304.703,881.45,-163.175,-409.005,-1050.0,402.5,-1601.25,1279.84,-121.6,94.24
1213304.753,903.471,-163.053,-411.384,-2091.25,8.75,-1347.5,1249.44,-109.44,72.96
1213304.803,888.465,-159.942,-410.408,-3578.75,-1233.75,-805.0,1260.08,-118.56,92.72
1213304.853,889.807,-167.14,-416.203,-1671.25,-2056.25,-1610.0,1255.52,-129.2,68.4
1213304.903,894.321,-161.711,-422.486,-1732.5,-1942.5,-1286.25,1258.56,-124.64,80.56
1213304.953,897.615,-156.831,-420.168,-1653.75,-96.25,-1776.25,1255.52,-126.16,83.6
1213305.003,884.439,-159.515,-417.545,-1688.75,0.0,-1207.5,1273.76,-133.76,71.44
1213305.053,897.737,-160.308,-417.606,-1198.75,245.0,-1382.5,1257.04,-139.84,80.56
1213305.103,882.365,-158.295,-410.591,-1496.25,271.25,-1478.75,1254.0,-126.16,95.76
1213305.153,893.772,-156.099,-416.203,-2415.0,-437.5,-988.75,1258.56,-136.8,89.68
1213305.203,890.478,-165.737,-423.523,-936.25,-1671.25,-516.25,1249.44,-112.48,65.36
1213305.253,892.613,-152.927,-411.323,-1365.0,1618.75,-1601.25,1266.16,-120.08,76.0
1213305.303,891.21,-160.125,-410.469,-1540.0,437.5,-822.5,1247.92,-126.16,76.0
1213305.353,890.661,-160.247,-406.565,-866.25,568.75,-1575.0,1267.68,-117.04,88.16
1213305.403,884.256,-163.114,-409.249,-1373.75,-1575.0,-866.25,1244.88,-129.2,63.84
1213305.453,903.41,-161.833,-422.425,-1478.75,-787.5,-1505.0,1276.8,-123.12,83.6
1213305.503,893.406,-161.345,-415.105,-3876.25,-962.5,-507.5,1258.56,-126.16,79.04
1213305.553,887.855,-168.543,-414.129,-1645.0,1128.75,-2152.5,1258.56,-120.08,71.44
1213305.603,901.519,-153.781,-413.885,-638.75,1478.75,-2205.0,1260.08,-127.68,66.88
1213305.653,887.367,-151.158,-407.663,-2275.0,1006.25,-1610.0,1258.56,-130.72,95.76
1213305.703,897.249,-158.295,-413.031,-1653.75,-1968.75,-1697.5,1257.04,-130.72,71.44
1213305.753,893.955,-153.598,-419.375,-2292.5,-1583.75,-1058.75,1258.56,-123.12,66.88
1213305.803,897.615,-164.822,-412.604,-1006.25,437.5,-1443.75,1260.08,-135.28,82.08
1213305.853,900.543,-152.805,-412.726,-1023.75,2563.75,-2126.25,1260.08,-129.2,69.92
1213305.903,892.308,-150.548,-406.138,-2318.75,1688.75,-840.0,1263.12,-127.68,91.2
1213305.953,893.04,-167.445,-401.685,-691.25,-822.5,-1758.75,1263.12,-120.08,79.04
1213306.003,886.452,-152.927,-404.918,210.0,-1592.5,-1820.0,1267.68,-120.08,85.12
1213306.053,899.689,-154.086,-415.532,-1785.0,-1601.25,-367.5,1261.6,-115.52,86.64
1213306.103,892.979,-164.883,-409.92,-1680.0,-638.75,-1732.5,1272.24,-132.24,91.2
1213306.153,901.763,-148.169,-417.667,-1531.25,166.25,-1662.5,1255.52,-123.12,85.12
1213306.203,888.709,-161.04,-408.029,-2450.0,1076.25,-87.5,1249.44,-117.04,94.24
1213306.253,894.992,-163.846,-406.138,210.0,-1907.5,-2738.75,1247.92,-135.28,71.44
1213306.303,891.21,-151.402,-422.547,-1793.75,-3412.5,-901.25,1260.08,-123.12,89.68
1213306.353,904.081,-154.208,-412.421,-2030.0,323.75,-1461.25,1258.56,-127.68,82.08
1213306.403,893.406,-158.173,-415.41,-2292.5,603.75,-1382.5,1260.08,-123.12,82.08
1213306.453,895.114,-162.687,-411.933,-1365.0,927.5,-1260.0,1260.08,-124.64,80.56
1213306.503,882.731,-171.227,-412.238,-971.25,-2248.75,-927.5,1240.32,-118.56,68.4
1213306.553,895.541,-166.957,-416.02,927.5,-2537.5,-2406.25,1260.08,-121.6,98.8
1213306.603,901.885,-146.827,-420.107,-3351.25,1916.25,-1680.0,1250.96,-123.12,74.48
1213306.653,900.177,-171.532,-405.528,-2738.75,1391.25,-1312.5,1269.2,-123.12,80.56
1213306.703,882.426,-158.234,-401.929,70.0,1006.25,-3473.75,1244.88,-120.08,88.16
1213306.753,905.972,-145.729,-410.957,-2310.0,1295.0,-1032.5,1269.2,-120.08,89.68
1213306.803,885.598,-158.661,-404.857,-2458.75,-910.0,-813.75,1252.48,-114.0,92.72
1213306.853,892.43,-153.72,-414.983,-1907.5,-3858.75,-1925.0,1252.48,-124.64,77.52
1213306.903,894.138,-141.337,-421.083,-3640.0,-3386.25,-437.5,1270.72,-133.76,82.08
1213306.953,896.09,-162.931,-417.423,-1697.5,262.5,-1303.75,1254.0,-115.52,76.0
1213307.003,903.837,-147.01,-415.654,-1233.75,2485.0,-2318.75,1267.68,-136.8,88.16
1213307.053,887.062,-139.507,-410.225,-3333.75,988.75,-1155.0,1250.96,-115.52,77.52
1213307.103,897.737,-163.48,-411.994,-1618.75,-848.75,-673.75,1263.12,-124.64,88.16
1213307.153,892.979,-151.463,-411.75,-1697.5,-1557.5,-1233.75,1257.04,-120.08,86.64
1213307.203,899.445,-149.999,-414.251,-1417.5,-717.5,-568.75,1264.64,-123.12,94.24
1213307.253,903.837,-158.844,-410.591,-1128.75,1391.25,-1575.0,1258.56,-126.16,88.16
1213307.303,893.833,-143.472,-405.833,-2616.25,1470.0,-787.5,1267.68,-126.16,94.24
1213307.353,907.985,-141.459,-411.262,-5495.0,2642.5,-35.0,1260.08,-123.12,86.64
1213307.403,932.324,-101.626,-419.924,-11628.75,7542.5,2651.25,1270.72,-126.16,88.16
1213307.453,945.683,-85.4,-441.579,-28936.25,26425.0,15890.0,1255.52,-129.2,83.6
1213307.503,906.094,-113.399,-406.26,-42612.5,30581.25,24342.5,1263.12,-126.16,106.4
1213307.553,840.946,-194.346,-350.201,-45333.75,27160.0,24727.5,1282.88,-133.76,123.12
1213307.603,873.703,-246.318,-337.635,-36566.25,10351.25,16423.75,1273.76,-135.28,133.76
1213307.653,910.364,-230.519,-333.792,-19801.25,5985.0,5932.5,1295.04,-139.84,135.28
1213307.703,904.63,-206.851,-334.341,-11803.75,490.0,-533.75,1304.16,-132.24,124.64
1213307.753,925.614,-196.664,-343.369,-5241.25,1522.5,-3220.0,1299.6,-129.2,159.6
1213307.803,918.965,-160.369,-335.866,-3701.25,70.0,-3246.25,1275.28,-130.72,129.2
1213307.853,921.71,-163.48,-337.452,-3893.75,813.75,-2222.5,1285.92,-127.68,141.36
1213307.903,931.958,-128.954,-341.173,-9467.5,201.25,673.75,1284.4,-132.24,133.76
1213307.953,919.148,-161.711,-340.136,-10491.25,-236.25,2003.75,1295.04,-124.64,138.32
1213308.003,915.854,-179.767,-348.249,-7201.25,-3570.0,-630.0,1290.48,-124.64,136.8
1213308.053,925.919,-175.68,-356.362,-2721.25,-2178.75,-4147.5,1270.72,-124.64,141.36
1213308.103,920.917,-154.879,-359.168,-805.0,-568.75,-2642.5,1275.28,-135.28,124.64
1213308.153,925.919,-162.992,-355.508,105.0,1758.75,-1802.5,1282.88,-123.12,132.24
1213308.203,914.146,-148.535,-348.005,-866.25,1155.0,-2021.25,1273.76,-124.64,138.32
1213308.253,922.93,-162.199,-345.26,-883.75,428.75,-2318.75,1292.0,-120.08,141.36
1213308.303,914.268,-151.524,-347.822,-2607.5,-1706.25,-1750.0,1295.04,-123.12,138.32
1213308.353,923.601,-161.223,-347.151,-2458.75,-1382.5,-1006.25,1293.52,-118.56,121.6
1213308.403,919.148,-163.541,-352.763,-1233.75,-927.5,-1741.25,1304.16,-132.24,141.36
1213308.453,924.699,-165.798,-349.103,437.5,-341.25,-1155.0,1285.92,-124.64,129.2
1213308.503,911.401,-158.539,-348.31,910.0,516.25,-1881.25,1302.64,-118.56,155.04
1213308.553,919.087,-152.5,-353.617,-1522.5,-1645.0,-2038.75,1281.36,-118.56,124.64
1213308.603,924.943,-156.221,-350.445,-1251.25,-306.25,-2598.75,1292.0,-130.72,144.4
1213308.653,912.377,-152.256,-344.955,-498.75,1233.75,-2336.25,1270.72,-121.6,136.8
1213308.703,928.664,-159.393,-351.482,-1365.0,-490.0,-1286.25,1302.64,-126.16,139.84
1213308.753,915.915,-156.953,-349.469,-656.25,-280.0,-2038.75,1290.48,-121.6,132.24
1213308.803,917.257,-155.428,-347.822,-1828.75,-2423.75,-2353.75,1293.52,-124.64,150.48
1213308.853,920.856,-155.184,-354.776,-315.0,-507.5,-3167.5,1284.4,-123.12,136.8
1213308.903,918.172,-148.291,-348.066,148.75,-1268.75,-2240.0,1281.36,-123.12,144.4
1213308.953,916.647,-157.136,-350.079,761.25,-1015.0,-1741.25,1299.6,-118.56,133.76
1213309.003,925.553,-158.051,-349.286,1470.0,-971.25,-2520.0,1299.6,-118.56,129.2
1213309.053,920.673,-147.925,-350.994,-1347.5,-1575.0,-2126.25,1285.92,-127.68,145.92
1213309.103,920.246,-157.99,-351.482,-857.5,-1995.0,-1715.0,1288.96,-127.68,123.12
1213309.153,915.122,-158.417,-357.338,-96.25,-3141.25,-3097.5,1295.04,-127.68,135.28
1213309.203,927.322,-150.06,-357.643,1837.5,-490.0,-1960.0,1290.48,-123.12,117.04
1213309.253,918.05,-143.655,-357.521,210.0,-420.0,-875.0,1276.8,-120.08,133.76
1213309.303,919.392,-150.243,-352.092,-1496.25,1146.25,-437.5,1278.32,-132.24,123.12
1213309.353,912.56,-155.245,-347.517,-2100.0,-411.25,-822.5,1273.76,-114.0,138.32
1213309.403,914.878,-155.306,-352.214,-306.25,-2485.0,-1478.75,1299.6,-120.08,136.8
1213309.453,932.507,-153.598,-361.303,-743.75,-2038.75,-918.75,1285.92,-124.64,126.16
1213309.503,918.782,-161.162,-363.194,-857.5,-1855.0,-2266.25,1292.0,-126.16,121.6
1213309.553,918.721,-148.474,-356.423,-1382.5,-341.25,-1671.25,1293.52,-110.96,121.6
1213309.603,920.246,-158.112,-357.643,-1461.25,-140.0,-1268.75,1290.48,-117.04,139.84
1213309.653,914.024,-146.522,-357.216,-1741.25,-1085.0,-1916.25,1288.96,-123.12,133.76
1213309.703,916.159,-152.012,-361.852,-2563.75,-2310.0,-805.0,1295.04,-126.16,135.28
1213309.753,920.978,-163.175,-355.081,-78.75,-140.0,-1111.25,1273.76,-117.04,135.28
1213309.803,909.388,-151.524,-356.667,-402.5,-507.5,-1522.5,1298.08,-126.16,136.8
1213309.853,925.431,-150.548,-357.216,-2388.75,-1216.25,-1111.25,1287.44,-118.56,132.24
1213309.903,904.447,-144.509,-359.229,-3718.75,-3097.5,-665.0,1295.04,-114.0,126.16
1213309.953,916.647,-145.851,-358.07,-6448.75,-4637.5,227.5,1287.44,-121.6,126.16
1213310.003,911.645,-150.67,-359.168,-5985.0,-3482.5,2441.25,1288.96,-123.12,129.2
1213310.053,908.046,-137.86,-359.473,-7673.75,-4681.25,4200.0,1287.44,-123.12,150.48
1213310.103,912.133,-146.705,-371.246,-10482.5,-5713.75,8758.75,1279.84,-121.6,110.96
1213310.153,902.434,-142.435,-379.481,-13440.0,-6868.75,11558.75,1292.0,-133.76,109.44
1213310.203,905.301,-164.273,-387.716,-17447.5,-6352.5,12958.75,1278.32,-138.32,110.96
1213310.253,895.236,-180.926,-396.073,-17281.25,-6781.25,12468.75,1287.44,-136.8,120.08
1213310.303,896.517,-185.928,-403.027,-15505.0,-5381.25,9590.0,1281.36,-142.88,98.8
1213310.353,888.831,-200.69,-412.482,-11550.0,-3657.5,6501.25,1287.44,-142.88,107.92
1213310.403,884.439,-199.104,-418.582,-8470.0,-3841.25,4515.0,1287.44,-139.84,104.88
1213310.453,886.513,-197.091,-420.473,-5433.75,-3106.25,901.25,1279.84,-139.84,101.84
1213310.503,882.853,-198.311,-424.011,-3018.75,-3246.25,-1741.25,1276.8,-142.88,117.04
1213310.553,887.794,-182.573,-426.024,-1163.75,-3377.5,-2397.5,1264.64,-161.12,88.16
1213310.603,880.596,-175.924,-430.05,-1890.0,-2546.25,-1513.75,1290.48,-139.84,98.8
1213310.653,876.997,-185.074,-426.878,-1347.5,-2152.5,-656.25,1275.28,-136.8,98.8
1213310.703,882.304,-188.063,-426.695,-210.0,-892.5,-1531.25,1285.92,-138.32,101.84
1213310.753,884.256,-180.377,-422.364,-463.75,-883.75,-1163.75,1272.24,-142.88,104.88
1213310.803,875.228,-186.538,-425.109,-525.0,-1855.0,-227.5,1295.04,-139.84,95.76
1213310.853,883.89,-187.453,-427.061,-1058.75,-2362.5,-525.0,1269.2,-150.48,112.48
1213310.903,878.217,-192.028,-427.976,-525.0,-1531.25,-822.5,1267.68,-148.96,83.6
1213310.953,878.888,-189.039,-430.172,-122.5,-2520.0,-1566.25,1278.32,-141.36,109.44
1213311.003,877.729,-185.196,-429.928,-183.75,-2222.5,-945.0,1275.28,-144.4,88.16
1213311.053,874.801,-190.869,-429.928,-463.75,-1968.75,-1128.75,1284.4,-142.88,109.44
1213311.103,878.888,-187.514,-431.27,-1085.0,-2563.75,-1198.75,1278.32,-144.4,95.76
1213311.153,878.888,-188.612,-436.882,-2108.75,-2380.0,-1216.25,1288.96,-148.96,106.4
1213311.203,872.788,-194.773,-437.675,-1260.0,-1837.5,-1303.75,1258.56,-141.36,92.72
1213311.253,878.461,-184.952,-442.494,-1592.5,-2362.5,-1601.25,1284.4,-155.04,97.28
1213311.303,878.644,-183.732,-444.446,-2817.5,-1408.75,-1093.75,1285.92,-150.48,98.8
1213311.353,868.091,-192.577,-438.407,-1697.5,-376.25,-1522.5,1260.08,-129.2,89.68
1213311.403,877.546,-184.281,-438.529,-1916.25,-437.5,-1557.5,1279.84,-139.84,94.24
1213311.453,876.875,-187.27,-436.455,-1671.25,-245.0,-840.0,1269.2,-147.44,91.2
1213311.503,870.775,-190.747,-432.124,-1050.0,-656.25,-1286.25,1284.4,-145.92,101.84
1213311.553,876.936,-186.477,-439.932,-1303.75,-1172.5,-1715.0,1272.24,-142.88,82.08
1213311.603,874.008,-189.954,-441.823,-1382.5,-1365.0,-1006.25,1275.28,-141.36,103.36
1213311.653,875.35,-188.734,-443.409,-1723.75,-840.0,-1400.0,1282.88,-145.92,104.88
1213311.703,871.69,-186.294,-439.871,-1583.75,-1435.0,-1277.5,1281.36,-141.36,97.28
1213311.753,875.777,-186.782,-444.08,-1470.0,-455.0,-1023.75,1278.32,-156.56,100.32
1213311.803,875.045,-188.612,-440.786,-1706.25,87.5,-1233.75,1270.72,-147.44,85.12
1213311.853,870.714,-186.05,-442.921,-1382.5,-586.25,-805.0,1279.84,-139.84,95.76
1213311.903,875.533,-189.405,-440.725,-1566.25,-341.25,-866.25,1263.12,-144.4,79.04
1213311.953,875.106,-190.991,-439.627,-1251.25,-595.0,-1478.75,1269.2,-139.84,103.36
1213312.003,874.069,-188.246,-440.847,-1207.5,-560.0,-1277.5,1278.32,-142.88,103.36
1213312.053,870.409,-187.514,-439.993,-1723.75,-1041.25,-752.5,1278.32,-162.64,80.56
1213312.103,886.94,-198.555,-440.42,-551.25,1365.0,-1443.75,1273.76,-155.04,92.72
1213312.153,872.239,-188.246,-438.651,-227.5,901.25,-2108.75,1272.24,-136.8,89.68
1213312.203,873.337,-185.562,-438.163,-953.75,-157.5,-1907.5,1284.4,-150.48,95.76
1213312.253,878.339,-188.551,-441.335,-1776.25,-315.0,-1732.5,1272.24,-142.88,88.16
1213312.303,877.241,-191.662,-440.969,-1785.0,-735.0,-1750.0,1281.36,-145.92,100.32
1213312.353,873.093,-187.026,-440.42,-2170.0,-43.75,-1995.0,1267.68,-147.44,92.72
1213312.403,873.886,-183.549,-438.773,-2607.5,122.5,-1260.0,1285.92,-158.08,94.24
1213312.453,877.729,-187.453,-438.956,-2310.0,437.5,-1373.75,1266.16,-135.28,95.76
1213312.503,879.315,-187.88,-440.42,-1505.0,1050.0,-2248.75,1282.88,-145.92,83.6
1213312.553,874.923,-182.512,-433.039,-1828.75,647.5,-1461.25,1270.72,-150.48,100.32
1213312.603,878.4,-185.501,-435.845,-1548.75,726.25,-1662.5,1273.76,-142.88,88.16
1213312.653,877.79,-182.817,-432.368,-822.5,875.0,-2152.5,1276.8,-147.44,110.96
1213312.703,875.289,-181.231,-433.893,-708.75,43.75,-1540.0,1252.48,-144.4,85.12
1213312.753,885.72,-190.32,-434.503,-1505.0,385.0,-1662.5,1269.2,-147.44,95.76
1213312.803,878.583,-184.647,-428.708,-481.25,490.0,-1505.0,1273.76,-155.04,103.36
1213312.853,873.825,-184.647,-428.952,-726.25,-288.75,-1312.5,1284.4,-133.76,94.24
1213312.903,884.622,-186.233,-433.893,-700.0,-883.75,-1986.25,1287.44,-150.48,107.92
1213312.953,878.034,-188.124,-430.721,-560.0,-175.0,-1890.0,1278.32,-145.92,97.28
1213313.003,879.559,-185.867,-433.954,-1006.25,-315.0,-1837.5,1276.8,-135.28,97.28
1213313.053,876.692,-187.453,-430.233,-988.75,-262.5,-1863.75,1261.6,-139.84,94.24
1213313.103,880.779,-183.488,-432.002,-743.75,-350.0,-2100.0,1285.92,-135.28,106.4
1213313.153,881.755,-185.501,-432.551,-341.25,113.75,-2117.5,1272.24,-145.92,94.24
1213313.203,880.352,-184.403,-431.209,166.25,131.25,-2301.25,1279.84,-139.84,114.0
1213313.253,877.424,-180.377,-426.878,-183.75,-236.25,-1977.5,1273.76,-150.48,101.84
1213313.303,881.328,-181.841,-427.732,-367.5,0.0,-1741.25,1285.92,-147.44,94.24
1213313.353,884.073,-182.39,-429.867,-1321.25,-358.75,-1487.5,1284.4,-150.48,109.44
1213313.403,875.289,-185.318,-427.244,-787.5,-393.75,-1496.25,1272.24,-127.68,89.68
1213313.453,885.232,-187.758,-427.183,-875.0,87.5,-1697.5,1285.92,-138.32,103.36
1213313.503,881.023,-182.695,-424.682,-761.25,297.5,-1330.0,1269.2,-152.0,94.24
1213313.553,875.96,-188.063,-425.902,-140.0,-735.0,-1312.5,1288.96,-141.36,107.92
1213313.603,883.158,-188.307,-429.318,-551.25,-420.0,-1811.25,1279.84,-138.32,98.8
1213313.653,879.132,-186.172,-427.122,-770.0,-673.75,-1321.25,1284.4,-142.88,103.36
1213313.703,877.18,-185.989,-426.512,-1653.75,-1181.25,-2073.75,1275.28,-144.4,98.8
1213313.753,882.426,-180.072,-431.392,-1951.25,-997.5,-2038.75,1282.88,-132.24,100.32
1213313.803,878.888,-182.268,-431.636,-2056.25,-490.0,-2143.75,1267.68,-139.84,98.8
1213313.853,881.023,-180.865,-433.893,-1732.5,-752.5,-2213.75,1287.44,-147.44,104.88
1213313.903,879.742,-178.425,-433.649,-1225.0,271.25,-1793.75,1281.36,-132.24,107.92
1213313.953,880.535,-178.181,-431.636,-918.75,78.75,-1636.25,1285.92,-138.32,115.52
1213314.003,879.193,-178.608,-429.928,-1155.0,-105.0,-1653.75,1287.44,-141.36,106.4
1213314.053,882.487,-176.107,-430.05,-1321.25,315.0,-1365.0,1275.28,-133.76,94.24
1213314.103,879.864,-182.695,-427.305,-857.5,17.5,-1102.5,1279.84,-138.32,107.92
1213314.153,890.295,-180.682,-427.976,-1067.5,673.75,-1566.25,1279.84,-133.76,114.0
1213314.203,880.779,-179.096,-419.192,-682.5,437.5,-1050.0,1272.24,-132.24,101.84
1213314.253,878.888,-185.379,-421.327,-840.0,-78.75,-1137.5,1266.16,-136.8,103.36
1213314.303,882.243,-185.379,-426.695,-1032.5,-1058.75,-1391.25,1279.84,-139.84,103.36
1213314.353,880.352,-184.342,-430.477,-1435.0,-297.5,-1268.75,1279.84,-136.8,114.0
1213314.403,881.206,-182.573,-427.915,-1872.5,358.75,-1715.0,1282.88,-144.4,103.36
1213314.453,881.938,-181.17,-426.207,-1268.75,113.75,-1750.0,1264.64,-142.88,110.96
1213314.503,883.524,-179.096,-425.048,-1505.0,647.5,-1601.25,1263.12,-127.68,95.76
1213314.553,884.988,-184.037,-421.144,-726.25,481.25,-1522.5,1282.88,-144.4,114.0
1213314.603,883.036,-178.364,-419.131,-481.25,122.5,-1863.75,1264.64,-135.28,97.28
1213314.653,884.866,-177.815,-419.07,-770.0,-140.0,-1391.25,1290.48,-145.92,110.96
1213314.703,881.023,-180.621,-419.314,-533.75,-236.25,-1487.5,1275.28,-130.72,100.32
1213314.753,889.075,-176.107,-423.218,-945.0,-481.25,-1400.0,1266.16,-138.32,110.96
1213314.803,876.509,-183.854,-418.46,-1093.75,-1093.75,-656.25,1270.72,-144.4,114.0
1213314.853,898.225,-186.233,-424.621,-1198.75,-385.0,-1697.5,1281.36,-127.68,112.48
1213314.903,884.317,-182.268,-421.266,-52.5,280.0,-1277.5,1275.28,-144.4,109.44
1213314.953,878.4,-184.891,-416.935,-761.25,-315.0,-1400.0,1275.28,-144.4,117.04
1213315.003,884.073,-183.793,-420.961,-857.5,-875.0,-1478.75,1287.44,-139.84,106.4
1213315.053,881.816,-182.39,-422.486,-1487.5,-621.25,-831.25,1269.2,-141.36,106.4
1213315.103,879.986,-187.331,-422.303,-1470.0,-315.0,-1330.0,1288.96,-130.72,107.92
1213315.153,883.768,-183.61,-422.242,-1181.25,-472.5,-1610.0,1267.68,-141.36,103.36
1213315.203,884.256,-182.634,-421.632,-1487.5,-253.75,-1583.75,1272.24,-127.68,101.84
1213315.253,887.733,-183.671,-420.656,-1146.25,35.0,-1723.75,1254.0,-129.2,120.08
1213315.303,883.402,-179.401,-420.656,-813.75,166.25,-1680.0,1275.28,-153.52,91.2
1213315.353,884.073,-181.475,-420.107,-857.5,-8.75,-1303.75,1284.4,-133.76,103.36
1213315.403,887.062,-184.891,-417.728,-595.0,-253.75,-1286.25,1266.16,-138.32,101.84
1213315.453,881.755,-186.843,-421.51,-805.0,52.5,-1645.0,1288.96,-132.24,109.44
1213315.503,882.67,-178.608,-420.351,-1233.75,-1347.5,-1548.75,1273.76,-136.8,101.84
1213315.553,888.831,-183.61,-416.691,-568.75,770.0,-1050.0,1276.8,-129.2,115.52
1213315.603,881.511,-183.793,-410.53,-568.75,612.5,-1688.75,1266.16,-142.88,94.24
1213315.653,886.208,-179.523,-417.606,-1321.25,-735.0,-1627.5,1287.44,-150.48,104.88
1213315.703,887.733,-180.865,-418.155,-2056.25,-490.0,-1198.75,1285.92,-139.84,103.36
1213315.7531,885.415,-182.512,-420.351,-1968.75,-1172.5,-1636.25,1282.88,-139.84,98.8
1213315.803,886.879,-179.401,-420.534,-1723.75,-682.5,-1566.25,1281.36,-133.76,124.64
1213315.853,885.049,-178.608,-423.462,-1898.75,-428.75,-1408.75,1276.8,-130.72,100.32
1213315.903,887.123,-183.305,-424.255,-1015.0,78.75,-1697.5,1272.24,-142.88,106.4
1213315.953,882.548,-179.035,-416.813,-997.5,157.5,-1408.75,1281.36,-135.28,104.88
1213316.003,889.197,-183.976,-418.826,-253.75,-26.25,-1076.25,1292.0,-129.2,103.36
1213316.053,885.72,-183.732,-415.959,-350.0,183.75,-1592.5,1278.32,-142.88,92.72
1213316.103,886.879,-178.181,-416.691,-1128.75,201.25,-1461.25,1288.96,-133.76,115.52
1213316.153,880.413,-183.244,-411.872,-936.25,-315.0,-1575.0,1273.76,-136.8,104.88
1213316.203,890.051,-185.074,-418.094,-1513.75,-271.25,-2100.0,1278.32,-127.68,110.96
1213316.253,887.184,-182.939,-417.24,-1163.75,-306.25,-1575.0,1258.56,-138.32,92.72
1213316.303,881.633,-185.501,-412.726,-1102.5,-953.75,-1793.75,1285.92,-144.4,101.84
1213316.353,891.698,-182.573,-420.168,-1338.75,-1225.0,-2100.0,1275.28,-138.32,100.32
1213316.403,885.598,-183.244,-421.51,-1618.75,-542.5,-1837.5,1295.04,-145.92,106.4
1213316.453,888.343,-180.011,-419.985,-1811.25,26.25,-2065.0,1276.8,-144.4,100.32
1213316.503,884.195,-176.717,-419.802,-1741.25,17.5,-1968.75,1290.48,-144.4,100.32
1213316.553,890.722,-180.194,-417.057,-1312.5,455.0,-1968.75,1276.8,-141.36,103.36
1213316.603,888.16,-176.961,-414.983,-1163.75,280.0,-1916.25,1284.4,-133.76,91.2
1213316.653,888.77,-178.059,-416.935,-892.5,0.0,-1601.25,1290.48,-136.8,115.52
1213316.703,887.611,-177.876,-413.275,-988.75,-43.75,-1181.25,1282.88,-127.68,97.28
1213316.753,888.343,-179.767,-415.41,-936.25,-306.25,-1163.75,1278.32,-139.84,114.0
1213316.803,890.722,-180.072,-418.643,-1303.75,280.0,-1050.0,1279.84,-132.24,92.72
1213316.853,886.452,-180.133,-412.909,-525.0,358.75,-927.5,1288.96,-133.76,110.96
1213316.903,886.757,-184.769,-414.007,-43.75,700.0,-883.75,1266.16,-126.16,112.48
1213316.953,885.537,-182.146,-407.907,-332.5,358.75,-892.5,1275.28,-150.48,101.84
1213317.003,884.073,-184.22,-407.846,-341.25,-542.5,-918.75,1272.24,-141.36,120.08
1213317.053,889.563,-184.647,-411.079,-1251.25,-665.0,-1347.5,1288.96,-141.36,100.32
1213317.103,890.966,-179.645,-412.299,-1312.5,-1076.25,-1373.75,1281.36,-144.4,104.88
1213317.153,882.548,-185.379,-411.079,-1452.5,-323.75,-1470.0,1272.24,-148.96,109.44
1213317.203,889.807,-184.769,-410.164,-1452.5,-840.0,-1610.0,1279.84,-133.76,100.32
1213317.253,889.746,-181.536,-413.397,-1575.0,-420.0,-1505.0,1275.28,-138.32,97.28
1213317.303,885.171,-182.573,-410.713,-1023.75,-393.75,-1365.0,1269.2,-139.84,114.0
1213317.353,890.173,-182.329,-412.97,-726.25,-647.5,-1163.75,1264.64,-136.8,100.32
1213317.403,888.648,-180.438,-410.835,-673.75,-638.75,-1093.75,1293.52,-144.4,124.64
1213317.453,891.454,-183.244,-415.471,-1207.5,-175.0,-1233.75,1270.72,-148.96,100.32
1213317.503,887.855,-186.904,-414.19,-1356.25,332.5,-1102.5,1246.4,-148.96,112.48
1213317.553,885.232,-185.013,-411.079,-1198.75,-848.75,-1216.25,1275.28,-148.96,100.32
1213317.603,888.526,-184.22,-410.408,-892.5,-70.0,-1128.75,1290.48,-147.44,107.92
1213317.653,883.951,-186.294,-407.48,-1120.0,-218.75,-1303.75,1281.36,-136.8,112.48
1213317.703,884.927,-183.183,-410.286,-918.75,-1225.0,-1251.25,1290.48,-132.24,114.0
1213317.753,890.844,-186.355,-413.092,-1627.5,-1050.0,-1356.25,1275.28,-145.92,107.92
1213317.803,888.465,-183.183,-413.641,-1408.75,-1085.0,-1715.0,1264.64,-153.52,100.32
1213317.853,889.258,-181.231,-414.373,-1697.5,-428.75,-1408.75,1288.96,-139.84,112.48
1213317.903,888.709,-181.719,-415.166,-1872.5,-210.0,-1478.75,1267.68,-153.52,92.72
1213317.953,888.404,-183.0,-414.251,-1750.0,-52.5,-1758.75,1282.88,-136.8,109.44
1213318.003,887.794,-181.292,-412.97,-1443.75,-140.0,-1338.75,1272.24,-132.24,103.36
1213318.053,888.465,-183.122,-411.506,-1286.25,70.0,-927.5,1284.4,-135.28,104.88
1213318.103,889.136,-184.952,-409.249,-770.0,-227.5,-1216.25,1264.64,-141.36,104.88
1213318.153,888.709,-180.377,-410.408,-945.0,-227.5,-1277.5,1275.28,-155.04,118.56
1213318.203,887.977,-184.098,-408.761,-1592.5,-210.0,-1163.75,1266.16,-139.84,104.88
1213318.253,885.537,-189.466,-409.981,-1137.5,-201.25,-1163.75,1282.88,-150.48,114.0
1213318.303,897.798,-183.976,-412.421,-1076.25,122.5,-2012.5,1285.92,-144.4,107.92
1213318.353,886.635,-181.78,-408.09,-901.25,437.5,-1461.25,1285.92,-132.24,101.84
1213318.403,883.524,-186.05,-405.101,-1181.25,70.0,-1461.25,1258.56,-129.2,117.04
1213318.453,893.65,-182.695,-410.286,-1382.5,-988.75,-1767.5,1279.84,-138.32,106.4
1213318.503,891.027,-183.183,-412.421,-1837.5,-638.75,-1295.0,1292.0,-135.28,112.48
1213318.553,888.953,-185.44,-409.249,-1776.25,-350.0,-2108.75,1258.56,-147.44,115.52
1213318.603,889.258,-179.767,-411.384,-1557.5,-507.5,-1828.75,1296.56,-136.8,120.08
1213318.653,892.796,-182.695,-410.713,-1863.75,157.5,-1470.0,1284.4,-136.8,98.8
1213318.703,889.38,-183.549,-410.408,-1426.25,227.5,-1776.25,1281.36,-141.36,106.4
1213318.753,891.515,-176.473,-409.005,-1032.5,332.5,-1776.25,1273.76,-144.4,123.12
1213318.803,889.258,-182.024,-406.26,-962.5,-61.25,-918.75,1282.88,-138.32,98.8
1213318.853,889.807,-185.44,-404.979,-568.75,-323.75,-1513.75,1276.8,-138.32,118.56
1213318.903,893.711,-177.998,-405.101,-787.5,-157.5,-1225.0,1279.84,-132.24,101.84
1213318.953,893.528,-181.841,-409.31,-1531.25,-61.25,-927.5,1284.4,-132.24,117.04
1213319.003,890.6,-185.684,-409.188,-778.75,-1155.0,-1610.0,1273.76,-142.88,107.92
1213319.053,897.005,-186.904,-405.955,-507.5,743.75,-1400.0,1292.0,-144.4,101.84
1213319.103,888.099,-182.573,-399.55,-1093.75,341.25,-1513.75,1266.16,-139.84,112.48
1213319.153,891.271,-183.976,-406.077,-1163.75,-1058.75,-1426.25,1290.48,-142.88,110.96
1213319.203,894.504,-184.647,-408.639,-1487.5,-700.0,-1671.25,1272.24,-142.88,104.88
1213319.253,891.454,-182.085,-406.321,-1750.0,-560.0,-1627.5,1290.48,-150.48,103.36
1213319.303,888.099,-184.159,-407.907,-2003.75,-367.5,-1470.0,1288.96,-138.32,117.04
1213319.353,892.491,-181.231,-408.212,-1907.5,-148.75,-1837.5,1282.88,-147.44,107.92
1213319.403,894.077,-178.242,-408.822,-1627.5,358.75,-2047.5,1287.44,-133.76,115.52
1213319.453,893.833,-181.17,-404.064,-1487.5,560.0,-1338.75,1269.2,-135.28,110.96
1213319.503,892.491,-183.244,-403.942,-1076.25,490.0,-1566.25,1290.48,-139.84,120.08
1213319.553,891.515,-178.547,-402.295,-787.5,315.0,-1531.25,1266.16,-130.72,101.84
1213319.603,893.345,-179.706,-402.783,-1128.75,350.0,-1172.5,1288.96,-138.32,117.04
1213319.653,895.48,-182.39,-402.844,-1181.25,-26.25,-1408.75,1279.84,-136.8,104.88
1213319.703,894.26,-181.231,-401.685,-883.75,-210.0,-1645.0,1278.32,-130.72,112.48
1213319.753,903.41,-184.342,-402.6,-945.0,866.25,-1470.0,1285.92,-145.92,115.52
1213319.803,891.576,-183.732,-395.768,-638.75,752.5,-1697.5,1288.96,-141.36,109.44
1213319.853,892.613,-183.305,-397.293,-1146.25,-700.0,-1680.0,1278.32,-138.32,117.04
1213319.903,898.164,-179.035,-401.807,-1767.5,-665.0,-1610.0,1281.36,-145.92,104.88
1213319.953,895.846,-182.512,-402.112,-2003.75,-437.5,-1872.5,1287.44,-132.24,121.6
1213320.003,891.271,-183.61,-398.513,-1758.75,-551.25,-2030.0,1282.88,-132.24,120.08
1213320.053,895.907,-180.316,-404.186,-2065.0,-175.0,-1750.0,1295.04,-136.8,106.4
1213320.103,898.896,-181.17,-400.282,-1828.75,113.75,-1828.75,1279.84,-133.76,107.92
1213320.153,896.578,-177.571,-401.38,-1671.25,367.5,-1820.0,1284.4,-138.32,115.52
1213320.203,894.443,-177.205,-398.33,-1513.75,280.0,-1618.75,1270.72,-142.88,110.96
1213320.253,895.846,-178.73,-397.537,-1295.0,43.75,-1260.0,1293.52,-133.76,101.84
1213320.303,898.896,-177.388,-399.184,-1093.75,262.5,-1636.25,1282.88,-133.76,121.6
1213320.353,897.005,-179.523,-397.476,-1286.25,358.75,-1592.5,1288.96,-145.92,115.52
1213320.403,898.286,-175.741,-399.245,-1286.25,-988.75,-1513.75,1266.16,-127.68,127.68
1213320.453,903.471,-181.597,-396.317,-840.0,691.25,-1365.0,1290.48,-142.88,97.28
1213320.503,893.894,-179.706,-391.559,-910.0,516.25,-1592.5,1295.04,-130.72,129.2
1213320.553,895.358,-177.754,-393.267,-752.5,-131.25,-1531.25,1279.84,-132.24,110.96
1213320.603,897.981,-180.499,-395.097,-1085.0,-122.5,-1723.75,1296.56,-148.96,124.64
1213320.653,898.835,-179.035,-396.134,-1242.5,-113.75,-1907.5,1282.88,-130.72,106.4
1213320.703,893.589,-175.863,-396.561,-1671.25,78.75,-1925.0,1287.44,-133.76,117.04
1213320.753,898.042,-177.022,-392.718,-1802.5,17.5,-1610.0,1284.4,-132.24,112.48
1213320.803,898.835,-180.804,-395.402,-1706.25,140.0,-1706.25,1292.0,-127.68,103.36
1213320.853,899.384,-175.131,-394.06,-1312.5,516.25,-1933.75,1282.88,-132.24,115.52
1213320.903,898.347,-175.924,-392.901,-1373.75,280.0,-1505.0,1276.8,-130.72,115.52
1213320.953,898.835,-177.876,-390.4,-1268.75,113.75,-1592.5,1288.96,-132.24,121.6
1213321.003,901.58,-175.924,-391.437,-1242.5,-192.5,-1513.75,1275.28,-133.76,107.92
1213321.053,902.617,-176.351,-392.718,-1688.75,-175.0,-1321.25,1282.88,-135.28,129.2
1213321.103,898.286,-177.205,-392.047,-1067.5,-822.5,-1653.75,1282.88,-130.72,107.92
1213321.153,904.325,-176.412,-393.084,-1216.25,157.5,-1671.25,1295.04,-136.8,115.52
1213321.203,899.872,-176.168,-389.363,-1085.0,420.0,-1347.5,1281.36,-135.28,118.56
1213321.253,893.04,-180.499,-387.96,-682.5,-428.75,-1531.25,1287.44,-139.84,123.12
1213321.303,906.704,-173.85,-393.755,-971.25,-805.0,-1881.25,1260.08,-135.28,112.48
1213321.353,897.798,-176.9,-392.718,-1347.5,-700.0,-1443.75,1293.52,-138.32,126.16
1213321.403,898.042,-177.937,-389.18,-1680.0,-358.75,-1706.25,1285.92,-139.84,127.68
1213321.453,901.885,-175.924,-390.949,-1785.0,-131.25,-1636.25,1284.4,-127.68,101.84
1213321.503,902.861,-174.338,-391.193,-1548.75,78.75,-1723.75,1290.48,-132.24,126.16
1213321.553,901.214,-173.057,-388.021,-1662.5,43.75,-1846.25,1278.32,-124.64,126.16
1213321.603,901.641,-173.728,-388.509,-1400.0,0.0,-1505.0,1273.76,-132.24,130.72
1213321.653,900.604,-174.948,-388.448,-927.5,-52.5,-1487.5,1282.88,-130.72,135.28
1213321.703,901.092,-176.046,-386.618,-1120.0,-192.5,-1417.5,1279.84,-144.4,121.6
1213321.753,902.312,-175.802,-390.278,-1347.5,-341.25,-1347.5,1288.96,-138.32,124.64
1213321.803,901.519,-177.083,-386.13,-883.75,-455.0,-1093.75,1299.6,-141.36,114.0
1213321.853,905.606,-176.778,-392.84,-1102.5,-1041.25,-1662.5,1273.76,-145.92,123.12
1213321.903,900.726,-174.826,-386.618,-805.0,332.5,-1286.25,1298.08,-129.2,118.56
1213321.953,899.567,-174.521,-382.47,-1225.0,175.0,-1531.25,1292.0,-133.76,126.16
1213322.003,902.251,-177.327,-384.544,-1120.0,-997.5,-1505.0,1275.28,-136.8,109.44
1213322.053,904.02,-178.181,-389.485,-1548.75,-953.75,-1487.5,1284.4,-135.28,127.68
1213322.103,902.8,-174.948,-389.18,-1505.0,-507.5,-1907.5,1287.44,-132.24,120.08
1213322.153,900.787,-172.813,-389.058,-1522.5,-210.0,-1531.25,1292.0,-126.16,120.08
1213322.203,900.726,-173.606,-388.326,-2257.5,70.0,-1347.5,1292.0,-135.28,120.08
1213322.253,904.447,-176.656,-388.265,-1373.75,-52.5,-1732.5,1299.6,-142.88,123.12
1213322.303,901.58,-170.922,-387.594,-1225.0,-253.75,-1365.0,1301.12,-120.08,132.24
1213322.353,903.776,-175.436,-383.995,-1093.75,-96.25,-1032.5,1295.04,-135.28,118.56
1213322.403,902.739,-178.425,-383.69,-533.75,-192.5,-1312.5,1276.8,-129.2,129.2
1213322.453,902.8,-172.935,-386.74,-875.0,-463.75,-1085.0,1290.48,-118.56,114.0
1213322.503,901.336,-176.229,-385.276,-1102.5,-551.25,-805.0,1278.32,-133.76,124.64
1213322.553,901.397,-180.56,-386.069,-971.25,-638.75,-1190.0,1281.36,-138.32,109.44
1213322.603,908.107,-173.24,-390.034,-1338.75,-1120.0,-1513.75,1298.08,-135.28,123.12
1213322.653,901.58,-179.279,-384.849,-700.0,376.25,-980.0,1290.48,-121.6,106.4
1213322.703,898.713,-179.584,-381.799,-892.5,-201.25,-1522.5,1288.96,-142.88,106.4
1213322.753,899.323,-176.839,-386.74,-1050.0,-910.0,-1365.0,1284.4,-141.36,115.52
1213322.803,904.264,-181.475,-390.339,-1540.0,-647.5,-1286.25,1288.96,-132.24,109.44
1213322.853,903.349,-174.887,-389.851,-1697.5,-236.25,-1846.25,1296.56,-136.8,109.44
1213322.903,899.872,-176.412,-391.498,-1540.0,-393.75,-1942.5,1288.96,-132.24,120.08
1213322.953,902.373,-174.582,-389.607,-1505.0,227.5,-1601.25,1302.64,-124.64,120.08
1213323.003,902.373,-174.338,-386.74,-1601.25,358.75,-1688.75,1275.28,-136.8,106.4
1213323.053,905.362,-174.46,-386.008,-1303.75,428.75,-1820.0,1282.88,-145.92,135.28
1213323.103,903.837,-173.179,-383.69,-1198.75,437.5,-1680.0,1292.0,-145.92,120.08
1213323.153,902.068,-176.229,-381.555,-848.75,236.25,-1373.75,1304.16,-135.28,117.04
1213323.203,904.752,-175.192,-380.884,-883.75,-201.25,-1373.75,1278.32,-147.44,114.0
1213323.253,904.081,-174.887,-383.08,-1041.25,-166.25,-1225.0,1292.0,-133.76,104.88
1213323.303,901.824,-178.059,-382.775,-875.0,-525.0,-1137.5,1282.88,-127.68,123.12
1213323.353,906.338,-176.961,-384.91,-997.5,-796.25,-1758.75,1288.96,-133.76,110.96
1213323.403,904.203,-178.73,-376.797,-577.5,385.0,-1225.0,1296.56,-130.72,136.8
1213323.453,899.75,-175.009,-376.187,-866.25,-183.75,-1776.25,1292.0,-132.24,120.08
1213323.503,905.301,-173.85,-383.08,-2012.5,-1461.25,-1505.0,1296.56,-130.72,129.2
1213323.553,898.835,-179.462,-384.727,-2065.0,-1190.0,-1382.5,1278.32,-138.32,121.6
1213323.603,904.447,-176.473,-382.775,-1977.5,-1225.0,-1907.5,1296.56,-138.32,121.6
1213323.653,904.874,-172.447,-384.056,-2038.75,-927.5,-1356.25,1285.92,-136.8,110.96
1213323.703,903.105,-173.911,-385.337,-2073.75,-323.75,-1566.25,1276.8,-135.28,118.56
1213323.753,905.789,-173.545,-384.91,-1575.0,-463.75,-1960.0,1284.4,-133.76,135.28
1213323.803,905.179,-167.933,-382.653,-1951.25,96.25,-2012.5,1276.8,-127.68,123.12
1213323.853,904.691,-174.399,-379.542,-1006.25,-638.75,-1207.5,1279.84,-138.32,126.16
1213323.903,904.081,-169.519,-385.398,-988.75,-1627.5,-1137.5,1296.56,-129.2,121.6
1213323.953,907.009,-173.728,-386.923,-1330.0,-1120.0,-516.25,1285.92,-141.36,109.44
1213324.003,896.822,-177.815,-387.472,-1093.75,-892.5,-1636.25,1292.0,-135.28,114.0
1213324.053,892.552,-172.996,-383.08,-507.5,-2135.0,-1811.25,1299.6,-133.76,124.64
1213324.103,912.133,-179.767,-399.611,-2336.25,-761.25,-1032.5,1290.48,-139.84,118.56
1213324.153,916.159,-175.985,-385.886,-96.25,1758.75,-1251.25,1290.48,-127.68,129.2
1213324.203,884.073,-178.913,-374.601,-1198.75,498.75,-936.25,1307.2,-133.76,126.16
1213324.253,906.46,-172.996,-383.141,-805.0,-1120.0,-1251.25,1293.52,-132.24,123.12
1213324.303,898.286,-176.29,-387.35,-2633.75,-2126.25,-953.75,1293.52,-127.68,127.68
1213324.353,913.963,-177.937,-393.206,-1408.75,-1688.75,-2870.0,1288.96,-133.76,97.28
1213324.4031,898.469,-168.543,-396.317,-2283.75,-840.0,-1881.25,1299.6,-141.36,133.76
1213324.453,909.205,-169.641,-386.435,-1881.25,1811.25,-2065.0,1282.88,-138.32,123.12
1213324.503,901.824,-172.386,-382.958,-1426.25,962.5,-1925.0,1270.72,-130.72,124.64
1213324.553,902.617,-167.994,-380.518,-2047.5,420.0,-848.75,1293.52,-142.88,107.92
1213324.603,899.628,-180.255,-382.47,-2143.75,-621.25,-1146.25,1284.4,-127.68,126.16
1213324.653,902.434,-166.103,-386.13,-455.0,-2161.25,-1986.25,1292.0,-133.76,123.12
1213324.703,907.192,-172.508,-384.056,-1050.0,446.25,-568.75,1290.48,-133.76,104.88
1213324.753,902.373,-177.815,-385.886,-1811.25,-140.0,-2170.0,1292.0,-145.92,121.6
1213324.803,908.229,-162.687,-382.897,-1627.5,1645.0,-805.0,1279.84,-141.36,110.96
1213324.853,897.981,-180.011,-377.346,-2170.0,1356.25,-455.0,1295.04,-144.4,124.64
1213324.903,902.373,-171.288,-376.126,-52.5,-1408.75,-2292.5,1290.48,-133.76,112.48
1213324.953,895.114,-167.018,-381.006,-901.25,-2108.75,-682.5,1299.6,-135.28,124.64
1213325.003,912.865,-182.878,-385.581,-1268.75,236.25,-883.75,1282.88,-136.8,138.32
1213325.053,899.384,-171.898,-383.446,-603.75,-1163.75,-2108.75,1311.76,-130.72,115.52
1213325.103,902.373,-170.129,-382.958,-2791.25,-813.75,-1076.25,1292.0,-130.72,123.12
1213325.153,906.338,-179.645,-384.422,-1540.0,-971.25,-2056.25,1282.88,-123.12,110.96
1213325.203,901.275,-163.968,-386.313,-2353.75,665.0,-1960.0,1282.88,-144.4,115.52
1213325.253,916.464,-176.961,-386.496,-2126.25,-883.75,-1268.75,1282.88,-130.72,104.88
1213325.303,901.641,-173.789,-378.932,-770.0,2703.75,-1828.75,1301.12,-127.68,110.96
1213325.353,909.144,-171.288,-382.958,105.0,-490.0,-568.75,1281.36,-127.68,106.4
1213325.403,898.774,-173.484,-376.553,-2205.0,105.0,-516.25,1278.32,-129.2,126.16
1213325.453,909.205,-181.902,-380.945,-2100.0,-1058.75,-1426.25,1278.32,-139.84,126.16
1213325.503,908.107,-157.746,-388.631,-1706.25,-927.5,-542.5,1284.4,-133.76,114.0
1213325.553,904.203,-187.148,-375.882,-2835.0,271.25,533.75,1273.76,-132.24,121.6
1213325.603,892.186,-186.782,-377.712,2231.25,-2773.75,-3360.0,1290.48,-127.68,118.56
1213325.653,917.257,-162.992,-383.812,1120.0,-1513.75,-1627.5,1285.92,-152.0,120.08
1213325.703,896.029,-176.107,-384.239,-2423.75,-262.5,-822.5,1282.88,-133.76,107.92
1213325.753,904.752,-174.826,-391.864,-778.75,-3596.25,-2555.0,1301.12,-129.2,127.68
1213325.803,893.894,-177.327,-391.681,-2458.75,-1890.0,-1706.25,1263.12,-132.24,126.16
1213325.853,908.656,-183.915,-392.23,-210.0,1960.0,-2747.5,1288.96,-135.28,109.44
1213325.903,904.935,-179.645,-387.289,376.25,2493.75,-3377.5,1282.88,-121.6,114.0
1213325.953,901.458,-164.456,-378.871,-1820.0,1592.5,-2677.5,1293.52,-130.72,127.68
1213326.003,898.713,-170.434,-378.139,-2336.25,-393.75,-2030.0,1275.28,-138.32,121.6
1213326.053,910.669,-170.678,-380.762,-1540.0,-1793.75,-1531.25,1278.32,-130.72,109.44
1213326.103,902.007,-173.972,-377.407,-1505.0,-166.25,-1531.25,1276.8,-132.24,127.68
1213326.153,904.203,-169.092,-387.045,-87.5,-936.25,-1776.25,1279.84,-136.8,115.52
1213326.203,908.29,-174.643,-380.152,-1417.5,1653.75,-726.25,1284.4,-139.84,123.12
1213326.253,900.116,-177.815,-377.468,-323.75,-673.75,-1032.5,1296.56,-127.68,109.44
1213326.303,899.506,-170.434,-377.773,-542.5,-1715.0,-1758.75,1293.52,-133.76,126.16
1213326.353,901.275,-169.458,-393.633,-1968.75,-4392.5,-1452.5,1273.76,-145.92,118.56
1213326.403,906.277,-175.131,-377.956,-253.75,2318.75,-953.75,1295.04,-132.24,127.68
1213326.453,906.094,-176.961,-381.799,-1260.0,341.25,-1601.25,1269.2,-126.16,130.72
1213326.503,905.057,-166.225,-381.006,-2047.5,682.5,-1181.25,1295.04,-133.76,121.6
1213326.553,902.129,-180.865,-380.884,-3272.5,-1566.25,-1907.5,1292.0,-130.72,120.08
1213326.603,907.619,-178.12,-385.276,-1268.75,-236.25,-2572.5,1287.44,-123.12,117.04
1213326.653,914.268,-165.859,-386.191,-3298.75,-43.75,-682.5,1278.32,-129.2,120.08
1213326.703,889.502,-181.048,-376.309,-1592.5,1093.75,-1548.75,1293.52,-123.12,112.48
1213326.753,919.392,-164.639,-381.86,-288.75,2878.75,-2143.75,1287.44,-126.16,126.16
1213326.803,894.992,-163.724,-374.113,-1531.25,1793.75,-1767.5,1272.24,-123.12,115.52
1213326.853,917.44,-170.129,-379.481,-1470.0,-1548.75,-2336.25,1298.08,-135.28,132.24
1213326.903,904.691,-168.726,-380.823,-2143.75,-1452.5,-761.25,1279.84,-123.12,114.0
1213326.953,905.24,-173.301,-378.322,-218.75,918.75,-831.25,1295.04,-139.84,130.72
1213327.003,914.39,-170.556,-379.542,560.0,385.0,-1645.0,1288.96,-130.72,112.48
1213327.053,897.31,-159.698,-375.028,-1111.25,306.25,-831.25,1296.56,-136.8,132.24
1213327.103,913.231,-180.499,-383.69,-1636.25,-1242.5,-1461.25,1279.84,-133.76,114.0
1213327.153,909.449,-166.896,-382.897,-2222.5,-1225.0,-1776.25,1284.4,-135.28,123.12
1213327.203,892.674,-175.558,-372.283,-1995.0,927.5,-1242.5,1293.52,-127.68,129.2
1213327.253,909.449,-167.628,-377.346,245.0,-1916.25,-2187.5,1281.36,-115.52,112.48
1213327.303,914.573,-163.053,-383.446,-455.0,-297.5,-638.75,1290.48,-129.2,129.2
1213327.353,904.142,-171.166,-381.86,-1706.25,-962.5,-1785.0,1279.84,-121.6,107.92
1213327.403,899.323,-174.216,-379.908,-1041.25,-1015.0,-1802.5,1279.84,-126.16,123.12
1213327.453,921.466,-159.088,-383.995,-3841.25,1190.0,87.5,1275.28,-135.28,121.6
1213327.503,898.896,-190.747,-371.429,-892.5,2222.5,-1671.25,1296.56,-129.2,126.16
1213327.553,914.268,-155.611,-374.54,1505.0,665.0,-2415.0,1267.68,-136.8,127.68
1213327.603,892.43,-167.689,-374.357,-2791.25,-2187.5,122.5,1288.96,-132.24,126.16
1213327.653,915.244,-181.353,-379.969,-3228.75,-2773.75,-2030.0,1278.32,-133.76,118.56
1213327.703,899.262,-164.395,-382.348,-1102.5,-271.25,-1566.25,1284.4,-133.76,123.12
1213327.753,920.124,-169.763,-379.359,-3465.0,1496.25,-105.0,1273.76,-139.84,144.4
1213327.803,899.079,-181.719,-372.1,-113.75,-1032.5,-2126.25,1276.8,-121.6,127.68
1213327.853,922.625,-162.687,-375.882,52.5,1645.0,-2100.0,1293.52,-136.8,133.76
1213327.903,898.347,-164.334,-371.612,-4156.25,-1933.75,-1758.75,1281.36,-133.76,127.68
1213327.953,912.56,-161.101,-382.47,-3360.0,-2852.5,-2030.0,1292.0,-135.28,130.72
1213328.003,906.094,-159.21,-383.629,-3570.0,-1951.25,-245.0,1292.0,-130.72,121.6
1213328.053,909.144,-177.754,-378.81,-332.5,866.25,-1942.5,1295.04,-129.2,121.6
1213328.103,907.07,-163.053,-379.969,1443.75,796.25,-1242.5,1284.4,-127.68,120.08
1213328.153,906.887,-163.785,-373.137,-2117.5,140.0,52.5,1302.64,-133.76,121.6
1213328.203,906.521,-174.643,-375.943,-1216.25,-542.5,-673.75,1279.84,-138.32,121.6
1213328.253,909.998,-167.689,-377.895,-945.0,-2065.0,-1426.25,1288.96,-141.36,130.72
1213328.303,906.704,-168.97,-376.187,-1417.5,-376.25,-1251.25,1296.56,-132.24,138.32
1213328.353,909.51,-177.327,-377.041,236.25,-770.0,-988.75,1281.36,-127.68,115.52
1213328.403,903.471,-164.883,-376.858,-122.5,-105.0,-1338.75,1292.0,-135.28,133.76
1213328.453,896.578,-170.251,-373.869,-1750.0,-1872.5,-1338.75,1282.88,-121.6,112.48
1213328.503,911.645,-169.275,-388.875,-1408.75,-2782.5,-2423.75,1290.48,-135.28,109.44
1213328.553,917.989,-164.456,-380.884,-3403.75,866.25,-595.0,1276.8,-132.24,112.48
1213328.603,899.75,-185.379,-376.065,288.75,-840.0,-1260.0,1296.56,-121.6,123.12
1213328.653,909.205,-168.726,-379.969,1198.75,-778.75,-1933.75,1276.8,-135.28,115.52
1213328.703,906.155,-162.809,-383.995,-3080.0,-1513.75,-708.75,1302.64,-136.8,124.64
1213328.753,922.625,-172.874,-387.777,-2458.75,-43.75,-2441.25,1290.48,-129.2,141.36
1213328.803,898.896,-169.153,-388.326,-1820.0,376.25,-1417.5,1287.44,-130.72,126.16
1213328.853,898.042,-175.314,-366.915,-980.0,2423.75,-910.0,1295.04,-139.84,126.16
1213328.903,896.456,-180.438,-372.588,507.5,-883.75,-1610.0,1293.52,-135.28,110.96
1213328.953,910.547,-158.234,-378.688,-1233.75,875.0,-1855.0,1293.52,-126.16,127.68
1213329.003,897.554,-169.275,-378.383,-3552.5,-1146.25,-1155.0,1276.8,-132.24,106.4
1213329.053,912.987,-158.356,-384.727,-1557.5,-2546.25,-3211.25,1290.48,-136.8,115.52
1213329.103,909.815,-170.434,-377.59,-2966.25,568.75,-8.75,1272.24,-129.2,129.2
1213329.153,902.19,-182.39,-378.566,-1268.75,61.25,-1793.75,1292.0,-138.32,123.12
1213329.203,911.218,-156.831,-380.091,-708.75,595.0,-1855.0,1288.96,-133.76,115.52
1213329.253,896.151,-163.114,-374.906,-2721.25,-778.75,-866.25,1305.68,-123.12,114.0
1213329.303,909.022,-170.678,-381.921,-831.25,-1391.25,-1828.75,1288.96,-129.2,120.08
1213329.353,910.486,-163.48,-389.851,-1496.25,-1207.5,-1487.5,1295.04,-124.64,117.04
1213329.403,902.373,-167.994,-379.664,-1951.25,-166.25,-1890.0,1278.32,-124.64,120.08
1213329.453,915.671,-172.02,-377.346,735.0,1102.5,-1137.5,1292.0,-118.56,109.44
1213329.503,898.896,-162.992,-372.649,-551.25,1216.25,-1505.0,1293.52,-127.68,110.96
1213329.553,908.839,-165.676,-378.383,-2257.5,-1968.75,-1977.5,1270.72,-124.64,115.52
1213329.603,909.144,-167.994,-382.653,-2520.0,-2721.25,-997.5,1290.48,-126.16,117.04
1213329.653,911.889,-170.739,-385.215,-1680.0,-586.25,-1260.0,1288.96,-135.28,121.6
1213329.703,902.19,-177.815,-378.993,-113.75,-988.75,-2126.25,1292.0,-136.8,118.56
1213329.753,902.739,-163.297,-379.908,-691.25,-1951.25,-3578.75,1284.4,-139.84,133.76
1213329.803,893.101,-195.566,-373.32,1513.75,-3850.0,-4602.5,1285.92,-127.68,110.96
1213329.853,890.478,-214.293,-374.479,10403.75,-9082.5,-10858.75,1302.64,-130.72,123.12
1213329.903,875.411,-234.24,-387.35,25191.25,-16835.0,-20028.75,1279.84,-133.76,98.8
1213329.953,886.391,-220.576,-403.576,41807.5,-21393.75,-29225.0,1288.96,-126.16,109.44
1213330.003,890.112,-155.489,-438.407,50181.25,-17718.75,-33171.25,1275.28,-115.52,91.2
1213330.053,901.153,-127.429,-442.86,55011.25,-17377.5,-33171.25,1305.68,-117.04,86.64
1213330.103,889.38,-106.872,-438.041,47565.0,-9625.0,-26993.75,1261.6,-127.68,82.08
1213330.153,909.693,-92.781,-434.564,42315.0,-5775.0,-20177.5,1261.6,-114.0,63.84
1213330.2031,886.208,-97.905,-425.109,36732.5,-4812.5,-15233.75,1270.72,-117.04,85.12
1213330.253,907.009,-102.968,-423.462,25935.0,-4471.25,-8251.25,1255.52,-124.64,54.72
1213330.303,898.591,-119.621,-418.704,20930.0,-2563.75,-4996.25,1247.92,-120.08,79.04
1213330.353,906.155,-126.331,-415.41,13265.0,-927.5,-971.25,1257.04,-123.12,56.24
1213330.403,895.846,-162.626,-402.356,9205.0,1006.25,551.25,1247.92,-127.68,68.4
1213330.453,901.153,-160.308,-404.674,10027.5,770.0,-1776.25,1257.04,-138.32,50.16
1213330.503,883.951,-168.665,-399.672,5451.25,-796.25,-183.75,1267.68,-144.4,79.04
1213330.553,890.173,-175.436,-404.796,5118.75,-2135.0,-997.5,1257.04,-132.24,60.8
1213330.603,895.419,-169.519,-405.162,2336.25,-1487.5,-1216.25,1272.24,-136.8,66.88
1213330.653,894.87,-177.876,-405.955,1330.0,-883.75,-848.75,1249.44,-141.36,57.76
1213330.703,897.432,-176.168,-404.796,455.0,1102.5,-533.75,1269.2,-133.76,74.48
1213330.753,890.112,-177.998,-403.637,-1207.5,1426.25,-1400.0,1266.16,-144.4,68.4
1213330.803,901.031,-170.922,-399.977,-52.5,1741.25,-2817.5,1266.16,-133.76,54.72
1213330.853,888.77,-164.09,-396.744,-2450.0,1671.25,-1671.25,1266.16,-142.88,63.84
1213330.903,900.177,-170.617,-401.319,-2887.5,778.75,-87.5,1252.48,-133.76,74.48
1213330.953,886.391,-182.817,-397.11,-2222.5,-778.75,-183.75,1266.16,-133.76,79.04
1213331.003,899.689,-179.828,-404.796,-2126.25,-1303.75,-1400.0,1258.56,-135.28,66.88
1213331.053,892.003,-177.51,-401.075,-577.5,-1023.75,-2100.0,1270.72,-148.96,65.36
1213331.103,899.201,-176.717,-399.428,17.5,-1417.5,-2310.0,1267.68,-139.84,66.88
1213331.153,896.578,-177.937,-402.722,612.5,-1723.75,-2607.5,1273.76,-145.92,65.36
1213331.203,896.883,-175.436,-401.929,805.0,-1531.25,-2441.25,1270.72,-127.68,68.4
1213331.253,889.136,-177.388,-399.672,857.5,-1548.75,-1986.25,1255.52,-138.32,48.64
1213331.303,900.604,-173.362,-406.321,1811.25,-2126.25,-2905.0,1273.76,-141.36,63.84
1213331.353,893.833,-173.057,-405.467,831.25,-1365.0,-1767.5,1257.04,-130.72,50.16
1213331.403,899.018,-177.571,-406.077,-35.0,-1592.5,-1417.5,1278.32,-145.92,69.92
1213331.453,896.029,-178.974,-403.149,866.25,-393.75,-1960.0,1257.04,-138.32,71.44
1213331.503,887.123,-177.266,-396.317,498.75,-175.0,-1732.5,1263.12,-153.52,62.32
1213331.553,895.724,-174.887,-403.393,393.75,-1400.0,-1207.5,1263.12,-129.2,62.32
1213331.603,894.687,-182.085,-402.722,306.25,-875.0,-980.0,1273.76,-133.76,51.68
1213331.653,893.04,-184.098,-404.43,1890.0,-1058.75,-1120.0,1267.68,-142.88,77.52
1213331.703,892.857,-182.695,-397.964,2301.25,-1128.75,-1496.25,1263.12,-139.84,50.16
1213331.753,889.746,-179.584,-403.332,1662.5,-1723.75,-1776.25,1269.2,-145.92,53.2
1213331.803,888.77,-184.464,-405.894,1076.25,-2161.25,-1890.0,1252.48,-150.48,69.92
1213331.853,894.077,-186.111,-408.151,1513.75,-2345.0,-2476.25,1254.0,-148.96,79.04
1213331.903,892.674,-180.987,-406.321,1417.5,-1723.75,-2887.5,1254.0,-145.92,47.12
1213331.953,893.772,-175.985,-409.554,-341.25,-988.75,-2030.0,1266.16,-136.8,56.24
1213332.003,888.831,-182.024,-408.822,-1312.5,-157.5,-1330.0,1252.48,-145.92,56.24
1213332.053,898.347,-186.66,-407.785,-1995.0,385.0,-1802.5,1266.16,-144.4,62.32
1213332.103,892.369,-179.706,-402.112,-1163.75,866.25,-2117.5,1252.48,-141.36,59.28
1213332.153,887.428,-180.926,-397.781,-1295.0,105.0,-1330.0,1254.0,-129.2,50.16
1213332.203,894.26,-181.78,-403.759,-1531.25,-1312.5,-1907.5,1263.12,-147.44,54.72
1213332.253,897.005,-184.281,-404.43,-1041.25,-971.25,-1286.25,1270.72,-145.92,53.2
1213332.303,888.282,-181.475,-405.65,-2283.75,-1058.75,-1181.25,1264.64,-130.72,60.8
1213332.353,893.467,-180.194,-409.798,-1977.5,-927.5,-1653.75,1255.52,-148.96,47.12
1213332.403,892.735,-178.669,-408.395,-1995.0,-1023.75,-1408.75,1258.56,-126.16,57.76
1213332.453,894.382,-177.327,-409.188,-2047.5,-796.25,-1277.5,1257.04,-141.36,66.88
1213332.503,890.844,-178.242,-410.53,-1942.5,-490.0,-866.25,1269.2,-139.84,54.72
1213332.553,890.966,-179.279,-406.748,-1163.75,-918.75,-901.25,1263.12,-150.48,60.8
1213332.603,891.332,-178.913,-410.469,-1198.75,-341.25,-1163.75,1263.12,-145.92,39.52
1213332.653,883.646,-180.621,-408.334,-910.0,245.0,-595.0,1260.08,-152.0,65.36
1213332.703,896.212,-182.329,-409.005,-1898.75,323.75,-1373.75,1246.4,-135.28,56.24
1213332.753,891.942,-180.499,-407.846,-1505.0,927.5,-1426.25,1270.72,-145.92,62.32
1213332.803,889.136,-184.281,-402.539,-1487.5,-253.75,-822.5,1252.48,-136.8,56.24
1213332.853,891.576,-183.244,-404.369,-1601.25,-673.75,-1242.5,1266.16,-150.48,63.84
1213332.903,894.992,-182.878,-408.761,-1146.25,-647.5,-1645.0,1258.56,-145.92,60.8
1213332.953,891.271,-179.828,-406.138,-2205.0,-341.25,-1592.5,1263.12,-156.56,62.32
1213333.003,889.929,-183.122,-405.711,-2135.0,-428.75,-1338.75,1258.56,-142.88,57.76
1213333.053,893.65,-179.096,-409.432,-1898.75,-70.0,-1671.25,1237.28,-139.84,53.2
1213333.103,890.539,-177.083,-407.297,-2038.75,-393.75,-1496.25,1258.56,-145.92,66.88
1213333.153,896.212,-177.815,-406.016,-1601.25,-236.25,-1400.0,1244.88,-138.32,51.68
1213333.203,894.931,-177.754,-404.979,-1373.75,35.0,-1216.25,1241.84,-147.44,66.88
1213333.253,890.844,-181.78,-407.907,-1198.75,-463.75,-1216.25,1257.04,-133.76,56.24
1213333.303,895.541,-176.839,-406.199,-1190.0,-358.75,-1478.75,1263.12,-152.0,68.4
1213333.353,886.696,-179.828,-405.467,-1023.75,-96.25,-805.0,1254.0,-138.32,68.4
1213333.403,896.334,-185.135,-407.663,-1811.25,-131.25,-1347.5,1275.28,-139.84,65.36
1213333.453,892.491,-180.011,-402.783,-1155.0,700.0,-1706.25,1264.64,-132.24,74.48
1213333.503,889.197,-181.353,-402.417,-892.5,-245.0,-936.25,1244.88,-142.88,51.68
1213333.553,896.09,-182.634,-404.979,-1347.5,-735.0,-1382.5,1272.24,-147.44,68.4
1213333.603,894.199,-179.462,-404.308,-1391.25,-350.0,-1566.25,1252.48,-142.88,56.24
1213333.653,888.282,-182.207,-404.125,-2441.25,-402.5,-1251.25,1254.0,-141.36,63.84
1213333.703,892.247,-183.366,-404.979,-1933.75,-603.75,-1478.75,1254.0,-129.2,53.2
1213333.753,895.541,-179.584,-406.504,-1557.5,-288.75,-1785.0,1257.04,-132.24,60.8
1213333.803,891.515,-180.499,-404.003,-1942.5,-306.25,-1522.5,1247.92,-145.92,62.32
1213333.853,892.491,-181.841,-405.955,-1478.75,-306.25,-1601.25,1272.24,-133.76,69.92
1213333.903,894.321,-180.011,-404.796,-1330.0,-78.75,-1601.25,1258.56,-124.64,66.88
1213333.953,891.759,-175.619,-401.807,-1452.5,-61.25,-1338.75,1266.16,-139.84,69.92
1213334.003,892.674,-178.12,-402.905,-1828.75,-43.75,-1242.5,1258.56,-142.88,74.48
1213334.053,888.77,-182.573,-403.82,-778.75,-140.0,-1155.0,1252.48,-136.8,51.68
1213334.103,899.384,-176.839,-404.674,-1907.5,35.0,-1680.0,1258.56,-136.8,72.96
1213334.153,897.615,-176.717,-401.075,-1653.75,848.75,-1540.0,1270.72,-139.84,60.8
1213334.203,890.112,-181.17,-396.012,-1321.25,-315.0,-1137.5,1269.2,-142.88,76.0
1213334.253,898.713,-181.048,-404.125,-1627.5,-1041.25,-1251.25,1247.92,-129.2,59.28
1213334.303,894.626,-182.512,-406.443,-1426.25,-770.0,-1295.0,1267.68,-133.76,63.84
1213334.353,892.064,-182.451,-400.953,-1977.5,-288.75,-1767.5,1263.12,-142.88,72.96
1213334.403,891.515,-176.839,-401.563,-1890.0,-157.5,-1496.25,1264.64,-135.28,68.4
1213334.453,893.345,-180.743,-403.454,-1723.75,-175.0,-1758.75,1249.44,-138.32,59.28
1213334.503,895.846,-177.205,-402.722,-1741.25,-113.75,-1723.75,1255.52,-133.76,56.24
1213334.553,896.151,-177.266,-404.552,-1338.75,-227.5,-1575.0,1270.72,-152.0,66.88
1213334.603,896.822,-178.547,-401.258,-910.0,17.5,-1636.25,1247.92,-133.76,62.32
1213334.653,892.003,-175.192,-400.038,-1190.0,-131.25,-1303.75,1272.24,-152.0,69.92
1213334.703,895.419,-177.327,-398.086,-1347.5,-700.0,-1190.0,1250.96,-145.92,69.92
1213334.753,895.663,-183.244,-399.123,-1067.5,-1163.75,-875.0,1264.64,-144.4,63.84
1213334.803,895.846,-176.29,-399.855,-1505.0,-1557.5,-1400.0,1247.92,-150.48,59.28
1213334.853,898.103,-175.619,-399.184,-910.0,-175.0,-1356.25,1261.6,-147.44,57.76
1213334.903,891.82,-176.473,-396.744,-1583.75,-236.25,-1338.75,1250.96,-138.32,50.16
1213334.953,892.918,-180.804,-400.892,-1671.25,-1618.75,-936.25,1261.6,-126.16,59.28
1213335.003,896.456,-181.963,-404.796,-1295.0,-1050.0,-953.75,1261.6,-147.44,65.36
1213335.053,892.735,-176.229,-405.772,-2406.25,-577.5,-1435.0,1247.92,-142.88,48.64
1213335.103,891.149,-178.303,-404.735,-2056.25,-743.75,-770.0,1266.16,-147.44,62.32
1213335.153,891.271,-178.547,-404.247,-2397.5,-840.0,-1312.5,1261.6,-147.44,65.36
1213335.203,896.456,-178.913,-405.833,-2213.75,-288.75,-1627.5,1275.28,-148.96,66.88
1213335.253,894.565,-181.048,-406.748,-2065.0,-52.5,-1505.0,1255.52,-124.64,47.12
1213335.303,894.138,-178.181,-403.454,-1715.0,227.5,-1662.5,1264.64,-129.2,62.32
1213335.353,894.443,-176.656,-402.478,-1732.5,-26.25,-1330.0,1243.36,-142.88,68.4
1213335.403,895.419,-175.924,-405.04,-1601.25,35.0,-1251.25,1266.16,-130.72,51.68
1213335.453,895.419,-183.366,-404.552,-1233.75,-280.0,-778.75,1266.16,-129.2,56.24
1213335.503,899.811,-174.826,-403.149,-2318.75,-183.75,-1540.0,1255.52,-136.8,57.76
1213335.553,894.382,-175.924,-400.465,-1548.75,700.0,-1198.75,1257.04,-138.32,57.76
1213335.603,889.807,-175.375,-394.975,-2038.75,-297.5,-1085.0,1257.04,-129.2,59.28
1213335.653,900.116,-178.791,-401.929,-1295.0,-1216.25,-1277.5,1275.28,-138.32,72.96
1213335.703,897.554,-174.399,-403.82,-1260.0,-1076.25,-945.0,1263.12,-138.32,65.36
1213335.753,891.454,-178.486,-401.197,-2056.25,-883.75,-1198.75,1264.64,-127.68,77.52
1213335.803,893.467,-177.51,-405.101,-1942.5,-1216.25,-1207.5,1263.12,-145.92,65.36
1213335.853,897.493,-175.375,-407.114,-2161.25,-481.25,-1067.5,1257.04,-136.8,72.96
1213335.903,894.382,-179.035,-407.419,-1767.5,-516.25,-1242.5,1254.0,-145.92,68.4
1213335.953,892.613,-176.717,-404.308,-1741.25,-332.5,-1198.75,1244.88,-145.92,56.24
1213336.003,891.82,-175.68,-403.576,-1837.5,8.75,-1085.0,1266.16,-135.28,68.4
1213336.053,894.565,-180.743,-404.796,-1382.5,105.0,-1312.5,1237.28,-138.32,68.4
1213336.103,899.262,-177.266,-406.321,-1898.75,656.25,-1680.0,1252.48,-152.0,66.88
1213336.153,894.077,-173.667,-399.611,-2152.5,210.0,-1443.75,1247.92,-148.96,66.88
1213336.203,900.299,-183.671,-401.38,-1583.75,1128.75,-1680.0,1258.56,-135.28,65.36
1213336.253,889.929,-172.386,-394.914,-1715.0,621.25,-1575.0,1258.56,-136.8,82.08
1213336.303,893.162,-177.571,-394.853,-1426.25,-52.5,-980.0,1257.04,-135.28,66.88
1213336.353,898.835,-181.902,-397.781,-1977.5,-910.0,-988.75,1257.04,-138.32,76.0
1213336.403,897.554,-172.996,-401.319,-2800.0,-542.5,-1312.5,1255.52,-127.68,56.24
1213336.453,897.432,-173.545,-401.441,-3325.0,-26.25,-525.0,1255.52,-145.92,79.04
1213336.503,892.491,-183.793,-399.245,-3193.75,61.25,-910.0,1250.96,-142.88,62.32
1213336.553,894.931,-184.83,-399.672,-1977.5,-297.5,-1627.5,1263.12,-144.4,68.4
1213336.603,898.835,-173.545,-402.722,-1758.75,-122.5,-1671.25,1260.08,-126.16,53.2
1213336.653,896.273,-172.203,-397.842,-1662.5,-201.25,-1085.0,1258.56,-136.8,57.76
1213336.703,896.639,-175.192,-396.561,-1767.5,-70.0,-1435.0,1244.88,-132.24,68.4
1213336.753,899.872,-175.131,-397.415,-2143.75,-131.25,-1023.75,1261.6,-135.28,63.84
1213336.803,890.295,-177.937,-398.574,-1391.25,-271.25,-630.0,1266.16,-148.96,72.96
1213336.853,901.092,-180.011,-398.513,-1382.5,-227.5,-1225.0,1257.04,-141.36,56.24
1213336.903,897.371,-173.362,-395.829,-1391.25,105.0,-1076.25,1269.2,-153.52,77.52
1213336.953,893.467,-182.268,-394.243,-892.5,-735.0,-778.75,1254.0,-129.2,62.32
1213337.003,902.495,-176.778,-398.94,-1137.5,-1032.5,-1268.75,1279.84,-147.44,74.48
1213337.053,898.164,-176.9,-401.807,-1111.25,-682.5,-1417.5,1263.12,-130.72,53.2
1213337.103,894.687,-176.961,-401.807,-1942.5,-577.5,-1478.75,1273.76,-153.52,68.4
1213337.153,898.042,-179.035,-400.831,-1890.0,-560.0,-1286.25,1255.52,-142.88,62.32
1213337.203,897.31,-176.9,-398.452,-1338.75,-682.5,-1715.0,1276.8,-139.84,80.56
1213337.253,899.079,-173.972,-398.147,-1671.25,-533.75,-1470.0,1254.0,-132.24,57.76
1213337.303,895.48,-179.828,-401.502,-1662.5,-341.25,-1312.5,1275.28,-147.44,65.36
1213337.353,896.456,-178.12,-400.953,-1172.5,-227.5,-1645.0,1266.16,-138.32,54.72
1213337.403,892.857,-171.166,-399.611,-1531.25,-8.75,-1540.0,1269.2,-132.24,56.24
1213337.453,895.846,-178.852,-400.648,-1487.5,-113.75,-936.25,1258.56,-141.36,62.32
1213337.503,901.824,-176.656,-399.367,-1995.0,-262.5,-1636.25,1261.6,-123.12,62.32
1213337.553,893.772,-174.765,-395.768,-1443.75,306.25,-1137.5,1279.84,-135.28,86.64
1213337.603,894.016,-177.144,-393.511,-1207.5,-280.0,-1391.25,1261.6,-124.64,63.84
1213337.653,900.604,-176.351,-399.794,-1522.5,-708.75,-1312.5,1246.4,-126.16,88.16
1213337.703,898.286,-181.658,-398.513,-1461.25,-341.25,-1032.5,1247.92,-132.24,63.84
1213337.753,894.504,-176.29,-397.415,-2196.25,-166.25,-1680.0,1266.16,-136.8,71.44
1213337.803,896.151,-174.582,-398.94,-1802.5,-245.0,-1295.0,1249.44,-130.72,66.88
1213337.853,899.994,-175.68,-399.428,-2091.25,-175.0,-1408.75,1258.56,-138.32,71.44
1213337.903,897.554,-173.362,-396.866,-2170.0,-175.0,-1391.25,1244.88,-147.44,68.4
1213337.953,896.639,-175.131,-397.049,-2091.25,-157.5,-1251.25,1249.44,-141.36,68.4
1213338.003,897.127,-172.874,-396.805,-1452.5,166.25,-1391.25,1257.04,-142.88,69.92
1213338.053,896.883,-171.349,-396.561,-1575.0,70.0,-1513.75,1250.96,-136.8,86.64
1213338.103,898.042,-178.303,-397.598,-1881.25,262.5,-1207.5,1266.16,-150.48,77.52
1213338.153,895.663,-171.41,-396.683,-1417.5,-358.75,-1207.5,1249.44,-132.24,60.8
1213338.203,896.09,-175.375,-394.121,-1181.25,-148.75,-1120.0,1244.88,-129.2,76.0
1213338.253,892.735,-175.314,-388.509,-1557.5,-17.5,-1408.75,1249.44,-139.84,59.28
1213338.303,896.7,-173.667,-395.402,-1242.5,-638.75,-971.25,1273.76,-141.36,69.92
1213338.353,899.628,-176.595,-401.197,-1575.0,-971.25,-1198.75,1254.0,-144.4,68.4
1213338.403,900.299,-176.107,-398.025,-1837.5,-358.75,-1295.0,1272.24,-136.8,68.4
1213338.453,896.578,-175.619,-396.073,-1793.75,-472.5,-1155.0,1252.48,-124.64,74.48
1213338.503,897.127,-172.569,-396.683,-2056.25,-323.75,-1557.5,1279.84,-126.16,66.88
1213338.553,901.641,-171.166,-399.794,-2108.75,96.25,-1540.0,1257.04,-130.72,74.48
1213338.603,897.31,-171.288,-394.853,-1855.0,-481.25,-1155.0,1260.08,-133.76,68.4
1213338.653,902.251,-171.959,-396.622,-1715.0,-157.5,-1251.25,1263.12,-135.28,80.56
1213338.703,896.822,-170.678,-396.073,-2012.5,43.75,-630.0,1255.52,-129.2,57.76
1213338.753,897.432,-173.301,-394.06,-2056.25,-8.75,-638.75,1275.28,-133.76,79.04
1213338.803,897.676,-178.669,-394.975,-1190.0,-446.25,-1041.25,1241.84,-133.76,62.32
1213338.853,906.338,-168.116,-398.635,-2205.0,-105.0,-1715.0,1258.56,-142.88,91.2
1213338.903,899.445,-171.715,-389.058,-1653.75,236.25,-1321.25,1263.12,-148.96,66.88
1213338.953,894.809,-173.423,-387.838,-1881.25,-866.25,-717.5,1258.56,-133.76,71.44
1213339.003,898.896,-173.85,-394.487,-1767.5,-1242.5,-953.75,1260.08,-126.16,80.56
1213339.053,899.506,-177.083,-398.452,-1172.5,-1365.0,-1548.75,1264.64,-141.36,60.8
1213339.103,896.517,-174.582,-397.476,-2108.75,-612.5,-1513.75,1258.56,-135.28,68.4
1213339.153,894.992,-176.778,-396.866,-2415.0,-350.0,-1391.25,1261.6,-147.44,62.32
1213339.203,894.016,-173.667,-397.415,-2030.0,-472.5,-1671.25,1269.2,-136.8,77.52
1213339.253,898.286,-171.776,-397.171,-1925.0,-70.0,-1478.75,1252.48,-132.24,66.88
1213339.303,899.75,-171.166,-397.72,-1566.25,131.25,-1312.5,1278.32,-133.76,77.52
1213339.353,897.92,-169.702,-393.816,-1198.75,262.5,-1671.25,1255.52,-121.6,79.04
1213339.403,898.042,-167.994,-393.511,-1417.5,315.0,-1443.75,1269.2,-142.88,76.0
1213339.453,898.896,-175.131,-393.938,-787.5,8.75,-1190.0,1254.0,-138.32,68.4
1213339.503,909.388,-174.887,-394.731,-2117.5,507.5,-1601.25,1269.2,-138.32,80.56
1213339.553,899.933,-170.068,-387.472,-1408.75,603.75,-1426.25,1263.12,-132.24,69.92
1213339.603,896.517,-173.484,-388.509,-1793.75,-420.0,-1242.5,1254.0,-121.6,54.72
1213339.653,903.532,-170.861,-391.01,-1898.75,-621.25,-1435.0,1257.04,-127.68,85.12
1213339.703,901.641,-172.691,-391.803,-1347.5,-875.0,-988.75,1266.16,-135.28,62.32
1213339.753,897.066,-172.508,-391.01,-1610.0,-892.5,-1435.0,1278.32,-132.24,79.04
1213339.803,902.739,-167.75,-393.633,-1592.5,-805.0,-1435.0,1255.52,-132.24,76.0
1213339.853,901.275,-170.556,-398.33,-1802.5,-481.25,-1190.0,1276.8,-135.28,80.56
1213339.903,900.177,-173.667,-394.609,-1470.0,-428.75,-1443.75,1254.0,-132.24,74.48
1213339.953,900.177,-168.055,-394.548,-1268.75,-140.0,-1531.25,1264.64,-133.76,74.48
1213340.003,902.251,-168.238,-393.45,-1268.75,297.5,-1225.0,1275.28,-132.24,74.48
1213340.053,899.994,-171.044,-392.962,-1163.75,-61.25,-1356.25,1254.0,-130.72,69.92
1213340.103,903.288,-172.874,-392.169,-1198.75,61.25,-1190.0,1261.6,-135.28,85.12
1213340.153,897.127,-170.19,-389.424,-516.25,-192.5,-918.75,1257.04,-129.2,63.84
1213340.203,903.288,-173.667,-388.997,-778.75,201.25,-1085.0,1281.36,-136.8,80.56
1213340.253,899.201,-170.007,-388.204,-866.25,183.75,-1461.25,1257.04,-126.16,59.28
1213340.303,897.188,-173.667,-390.034,-1067.5,-787.5,-1102.5,1258.56,-136.8,69.92
1213340.353,901.092,-172.142,-392.901,-1470.0,-1198.75,-1268.75,1261.6,-130.72,66.88
1213340.403,900.97,-174.582,-393.938,-1093.75,-1128.75,-1583.75,1267.68,-136.8,88.16
1213340.453,896.883,-172.203,-392.718,-1531.25,-700.0,-1426.25,1261.6,-127.68,66.88
1213340.503,898.774,-171.532,-391.193,-2056.25,-481.25,-1321.25,1258.56,-136.8,68.4
1213340.553,899.201,-173.423,-393.816,-1837.5,-297.5,-1828.75,1260.08,-127.68,91.2
1213340.603,900.604,-169.214,-392.718,-1610.0,-140.0,-1776.25,1260.08,-141.36,59.28
1213340.653,900.726,-170.678,-390.095,-2003.75,411.25,-1575.0,1282.88,-129.2,77.52
1213340.703,897.188,-173.179,-390.278,-1461.25,192.5,-1653.75,1244.88,-132.24,85.12
1213340.753,904.203,-166.347,-388.57,-1505.0,183.75,-1811.25,1266.16,-129.2,76.0
1213340.803,905.118,-168.299,-388.509,-2327.5,-323.75,-1391.25,1250.96,-133.76,80.56
1213340.853,900.116,-171.41,-389.119,-1128.75,-411.25,-988.75,1270.72,-130.72,76.0
1213340.903,907.436,-170.373,-390.4,-1268.75,113.75,-1557.5,1247.92,-129.2,57.76
1213340.953,902.373,-169.275,-387.045,-1452.5,525.0,-1470.0,1257.04,-123.12,65.36
1213341.003,899.262,-172.508,-385.398,-883.75,-630.0,-1050.0,1269.2,-136.8,60.8
1213341.053,903.41,-169.824,-389.607,-1373.75,-1242.5,-1268.75,1264.64,-145.92,62.32
1213341.103,903.471,-174.826,-390.827,-1251.25,-402.5,-1146.25,1270.72,-124.64,82.08
1213341.153,899.872,-169.214,-388.875,-1907.5,-577.5,-1828.75,1263.12,-123.12,65.36
1213341.203,903.166,-171.41,-392.352,-1863.75,-498.75,-1583.75,1275.28,-129.2,74.48
1213341.253,901.702,-169.885,-390.034,-1881.25,-113.75,-1750.0,1260.08,-124.64,65.36
1213341.303,903.715,-168.299,-390.766,-1706.25,-192.5,-1618.75,1267.68,-139.84,66.88
1213341.353,901.58,-169.458,-390.217,-1487.5,-218.75,-1645.0,1263.12,-130.72,62.32
1213341.403,900.787,-168.726,-387.838,-1128.75,-96.25,-1557.5,1281.36,-124.64,63.84
1213341.453,901.214,-166.652,-387.045,-1443.75,-297.5,-1338.75,1260.08,-126.16,74.48
1213341.503,902.007,-168.36,-387.655,-1548.75,-551.25,-1330.0,1272.24,-130.72,77.52
1213341.553,900.116,-164.761,-389.424,-1793.75,-647.5,-1303.75,1269.2,-130.72,74.48
1213341.603,897.859,-167.75,-389.119,-857.5,-717.5,-1155.0,1257.04,-118.56,74.48
1213341.653,907.192,-172.142,-393.084,-1400.0,183.75,-1496.25,1266.16,-127.68,77.52
1213341.703,898.53,-167.445,-384.544,-962.5,227.5,-1820.0,1257.04,-132.24,62.32
1213341.753,899.262,-167.14,-386.252,-848.75,-315.0,-1268.75,1273.76,-133.76,85.12
1213341.803,906.155,-168.116,-388.936,-1890.0,-665.0,-997.5,1270.72,-136.8,63.84
1213341.853,903.898,-173.179,-391.559,-1356.25,-621.25,-1286.25,1272.24,-130.72,68.4
1213341.903,900.97,-166.652,-387.533,-1968.75,-691.25,-1680.0,1267.68,-130.72,76.0
1213341.953,904.203,-169.458,-388.692,-1855.0,-472.5,-1443.75,1264.64,-129.2,66.88
1213342.003,903.166,-167.994,-389.607,-1723.75,-227.5,-1942.5,1258.56,-138.32,82.08
1213342.053,904.203,-166.286,-390.4,-1697.5,-78.75,-1636.25,1260.08,-127.68,68.4
1213342.103,902.007,-167.567,-390.766,-1575.0,-96.25,-1408.75,1269.2,-138.32,77.52
1213342.153,903.166,-167.994,-389.607,-1155.0,-140.0,-1391.25,1252.48,-129.2,50.16
1213342.203,902.678,-169.275,-388.57,-980.0,-131.25,-1356.25,1269.2,-126.16,76.0
1213342.253,903.166,-166.347,-386.923,-1356.25,-481.25,-1487.5,1260.08,-127.68,68.4
1213342.303,902.556,-167.384,-392.169,-1715.0,-481.25,-1461.25,1267.68,-142.88,83.6
1213342.353,901.336,-169.397,-387.411,-1163.75,-630.0,-927.5,1249.44,-121.6,68.4
1213342.403,908.046,-172.996,-389.912,-1811.25,105.0,-1715.0,1272.24,-133.76,77.52
1213342.453,903.654,-166.408,-385.154,-875.0,332.5,-1715.0,1261.6,-135.28,72.96
1213342.503,900.665,-167.567,-383.446,-1260.0,-621.25,-1400.0,1270.72,-114.0,82.08
1213342.553,906.46,-167.567,-387.045,-2038.75,-1277.5,-1190.0,1264.64,-127.68,72.96
1213342.603,897.981,-172.508,-387.35,-1268.75,-2065.0,-1478.75,1273.76,-135.28,62.32
1213342.653,904.325,-159.942,-389.973,-1653.75,-1041.25,-1680.0,1269.2,-133.76,77.52
1213342.703,905.301,-169.092,-392.718,-1443.75,-376.25,-787.5,1258.56,-129.2,63.84
1213342.753,898.469,-167.018,-392.84,-1321.25,-1120.0,-2397.5,1278.32,-129.2,98.8
1213342.803,894.687,-157.441,-392.169,-2108.75,-2660.0,-2161.25,1257.04,-129.2,63.84
1213342.853,920.429,-158.844,-406.687,-1330.0,-2003.75,-1706.25,1263.12,-138.32,74.48
1213342.903,908.778,-146.949,-385.398,-5801.25,4121.25,-2003.75,1267.68,-123.12,74.48
1213342.953,894.321,-179.706,-391.986,-96.25,-2091.25,-875.0,1281.36,-129.2,74.48
1213343.003,907.192,-172.325,-395.402,2948.75,-1601.25,-2100.0,1249.44,-135.28,72.96
1213343.053,896.517,-155.672,-400.038,0.0,-2730.0,-1531.25,1273.76,-130.72,69.92
1213343.103,910.364,-166.103,-402.783,-1916.25,455.0,-2703.75,1260.08,-127.68,68.4
1213343.153,905.118,-160.674,-400.221,-3850.0,595.0,-1592.5,1275.28,-126.16,77.52
1213343.203,895.419,-167.994,-379.725,-1732.5,2791.25,-2345.0,1269.2,-124.64,82.08
1213343.253,902.922,-169.336,-379.481,-253.75,1312.5,-1933.75,1267.68,-132.24,71.44
1213343.303,895.968,-155.733,-381.677,-507.5,-1697.5,-1802.5,1255.52,-124.64,91.2
1213343.353,904.874,-163.175,-390.827,-1461.25,-3351.25,-1828.75,1261.6,-115.52,68.4
1213343.403,903.959,-152.073,-394.609,-3727.5,-2248.75,-1400.0,1270.72,-144.4,77.52
1213343.453,900.848,-160.979,-394.853,-2782.5,-17.5,-1601.25,1263.12,-129.2,68.4
1213343.503,903.166,-163.602,-395.402,-1837.5,-525.0,-1968.75,1266.16,-129.2,79.04
1213343.553,897.31,-153.293,-396.744,-1251.25,-1146.25,-1531.25,1255.52,-129.2,80.56
1213343.603,899.323,-164.273,-393.816,-516.25,-1671.25,-997.5,1252.48,-126.16,82.08
1213343.653,901.397,-166.652,-400.038,201.25,-2808.75,-1767.5,1263.12,-118.56,82.08
1213343.703,902.983,-159.393,-397.11,577.5,-2467.5,-2747.5,1249.44,-136.8,66.88
1213343.753,899.079,-155.794,-395.707,-1172.5,-315.0,-3185.0,1254.0,-124.64,77.52
1213343.8031,906.094,-151.524,-398.696,-43.75,96.25,-1688.75,1250.96,-129.2,65.36
1213343.853,903.166,-163.297,-393.45,-953.75,656.25,-1540.0,1260.08,-123.12,89.68
1213343.903,895.358,-157.502,-390.034,-3412.5,866.25,-1960.0,1254.0,-123.12,59.28
1213343.953,902.251,-162.87,-398.452,-595.0,-1715.0,-1540.0,1263.12,-126.16,86.64
1213344.003,883.402,-157.319,-389.302,-2800.0,-70.0,-1382.5,1244.88,-129.2,69.92
1213344.053,907.924,-170.922,-400.831,-621.25,-2108.75,-752.5,1255.52,-127.68,71.44
1213344.103,893.711,-153.11,-397.232,-708.75,78.75,-2213.75,1250.96,-127.68,89.68
1213344.153,900.604,-154.147,-394.426,-2117.5,-1452.5,-2056.25,1252.48,-120.08,68.4
1213344.203,904.081,-154.33,-400.404,-3097.5,-192.5,-2432.5,1267.68,-118.56,77.52
1213344.253,914.695,-152.439,-401.502,-2826.25,778.75,-621.25,1247.92,-117.04,68.4
1213344.303,891.637,-158.356,-386.435,-586.25,2966.25,-2257.5,1254.0,-133.76,82.08
1213344.353,910.059,-147.315,-389.485,-927.5,1312.5,-2021.25,1247.92,-124.64,57.76
1213344.403,896.029,-144.753,-387.411,-3088.75,227.5,-1295.0,1258.56,-124.64,80.56
1213344.453,903.898,-163.846,-397.171,-1837.5,-2756.25,-1496.25,1244.88,-124.64,77.52
1213344.503,908.229,-137.25,-403.942,-3176.25,-787.5,-1548.75,1234.24,-127.68,89.68
1213344.553,905.972,-158.356,-391.559,-2940.0,1960.0,-665.0,1246.4,-118.56,74.48
1213344.603,902.739,-147.193,-390.522,-1338.75,1811.25,-2966.25,1257.04,-126.16,86.64
1213344.653,901.275,-142.008,-387.411,-1662.5,953.75,-918.75,1240.32,-118.56,72.96
1213344.703,926.834,-130.784,-400.831,-5101.25,1592.5,-1855.0,1258.56,-121.6,71.44
1213344.753,952.698,-77.165,-406.809,-8435.0,3753.75,-1443.75,1254.0,-117.04,85.12
1213344.803,987.59,66.246,-461.099,-60926.25,42586.25,29286.25,1254.0,-110.96,91.2
1213344.853,848.754,-128.161,-400.16,-93590.0,53952.5,51213.75,1279.84,-121.6,120.08
1213344.903,837.896,-214.476,-347.212,-86686.25,39445.0,39558.75,1263.12,-126.16,136.8
1213344.953,878.827,-329.034,-297.985,-80412.5,10386.25,30817.5,1299.6,-138.32,162.64
1213345.003,942.267,-288.652,-305.854,-46121.25,3955.0,14253.75,1281.36,-124.64,142.88
1213345.053,925.187,-233.752,-287.249,-33740.0,13133.75,13265.0,1295.04,-132.24,162.64
1213345.103,927.688,-247.294,-296.216,-22330.0,11707.5,8435.0,1281.36,-124.64,147.44
1213345.153,925.553,-231.678,-288.103,-9082.5,7656.25,1645.0,1287.44,-135.28,183.92
1213345.203,927.017,-180.499,-292.129,-9940.0,5267.5,-3228.75,1284.4,-139.84,164.16
1213345.253,946.781,-175.68,-288.591,-12398.75,5608.75,-2940.0,1298.08,-132.24,170.24
1213345.303,919.697,-175.985,-282.857,-13247.5,3543.75,-3027.5,1293.52,-139.84,193.04
1213345.353,942.572,-159.759,-291.946,-11541.25,962.5,-2082.5,1295.04,-126.16,164.16
1213345.403,931.409,-173.423,-290.665,-10106.25,1583.75,-717.5,1310.24,-123.12,186.96
1213345.453,940.803,-174.887,-295.362,-6632.5,-743.75,-2511.25,1293.52,-123.12,170.24
1213345.503,937.753,-164.883,-293.654,-3010.0,78.75,-5652.5,1317.84,-123.12,182.4
1213345.553,933.056,-161.894,-292.556,516.25,-1898.75,-4550.0,1287.44,-127.68,171.76
1213345.603,950.136,-150.243,-288.957,770.0,1750.0,-3570.0,1282.88,-121.6,183.92
1213345.653,943.06,-151.097,-283.223,1076.25,857.5,-2721.25,1288.96,-118.56,183.92
1213345.703,938.18,-159.942,-281.027,1872.5,-113.75,-3036.25,1284.4,-129.2,176.32
1213345.753,936.594,-153.598,-288.042,2782.5,-3578.75,-3815.0,1310.24,-124.64,186.96
1213345.803,940.681,-142.191,-294.02,1531.25,-4471.25,-2458.75,1282.88,-117.04,165.68
1213345.853,944.097,-154.879,-297.192,393.75,-1820.0,-1295.0,1302.64,-120.08,183.92
1213345.903,949.038,-167.75,-290.421,1347.5,-612.5,-1540.0,1288.96,-117.04,173.28
1213345.953,936.533,-167.811,-284.809,3745.0,35.0,-1443.75,1296.56,-135.28,171.76
1213346.003,932.263,-158.844,-287.31,2896.25,-4672.5,-2555.0,1302.64,-136.8,180.88
1213346.053,948.794,-160.247,-301.767,2931.25,-5250.0,-3333.75,1299.6,-117.04,176.32
1213346.103,937.265,-149.023,-302.987,2266.25,-2406.25,-3193.75,1296.56,-129.2,173.28
1213346.153,953.491,-149.328,-310.795,1575.0,-796.25,-2511.25,1301.12,-117.04,168.72
1213346.203,926.346,-153.293,-304.085,-743.75,2065.0,-1172.5,1304.16,-117.04,164.16
1213346.253,944.951,-153.476,-306.891,-1715.0,936.25,-1968.75,1288.96,-130.72,171.76
1213346.303,934.398,-155.977,-306.342,166.25,2931.25,-2380.0,1293.52,-123.12,180.88
1213346.353,943.487,-159.515,-284.016,1688.75,5180.0,-2782.5,1285.92,-117.04,173.28
1213346.403,948.306,-159.149,-280.417,1583.75,6090.0,-2651.25,1296.56,-126.16,186.96
1213346.453,939.339,-154.086,-269.254,1636.25,4611.25,-3473.75,1284.4,-117.04,182.4
1213346.503,951.844,-146.461,-272.06,-420.0,2843.75,-4611.25,1282.88,-117.04,191.52
1213346.553,939.766,-147.132,-258.396,-962.5,-52.5,-1907.5,1296.56,-127.68,180.88
1213346.603,952.698,-149.938,-262.422,-918.75,2152.5,-1758.75,1310.24,-120.08,185.44
1213346.653,950.746,-154.574,-263.947,-78.75,1058.75,-1863.75,1299.6,-114.0,191.52
1213346.703,950.258,-146.461,-260.287,-1268.75,953.75,-1916.25,1292.0,-124.64,179.36
1213346.753,948.367,-144.265,-266.692,-2467.5,-988.75,-2126.25,1317.84,-112.48,182.4
1213346.803,949.465,-144.265,-263.581,-3298.75,-437.5,-1575.0,1284.4,-107.92,182.4
1213346.853,946.842,-146.949,-266.387,-2135.0,-507.5,-1286.25,1308.72,-115.52,185.44
1213346.903,954.528,-151.829,-264.557,-875.0,192.5,-1041.25,1311.76,-118.56,190.0
1213346.953,951.356,-148.84,-266.448,-490.0,-411.25,-1120.0,1302.64,-107.92,176.32
1213347.003,938.485,-155.062,-267.79,-691.25,-2528.75,-1163.75,1305.68,-118.56,194.56
1213347.053,964.166,-138.348,-268.461,-2756.25,-1277.5,-1015.0,1307.2,-127.68,188.48
1213347.103,941.413,-156.648,-264.313,-2065.0,-673.75,280.0,1310.24,-123.12,174.8
1213347.153,956.053,-155.855,-266.448,-315.0,-446.25,-910.0,1304.16,-124.64,173.28
1213347.203,939.644,-152.256,-269.193,-516.25,-2476.25,-866.25,1310.24,-126.16,186.96
1213347.253,963.495,-156.953,-273.341,-1540.0,-761.25,-1671.25,1298.08,-121.6,173.28
1213347.303,932.629,-150.182,-273.402,-1653.75,-1365.0,-1461.25,1301.12,-117.04,171.76
1213347.353,955.443,-157.746,-273.341,-1627.5,-288.75,-1330.0,1296.56,-110.96,168.72
1213347.403,950.136,-150.304,-272.243,-1610.0,-43.75,-1216.25,1298.08,-115.52,177.84
1213347.453,945.378,-149.755,-274.561,-1925.0,-805.0,-1137.5,1308.72,-123.12,180.88
1213347.503,950.624,-145.485,-277.245,-3990.0,-52.5,-1680.0,1304.16,-115.52,186.96
1213347.553,941.108,-147.437,-274.317,-3412.5,-1093.75,-332.5,1293.52,-124.64,185.44
1213347.603,944.646,-151.28,-268.705,-2467.5,1548.75,192.5,1302.64,-120.08,186.96
1213347.653,945.378,-155.733,-273.89,-3220.0,-455.0,157.5,1298.08,-118.56,194.56
1213347.703,948.428,-149.267,-272.609,-3202.5,691.25,-691.25,1302.64,-117.04,174.8
1213347.753,947.391,-157.563,-271.45,-2712.5,1163.75,-1592.5,1308.72,-115.52,183.92
1213347.803,954.589,-150.609,-275.232,-1435.0,-2056.25,-2353.75,1278.32,-117.04,185.44
1213347.853,939.888,-146.217,-267.241,-892.5,87.5,-1435.0,1301.12,-130.72,180.88
1213347.903,950.624,-155.611,-268.278,-787.5,-700.0,-525.0,1298.08,-123.12,176.32
1213347.953,947.94,-152.622,-269.498,-1137.5,-586.25,-2161.25,1301.12,-101.84,191.52
1213348.003,942.694,-150.67,-270.474,-2397.5,-1968.75,-1776.25,1299.6,-121.6,185.44
1213348.053,968.741,-142.069,-285.175,-2397.5,-1723.75,-2012.5,1302.64,-114.0,164.16
1213348.103,941.169,-152.744,-265.533,-2450.0,1872.5,-1172.5,1307.2,-127.68,190.0
1213348.153,956.846,-166.957,-276.635,-857.5,-1015.0,-1916.25,1295.04,-120.08,167.2
1213348.203,938.424,-143.594,-279.319,-1146.25,-2213.75,-2581.25,1298.08,-130.72,199.12
1213348.253,955.626,-141.642,-282.796,-2931.25,-2607.5,-2135.0,1290.48,-120.08,177.84
1213348.303,943.914,-147.254,-282.613,-2371.25,-131.25,-1671.25,1311.76,-118.56,177.84
1213348.353,945.317,-150.914,-272.914,-3228.75,43.75,-691.25,1308.72,-124.64,170.24
1213348.403,946.476,-157.319,-274.927,218.75,-472.5,-1881.25,1287.44,-115.52,176.32
1213348.453,953.491,-145.485,-275.415,463.75,-446.25,-2170.0,1307.2,-117.04,190.0
1213348.503,944.097,-140.361,-273.036,-647.5,-717.5,-2353.75,1304.16,-120.08,168.72
1213348.553,947.269,-142.313,-276.147,-2703.75,-2966.25,-1785.0,1308.72,-118.56,197.6
1213348.603,951.6,-140.544,-278.343,-2362.5,-1898.75,-726.25,1296.56,-123.12,173.28
1213348.653,943.731,-153.232,-280.051,-1951.25,-1907.5,-481.25,1307.2,-115.52,188.48
1213348.703,954.589,-145.729,-282.552,-1268.75,-1137.5,-1312.5,1302.64,-124.64,176.32
1213348.753,940.498,-140.361,-279.624,-2625.0,-901.25,201.25,1326.96,-123.12,179.36
1213348.803,947.818,-147.925,-276.574,-3132.5,-1627.5,822.5,1301.12,-115.52,182.4
1213348.853,943.792,-146.888,-282.735,-4375.0,-2756.25,1443.75,1305.68,-126.16,171.76
1213348.903,947.574,-150.121,-290.726,-5652.5,-3333.75,1251.25,1305.68,-129.2,177.84
1213348.953,943.853,-150.487,-288.835,-5810.0,-2913.75,1443.75,1307.2,-123.12,185.44
1213349.003,947.269,-155.062,-295.179,-6002.5,-1802.5,953.75,1301.12,-126.16,182.4
1213349.053,939.095,-157.258,-294.203,-5057.5,-1198.75,638.75,1295.04,-126.16,159.6
1213349.103,945.744,-161.711,-294.264,-4453.75,148.75,-166.25,1304.16,-114.0,185.44
1213349.153,938.241,-156.648,-288.713,-3045.0,-656.25,-183.75,1299.6,-127.68,170.24
1213349.203,930.738,-156.099,-292.617,-2887.5,-2327.5,-752.5,1314.8,-126.16,168.72
1213349.253,939.278,-154.696,-296.643,-3080.0,-2957.5,-1408.75,1305.68,-127.68,168.72
1213349.303,945.439,-154.879,-304.756,-3010.0,-2852.5,-1793.75,1298.08,-130.72,164.16
1213349.353,939.339,-151.341,-303.109,-3473.75,-1321.25,-1898.75,1304.16,-123.12,185.44
1213349.403,935.862,-149.877,-298.717,-3701.25,-1242.5,-1373.75,1299.6,-135.28,155.04
1213349.453,936.96,-154.086,-304.085,-2423.75,-1277.5,-1723.75,1313.28,-121.6,182.4
1213349.503,941.352,-148.657,-305.122,-2187.5,-1872.5,-1706.25,1307.2,-114.0,185.44
1213349.553,940.437,-146.888,-305.427,-2502.5,-1435.0,-1531.25,1310.24,-115.52,170.24
1213349.603,933.544,-147.132,-302.438,-2318.75,-1610.0,-1531.25,1305.68,-120.08,161.12
1213349.653,938.851,-145.18,-307.257,-2633.75,-1995.0,-1566.25,1314.8,-129.2,165.68
1213349.703,939.705,-146.583,-309.026,-2143.75,-1627.5,-1435.0,1299.6,-126.16,161.12
1213349.753,944.219,-152.195,-310.49,-2187.5,-682.5,-1513.75,1296.56,-123.12,158.08
1213349.803,937.204,-149.145,-306.281,-910.0,-175.0,-1321.25,1304.16,-132.24,165.68
1213349.853,932.568,-150.609,-307.928,-560.0,-490.0,-1137.5,1308.72,-129.2,165.68
1213349.903,937.692,-148.84,-308.416,-822.5,-603.75,-1662.5,1308.72,-123.12,174.8
1213349.953,936.838,-149.633,-310.734,-743.75,-647.5,-1356.25,1296.56,-120.08,156.56
1213350.003,937.448,-147.498,-307.562,-1715.0,-446.25,-1513.75,1305.68,-120.08,167.2
1213350.053,937.631,-148.901,-307.44,-1085.0,-113.75,-1706.25,1290.48,-118.56,164.16
1213350.103,937.204,-147.498,-307.989,-997.5,-218.75,-1837.5,1298.08,-120.08,162.64
1213350.153,939.827,-146.461,-307.806,-980.0,-122.5,-1557.5,1284.4,-112.48,179.36
1213350.203,937.631,-146.766,-305.244,-665.0,70.0,-1653.75,1298.08,-112.48,158.08
1213350.253,937.204,-146.583,-303.414,-455.0,-568.75,-1767.5,1308.72,-124.64,176.32
1213350.303,939.278,-145.119,-304.634,-665.0,-735.0,-1566.25,1296.56,-133.76,170.24
1213350.353,933.91,-148.047,-308.782,-857.5,-883.75,-1093.75,1317.84,-123.12,190.0
1213350.403,940.498,-150.609,-308.355,-813.75,-411.25,-1575.0,1295.04,-118.56,158.08
1213350.453,939.339,-147.01,-305.488,-455.0,-411.25,-1435.0,1302.64,-115.52,174.8
1213350.503,932.69,-149.45,-305.244,-236.25,-1076.25,-1172.5,1292.0,-124.64,161.12
1213350.553,942.267,-147.559,-309.27,-770.0,-1330.0,-1750.0,1288.96,-118.56,161.12
1213350.603,937.631,-148.291,-308.782,-603.75,-1093.75,-1855.0,1295.04,-112.48,164.16
1213350.653,939.888,-146.888,-310.856,-1198.75,-621.25,-2003.75,1299.6,-117.04,161.12
1213350.703,934.764,-144.57,-309.392,-1470.0,-708.75,-1557.5,1282.88,-133.76,180.88
1213350.753,940.62,-145.79,-310.429,-1452.5,-376.25,-1750.0,1292.0,-110.96,158.08
1213350.803,939.705,-145.119,-310.246,-1128.75,-192.5,-1776.25,1310.24,-124.64,171.76
1213350.853,935.252,-145.912,-306.525,-1006.25,8.75,-1461.25,1290.48,-124.64,165.68
1213350.903,936.472,-145.119,-307.684,-945.0,-306.25,-1470.0,1304.16,-121.6,167.2
1213350.953,939.339,-143.716,-305.854,-752.5,-516.25,-1321.25,1290.48,-112.48,168.72
1213351.003,936.289,-144.814,-306.83,-1347.5,-507.5,-1347.5,1305.68,-117.04,170.24
1213351.053,931.226,-145.851,-305.427,-1268.75,-682.5,-875.0,1293.52,-114.0,167.2
1213351.103,940.925,-147.254,-306.403,-1330.0,420.0,-962.5,1298.08,-127.68,176.32
1213351.153,937.021,-147.254,-299.876,-1032.5,201.25,-962.5,1290.48,-132.24,173.28
1213351.203,932.507,-151.768,-303.841,-245.0,-1443.75,-1303.75,1313.28,-123.12,162.64
1213351.253,943.975,-145.485,-309.575,-358.75,-1767.5,-1566.25,1319.36,-112.48,174.8
1213351.303,936.716,-146.827,-310.978,-857.5,-1977.5,-1058.75,1288.96,-124.64,161.12
1213351.353,937.875,-148.413,-311.161,-1732.5,-1356.25,-1522.5,1308.72,-121.6,165.68
1213351.403,936.838,-144.509,-309.148,-1653.75,-1408.75,-1032.5,1295.04,-117.04,174.8
1213351.453,935.801,-149.145,-312.808,-1417.5,-1408.75,-1172.5,1307.2,-118.56,159.6
1213351.503,938.241,-146.949,-313.967,-1006.25,-1566.25,-1330.0,1290.48,-124.64,182.4
1213351.553,936.289,-147.681,-313.967,-1295.0,-831.25,-708.75,1301.12,-124.64,167.2
1213351.603,934.764,-153.11,-312.564,-927.5,-875.0,-901.25,1305.68,-121.6,185.44
1213351.653,933.727,-147.071,-312.32,-437.5,-901.25,-1067.5,1308.72,-115.52,158.08
1213351.703,938.79,-149.938,-314.699,-1137.5,-577.5,-770.0,1305.68,-129.2,180.88
1213351.753,930.189,-157.502,-314.821,-612.5,-1015.0,-840.0,1288.96,-117.04,162.64
1213351.803,944.585,-150.243,-316.834,-1076.25,-831.25,-1951.25,1295.04,-124.64,171.76
1213351.853,935.008,-150.67,-308.355,-770.0,875.0,-1198.75,1276.8,-117.04,167.2
1213351.903,931.287,-152.744,-306.159,-673.75,-376.25,-1741.25,1298.08,-124.64,159.6
1213351.953,935.618,-148.84,-311.405,-1023.75,-971.25,-1776.25,1304.16,-118.56,168.72
1213352.003,937.692,-153.049,-314.577,-1426.25,-866.25,-1478.75,1301.12,-130.72,164.16
1213352.053,937.448,-155.001,-313.906,-1356.25,-148.75,-1916.25,1316.32,-118.56,162.64
1213352.103,933.605,-149.877,-310.795,-1146.25,-315.0,-1846.25,1285.92,-123.12,145.92
1213352.153,936.167,-147.01,-312.686,-1505.0,-481.25,-1828.75,1304.16,-123.12,161.12
1213352.203,938.302,-149.572,-310.612,-1461.25,-35.0,-1811.25,1295.04,-120.08,161.12
1213352.253,933.666,-148.474,-310.795,-1163.75,-446.25,-1540.0,1304.16,-121.6,167.2
1213352.303,934.947,-149.755,-309.087,-1076.25,-472.5,-1636.25,1298.08,-114.0,170.24
1213352.353,935.923,-149.328,-313.662,-857.5,-166.25,-1338.75,1296.56,-112.48,162.64
1213352.403,941.047,-147.986,-310.612,-1085.0,-288.75,-1408.75,1292.0,-127.68,177.84
1213352.453,940.376,-146.644,-313.357,-1583.75,-1452.5,-1592.5,1287.44,-118.56,152.0
1213352.503,941.23,-150.914,-309.941,-1260.0,603.75,-1085.0,1305.68,-110.96,180.88
1213352.5531,928.481,-151.036,-302.194,-1128.75,-586.25,-1277.5,1307.2,-126.16,159.6
1213352.603,935.984,-149.023,-308.355,-1041.25,-1925.0,-1295.0,1285.92,-133.76,171.76
1213352.653,942.755,-150.121,-315.248,-1706.25,-1732.5,-1426.25,1296.56,-127.68,174.8
1213352.703,939.583,-146.034,-315.248,-2117.5,-700.0,-1968.75,1296.56,-121.6,162.64
1213352.753,930.128,-148.23,-314.211,-1907.5,-962.5,-1496.25,1307.2,-117.04,156.56
1213352.803,934.459,-150.06,-315.736,-1776.25,-1312.5,-1522.5,1284.4,-121.6,159.6
1213352.853,938.424,-151.646,-318.237,-1496.25,-1058.75,-1443.75,1299.6,-138.32,170.24
1213352.903,935.862,-148.169,-314.699,-1470.0,-831.25,-1505.0,1296.56,-109.44,158.08
1213352.953,936.289,-148.352,-316.468,-1382.5,-717.5,-1365.0,1293.52,-106.4,164.16
1213353.003,934.337,-150.853,-314.394,-988.75,-717.5,-1452.5,1296.56,-118.56,164.16
1213353.053,932.751,-141.52,-314.699,-1172.5,-630.0,-1636.25,1307.2,-115.52,159.6
1213353.103,936.228,-148.779,-314.333,-1408.75,-717.5,-1522.5,1301.12,-123.12,161.12
1213353.153,944.036,-148.962,-318.115,-2082.5,26.25,-1872.5,1290.48,-127.68,167.2
1213353.203,932.873,-148.352,-316.712,-962.5,-175.0,-1286.25,1293.52,-100.32,161.12
1213353.253,929.274,-148.657,-310.246,-805.0,-113.75,-1531.25,1287.44,-130.72,148.96
1213353.303,934.154,-148.474,-313.723,-735.0,-1198.75,-1706.25,1308.72,-126.16,162.64
1213353.353,933.971,-149.694,-316.895,-1286.25,-630.0,-1400.0,1288.96,-124.64,161.12
1213353.403,932.507,-145.607,-315.797,-1557.5,-612.5,-1898.75,1305.68,-129.2,174.8
1213353.453,935.74,-145.18,-316.163,-1531.25,-1006.25,-1435.0,1299.6,-129.2,153.52
1213353.503,936.777,-147.254,-315.858,-1592.5,-717.5,-1898.75,1314.8,-118.56,155.04
1213353.553,937.997,-147.62,-315.492,-1295.0,-516.25,-2012.5,1301.12,-123.12,167.2
1213353.603,935.313,-144.143,-315.431,-1338.75,-437.5,-1732.5,1296.56,-126.16,182.4
1213353.653,932.873,-148.047,-315.187,-1120.0,-743.75,-1505.0,1302.64,-115.52,171.76
1213353.703,933.605,-145.607,-313.967,-840.0,-621.25,-1785.0,1290.48,-114.0,158.08
1213353.753,938.485,-142.435,-317.2,-1741.25,-796.25,-1557.5,1287.44,-107.92,165.68
1213353.803,929.823,-151.707,-316.651,-1321.25,-1058.75,-1181.25,1298.08,-112.48,161.12
1213353.853,940.254,-146.034,-320.067,-1522.5,26.25,-1522.5,1296.56,-117.04,164.16
1213353.903,935.618,-143.533,-315.065,-1067.5,17.5,-1163.75,1288.96,-121.6,168.72
1213353.953,927.871,-146.339,-311.1,-883.75,-612.5,-1347.5,1292.0,-129.2,152.0
1213354.003,937.875,-143.411,-317.566,-1365.0,-1338.75,-1610.0,1296.56,-114.0,185.44
1213354.053,935.618,-147.925,-317.81,-1303.75,-647.5,-1137.5,1281.36,-117.04,162.64
1213354.103,933.361,-144.143,-316.041,-1723.75,-770.0,-1583.75,1288.96,-107.92,153.52
1213354.153,932.385,-142.252,-318.359,-1680.0,-980.0,-1426.25,1296.56,-118.56,161.12
1213354.203,936.716,-143.838,-318.847,-1610.0,-43.75,-1566.25,1301.12,-114.0,180.88
1213354.253,935.801,-142.435,-317.688,-1566.25,-96.25,-1531.25,1288.96,-124.64,164.16
1213354.303,934.581,-145.79,-317.383,-1181.25,-52.5,-1225.0,1287.44,-112.48,158.08
1213354.353,935.557,-142.618,-315.553,-875.0,-288.75,-1233.75,1311.76,-118.56,161.12
1213354.403,934.398,-142.801,-314.272,-1610.0,-472.5,-1233.75,1276.8,-117.04,171.76
1213354.453,938.424,-143.899,-317.139,-2205.0,-621.25,-1181.25,1302.64,-123.12,173.28
1213354.503,928.725,-147.62,-314.943,-1181.25,-866.25,-848.75,1293.52,-127.68,158.08
1213354.553,939.278,-146.888,-317.749,-1225.0,271.25,-1303.75,1310.24,-117.04,159.6
1213354.603,933.605,-140.666,-314.211,-1155.0,201.25,-1102.5,1301.12,-123.12,158.08
1213354.653,928.908,-147.742,-311.893,-612.5,-1032.5,-1338.75,1284.4,-129.2,171.76
1213354.703,939.888,-143.167,-315.858,-1085.0,-1338.75,-1531.25,1301.12,-118.56,173.28
1213354.753,935.74,-147.193,-315.797,-1548.75,-936.25,-840.0,1301.12,-109.44,161.12
1213354.803,930.799,-147.132,-318.847,-1356.25,-735.0,-1592.5,1304.16,-120.08,162.64
1213354.853,934.947,-141.032,-317.444,-1627.5,-857.5,-1583.75,1288.96,-112.48,161.12
1213354.903,936.289,-145.18,-318.298,-1863.75,-236.25,-1435.0,1298.08,-121.6,164.16
1213354.953,934.459,-148.901,-317.444,-1365.0,-376.25,-1470.0,1292.0,-126.16,179.36
1213355.003,935.008,-144.814,-317.078,-1137.5,-402.5,-1233.75,1302.64,-123.12,148.96
1213355.053,936.533,-144.448,-316.529,-1225.0,-323.75,-1085.0,1310.24,-123.12,164.16
1213355.103,931.287,-148.657,-316.773,-1198.75,-726.25,-1321.25,1290.48,-117.04,167.2
1213355.153,935.374,-145.485,-318.908,-1610.0,-367.5,-1321.25,1292.0,-129.2,177.84
1213355.203,934.52,-143.167,-318.908,-1435.0,-892.5,-1338.75,1293.52,-118.56,147.44
1213355.253,933.666,-150.182,-317.932,-612.5,778.75,-1032.5,1288.96,-114.0,168.72
1213355.303,930.677,-149.877,-312.198,-638.75,166.25,-1391.25,1296.56,-120.08,167.2
1213355.353,934.337,-144.326,-314.821,-1137.5,-901.25,-1391.25,1304.16,-135.28,155.04
1213355.403,940.62,-143.96,-319.518,-1767.5,-647.5,-1522.5,1295.04,-118.56,164.16
1213355.453,936.838,-148.535,-321.47,-1391.25,-560.0,-1391.25,1287.44,-120.08,168.72
1213355.503,930.921,-146.705,-315.98,-1557.5,-428.75,-1636.25,1302.64,-121.6,177.84
1213355.553,935.252,-145.668,-317.322,-1855.0,-26.25,-1382.5,1285.92,-132.24,162.64
1213355.603,933.605,-146.949,-316.712,-1365.0,78.75,-1741.25,1302.64,-118.56,164.16
1213355.653,938.424,-141.52,-316.773,-1216.25,-8.75,-1706.25,1281.36,-121.6,164.16
1213355.703,934.581,-143.716,-314.394,-1102.5,-647.5,-1041.25,1290.48,-110.96,155.04
1213355.753,936.167,-146.583,-312.503,-1120.0,-533.75,-1365.0,1293.52,-117.04,156.56
1213355.803,935.801,-142.801,-312.808,-1251.25,-560.0,-1365.0,1304.16,-126.16,164.16
1213355.853,934.398,-147.01,-315.797,-1041.25,-743.75,-691.25,1290.48,-117.04,145.92
1213355.903,943.426,-149.694,-320.006,-1723.75,-481.25,-1785.0,1298.08,-120.08,142.88
1213355.953,931.897,-144.143,-312.991,-778.75,-192.5,-1575.0,1288.96,-124.64,168.72
1213356.003,929.701,-144.997,-313.235,-1128.75,-840.0,-1601.25,1299.6,-112.48,150.48
1213356.053,939.034,-143.838,-321.043,-2143.75,-918.75,-1540.0,1301.12,-117.04,167.2
1213356.103,935.984,-147.437,-320.311,-1688.75,-227.5,-1146.25,1284.4,-115.52,162.64
1213356.153,934.154,-145.668,-316.163,-1688.75,140.0,-1767.5,1298.08,-124.64,159.6
1213356.203,934.703,-141.642,-320.372,-1583.75,8.75,-1496.25,1278.32,-121.6,142.88
1213356.253,934.642,-145.119,-314.821,-1548.75,17.5,-1426.25,1304.16,-120.08,165.68
1213356.303,937.997,-143.106,-315.065,-1330.0,-61.25,-1522.5,1292.0,-104.88,158.08
1213356.353,935.252,-143.838,-312.747,-1303.75,-315.0,-1286.25,1296.56,-118.56,148.96
1213356.403,935.191,-147.254,-314.089,-1225.0,-656.25,-1330.0,1295.04,-120.08,168.72
1213356.453,934.459,-143.533,-313.54,-1067.5,-813.75,-1400.0,1298.08,-120.08,155.04
1213356.503,937.082,-141.581,-316.041,-1785.0,-630.0,-1120.0,1292.0,-107.92,176.32
1213356.553,932.629,-145.79,-317.749,-1251.25,-945.0,-997.5,1296.56,-109.44,152.0
1213356.603,938.424,-150.853,-318.725,-848.75,245.0,-1382.5,1298.08,-123.12,162.64
1213356.653,933.178,-145.119,-312.137,-988.75,-8.75,-1268.75,1292.0,-118.56,155.04
1213356.703,928.908,-146.705,-313.235,-700.0,-1120.0,-1041.25,1301.12,-121.6,168.72
1213356.753,940.01,-143.96,-318.237,-1373.75,-315.0,-1347.5,1292.0,-110.96,174.8
1213356.803,935.252,-146.4,-319.64,-1636.25,26.25,-997.5,1308.72,-121.6,162.64
1213356.853,932.995,-145.973,-316.651,-1408.75,-411.25,-1645.0,1296.56,-126.16,174.8
1213356.903,936.838,-141.581,-314.821,-1697.5,-70.0,-1435.0,1299.6,-121.6,167.2
1213356.953,937.143,-144.875,-315.492,-1610.0,-8.75,-1522.5,1296.56,-123.12,155.04
1213357.003,937.997,-144.204,-314.516,-1321.25,-586.25,-1575.0,1282.88,-124.64,153.52
1213357.053,936.533,-144.326,-315.553,-1312.5,-560.0,-1286.25,1293.52,-121.6,162.64
1213357.103,936.228,-144.57,-315.187,-1015.0,-542.5,-1330.0,1292.0,-106.4,147.44
1213357.153,935.435,-146.522,-315.614,-1067.5,-700.0,-1303.75,1292.0,-115.52,170.24
1213357.203,939.766,-146.888,-317.688,-1793.75,-691.25,-1058.75,1302.64,-120.08,161.12
1213357.253,930.799,-146.461,-315.919,-971.25,-848.75,-901.25,1316.32,-112.48,165.68
1213357.303,937.021,-148.413,-316.468,-726.25,323.75,-1295.0,1288.96,-124.64,162.64
1213357.353,933.361,-144.753,-313.845,-743.75,-87.5,-1382.5,1313.28,-112.48,164.16
1213357.403,932.69,-147.62,-313.235,-673.75,-428.75,-953.75,1308.72,-121.6,162.64
1213357.453,936.594,-146.583,-318.42,-901.25,-148.75,-1233.75,1299.6,-124.64,156.56
1213357.503,934.52,-147.498,-314.638,-848.75,-455.0,-1041.25,1305.68,-118.56,176.32
1213357.553,931.043,-149.816,-315.37,-1312.5,-315.0,-1487.5,1304.16,-124.64,173.28
1213357.603,935.557,-146.766,-313.418,-1592.5,-577.5,-1251.25,1301.12,-123.12,176.32
1213357.653,935.923,-148.962,-315.187,-1356.25,-87.5,-1557.5,1296.56,-123.12,161.12
1213357.703,934.032,-145.973,-316.834,-1260.0,-437.5,-1548.75,1305.68,-118.56,165.68
1213357.753,938.79,-146.095,-314.455,-1426.25,-148.75,-1093.75,1301.12,-112.48,168.72
1213357.803,934.337,-148.596,-314.211,-1032.5,-61.25,-1295.0,1313.28,-120.08,148.96
1213357.853,935.496,-144.265,-310.917,-1286.25,-218.75,-1286.25,1302.64,-104.88,162.64
1213357.903,934.459,-148.352,-314.211,-2441.25,-402.5,-1067.5,1320.88,-117.04,164.16
1213357.953,932.751,-154.391,-315.309,-1855.0,-866.25,-1172.5,1310.24,-136.8,173.28
1213358.003,941.169,-146.034,-320.189,-2065.0,420.0,-1820.0,1288.96,-126.16,153.52
1213358.053,932.751,-151.524,-312.442,-1557.5,568.75,-892.5,1302.64,-126.16,183.92
1213358.103,932.08,-154.452,-308.904,2056.25,-1163.75,-2301.25,1290.48,-124.64,147.44
1213358.153,937.143,-142.618,-311.832,1190.0,-2310.0,-1671.25,1310.24,-117.04,161.12
1213358.203,939.339,-140.788,-318.237,376.25,-1522.5,-1225.0,1290.48,-120.08,152.0
1213358.253,935.435,-141.337,-316.224,-1365.0,-717.5,-1347.5,1304.16,-130.72,158.08
1213358.303,933.605,-143.96,-315.309,-1837.5,-1023.75,-1006.25,1295.04,-120.08,165.68
1213358.353,937.448,-149.694,-315.614,-1697.5,-691.25,-1303.75,1302.64,-120.08,148.96
1213358.403,937.936,-145.851,-317.078,-1391.25,-297.5,-1295.0,1314.8,-139.84,162.64
1213358.453,932.629,-148.352,-315.919,-1347.5,-533.75,-997.5,1298.08,-121.6,145.92
1213358.503,933.239,-149.999,-316.468,-883.75,-673.75,-1058.75,1288.96,-110.96,164.16
1213358.553,934.947,-150.243,-316.468,-857.5,-577.5,-822.5,1295.04,-123.12,155.04
1213358.603,935.252,-153.293,-315.858,-787.5,-533.75,-971.25,1316.32,-126.16,161.12
1213358.653,933.483,-149.572,-314.699,-1373.75,-577.5,-1190.0,1305.68,-124.64,159.6
1213358.703,929.701,-152.195,-319.701,-1312.5,-455.0,-1076.25,1307.2,-115.52,156.56
1213358.753,942.206,-151.829,-319.396,-1811.25,752.5,-1618.75,1287.44,-104.88,161.12
1213358.803,927.932,-149.877,-309.636,-796.25,560.0,-1776.25,1302.64,-130.72,155.04
1213358.853,932.202,-144.997,-313.54,-1496.25,-691.25,-1688.75,1293.52,-115.52,165.68
1213358.903,941.657,-147.925,-315.004,-2012.5,-621.25,-1505.0,1290.48,-120.08,150.48
1213358.953,936.777,-152.683,-315.858,-1513.75,-988.75,-1680.0,1301.12,-136.8,165.68
1213359.003,935.74,-149.023,-317.2,-1785.0,-105.0,-1811.25,1292.0,-112.48,155.04
1213359.053,932.629,-145.79,-313.906,-1846.25,35.0,-1487.5,1314.8,-121.6,161.12
1213359.103,934.093,-147.986,-313.601,-1478.75,-315.0,-1601.25,1296.56,-132.24,155.04
1213359.153,938.241,-145.912,-312.076,-1286.25,-175.0,-1653.75,1299.6,-110.96,164.16
1213359.203,936.594,-147.742,-310.063,-1321.25,-367.5,-1356.25,1295.04,-124.64,147.44
1213359.253,931.47,-150.914,-310.917,-1260.0,-883.75,-1172.5,1304.16,-106.4,162.64
1213359.303,932.08,-149.328,-313.235,-1216.25,-1050.0,-1487.5,1290.48,-120.08,159.6
1213359.353,938.424,-148.291,-315.431,-1347.5,-892.5,-1207.5,1293.52,-121.6,164.16
1213359.403,932.873,-152.195,-319.152,-1233.75,-962.5,-1146.25,1308.72,-127.68,168.72
1213359.453,939.339,-148.047,-319.152,-1933.75,-1181.25,-1846.25,1290.48,-130.72,153.52
1213359.503,934.154,-152.012,-313.174,-953.75,551.25,-1443.75,1304.16,-121.6,162.64
1213359.553,933.727,-147.193,-308.904,-822.5,17.5,-1671.25,1302.64,-112.48,148.96
1213359.603,935.008,-144.814,-313.357,-1785.0,-1102.5,-1277.5,1301.12,-121.6,165.68
1213359.653,934.093,-150.304,-319.335,-1916.25,-656.25,-1330.0,1302.64,-120.08,168.72
1213359.703,936.045,-146.156,-313.601,-1898.75,-166.25,-1872.5,1307.2,-112.48,162.64
1213359.753,935.923,-145.119,-313.174,-1277.5,-577.5,-1373.75,1307.2,-114.0,173.28
1213359.803,935.74,-147.315,-315.309,-1505.0,-271.25,-1181.25,1304.16,-121.6,156.56
1213359.853,938.241,-146.4,-313.235,-1365.0,-341.25,-1391.25,1314.8,-121.6,165.68
1213359.903,936.411,-144.57,-316.285,-1172.5,-358.75,-1356.25,1293.52,-114.0,159.6
1213359.953,935.252,-148.779,-316.163,-1076.25,-481.25,-1286.25,1299.6,-121.6,168.72
1213360.003,935.618,-147.681,-314.394,-936.25,-332.5,-1190.0,1295.04,-124.64,164.16
1213360.053,934.52,-148.962,-315.309,-1120.0,-490.0,-1120.0,1322.4,-118.56,164.16
1213360.103,934.093,-148.779,-313.418,-1260.0,-402.5,-1268.75,1305.68,-124.64,156.56
1213360.153,933.544,-148.047,-313.723,-1032.5,122.5,-1120.0,1307.2,-121.6,171.76
1213360.203,938.79,-149.267,-315.187,-1190.0,-367.5,-1715.0,1302.64,-127.68,173.28
1213360.253,934.947,-150.121,-312.137,-717.5,78.75,-1111.25,1301.12,-112.48,158.08
1213360.303,928.542,-149.511,-310.368,-1321.25,-210.0,-1443.75,1320.88,-133.76,161.12
1213360.353,937.997,-149.511,-313.662,-1277.5,-1207.5,-1268.75,1302.64,-112.48,142.88
1213360.403,936.35,-150.853,-313.845,-1426.25,-288.75,-1216.25,1310.24,-126.16,171.76
1213360.453,934.52,-148.779,-313.418,-1347.5,-533.75,-1811.25,1281.36,-121.6,170.24
1213360.503,935.191,-146.156,-314.821,-1443.75,-568.75,-1496.25,1314.8,-126.16,177.84
1213360.553,934.093,-150.182,-312.32,-1478.75,0.0,-1207.5,1293.52,-114.0,167.2
1213360.603,934.093,-148.718,-313.174,-1260.0,-297.5,-1557.5,1305.68,-124.64,174.8
1213360.653,937.631,-144.204,-313.906,-1618.75,-323.75,-1295.0,1308.72,-127.68,177.84
1213360.703,935.313,-151.402,-312.198,-953.75,-280.0,-980.0,1310.24,-126.16,164.16
1213360.753,933.605,-150.304,-310.917,-770.0,-542.5,-1373.75,1296.56,-121.6,161.12
1213360.803,936.533,-148.596,-311.344,-1137.5,-586.25,-1032.5,1295.04,-123.12,152.0
1213360.853,937.448,-149.572,-314.821,-1268.75,-455.0,-1032.5,1304.16,-120.08,164.16
1213360.903,939.827,-149.145,-313.54,-1627.5,-682.5,-1216.25,1301.12,-129.2,171.76
1213360.953,931.287,-151.28,-312.381,-1023.75,-682.5,-691.25,1307.2,-124.64,176.32
1213361.003,940.437,-153.476,-314.882,-831.25,682.5,-1312.5,1299.6,-118.56,170.24
1213361.053,933.788,-149.877,-309.88,-1592.5,288.75,-1330.0,1298.08,-120.08,158.08
1213361.103,932.385,-154.025,-307.013,-1557.5,-665.0,-1172.5,1302.64,-126.16,170.24
1213361.153,943.365,-153.659,-313.784,-1592.5,-1120.0,-1610.0,1285.92,-114.0,148.96
1213361.2031,936.35,-151.585,-313.906,-1715.0,297.5,-1242.5,1307.2,-118.56,162.64
1213361.253,935.191,-150.67,-313.723,-2196.25,-1050.0,-2038.75,1299.6,-123.12,171.76
1213361.303,940.559,-144.997,-312.686,-2161.25,-236.25,-1435.0,1292.0,-121.6,159.6
1213361.353,934.825,-156.038,-311.527,-1837.5,-113.75,-1295.0,1298.08,-121.6,161.12
1213361.403,937.204,-146.095,-309.27,-927.5,507.5,-1653.75,1308.72,-109.44,162.64
1213361.453,931.409,-148.718,-309.941,-1531.25,-560.0,-245.0,1307.2,-121.6,174.8
1213361.503,937.814,-152.5,-311.344,-411.25,-997.5,-1986.25,1298.08,-118.56,148.96
1213361.553,926.529,-139.324,-310.429,-1531.25,-2056.25,-1382.5,1284.4,-103.36,159.6
1213361.603,937.326,-154.33,-322.995,-2012.5,-1837.5,-875.0,1296.56,-124.64,156.56
1213361.653,952.759,-152.073,-321.531,-1198.75,192.5,-1067.5,1305.68,-120.08,173.28
1213361.703,913.536,-152.256,-303.109,-2266.25,586.25,-490.0,1299.6,-118.56,167.2
1213361.753,943.365,-164.212,-311.832,472.5,-883.75,-516.25,1299.6,-124.64,165.68
1213361.803,923.174,-153.171,-308.66,61.25,-866.25,-1942.5,1295.04,-126.16,167.2
1213361.853,949.16,-150.914,-313.235,-638.75,-1750.0,-2800.0,1304.16,-112.48,176.32
1213361.903,920.307,-136.701,-317.566,-3718.75,-2003.75,-1102.5,1308.72,-126.16,171.76
1213361.953,938.18,-159.332,-317.139,-2992.5,927.5,-315.0,1308.72,-124.64,153.52
1213362.003,934.093,-162.382,-312.93,-822.5,498.75,-1531.25,1305.68,-118.56,165.68
1213362.053,929.823,-147.376,-316.102,131.25,-735.0,-2205.0,1298.08,-110.96,155.04
1213362.103,936.96,-143.655,-320.006,-1076.25,-1933.75,-2073.75,1317.84,-118.56,158.08
1213362.153,936.106,-144.326,-320.067,-2450.0,-1356.25,-796.25,1293.52,-123.12,165.68
1213362.203,926.895,-160.613,-312.869,-2616.25,1242.5,-1548.75,1314.8,-126.16,152.0
1213362.253,942.999,-157.258,-314.028,-446.25,1050.0,-2318.75,1296.56,-127.68,161.12
1213362.303,926.956,-142.679,-306.281,-1618.75,717.5,-857.5,1299.6,-112.48,170.24
1213362.353,936.655,-154.513,-302.438,-341.25,-1977.5,-848.75,1307.2,-118.56,158.08
1213362.403,937.936,-146.644,-312.991,-490.0,-2126.25,-848.75,1307.2,-121.6,161.12
1213362.453,939.339,-143.35,-315.98,-1872.5,-122.5,-323.75,1308.72,-129.2,173.28
1213362.503,941.413,-163.663,-313.601,-1347.5,875.0,-2143.75,1302.64,-123.12,168.72
1213362.553,931.165,-145.668,-306.525,-1391.25,393.75,-1076.25,1296.56,-126.16,168.72
1213362.603,928.054,-154.086,-306.83,-1636.25,-1233.75,-1137.5,1301.12,-121.6,156.56
1213362.653,946.415,-149.572,-323.971,-35.0,-2380.0,-1898.75,1322.4,-112.48,155.04
1213362.703,938.607,-144.326,-312.93,-1767.5,945.0,-551.25,1305.68,-127.68,162.64
1213362.753,933.666,-165.981,-312.076,-1443.75,-183.75,-1706.25,1308.72,-132.24,162.64
1213362.803,939.095,-148.718,-307.806,-385.0,402.5,-2108.75,1301.12,-129.2,161.12
1213362.853,931.043,-147.925,-312.625,-2047.5,-1837.5,-2003.75,1301.12,-110.96,167.2
1213362.903,938.302,-144.509,-318.786,-420.0,-1268.75,-840.0,1314.8,-127.68,171.76
1213362.953,938.241,-145.973,-312.564,-3141.25,1618.75,17.5,1290.48,-120.08,156.56
1213363.003,936.472,-164.883,-307.196,280.0,805.0,-2231.25,1296.56,-118.56,171.76
1213363.053,935.618,-145.668,-303.902,1023.75,490.0,-2590.0,1292.0,-115.52,170.24
1213363.103,937.387,-143.472,-313.357,-1820.0,-2791.25,-840.0,1293.52,-109.44,161.12
1213363.153,939.522,-154.269,-318.176,-1872.5,-1925.0,-437.5,1295.04,-123.12,162.64
1213363.203,938.119,-158.051,-309.697,-1531.25,1522.5,-822.5,1298.08,-110.96,155.04
1213363.253,937.692,-159.088,-308.538,446.25,1076.25,-2196.25,1296.56,-126.16,158.08
1213363.303,934.581,-141.215,-303.475,-131.25,577.5,-1470.0,1285.92,-126.16,158.08
1213363.353,935.13,-159.21,-311.771,-1863.75,-2948.75,-875.0,1296.56,-117.04,174.8
1213363.403,940.62,-154.94,-316.285,-420.0,-1583.75,-1881.25,1296.56,-121.6,145.92
1213363.453,944.524,-149.328,-313.174,-2135.0,656.25,-1697.5,1317.84,-123.12,158.08
1213363.503,926.834,-153.293,-305.61,-1767.5,2143.75,-2301.25,1292.0,-132.24,153.52
1213363.553,949.526,-152.561,-311.893,-630.0,-236.25,-1548.75,1305.68,-129.2,155.04
1213363.603,936.106,-142.435,-307.135,-1478.75,341.25,-910.0,1287.44,-126.16,174.8
1213363.653,931.836,-162.26,-310.185,-673.75,-2003.75,-997.5,1307.2,-127.68,159.6
1213363.703,947.757,-133.285,-312.93,-1023.75,-262.5,-1085.0,1307.2,-124.64,164.16
1213363.753,929.457,-157.624,-307.196,-3150.0,1977.5,-516.25,1290.48,-117.04,167.2
1213363.803,939.644,-152.744,-304.817,306.25,-166.25,-1925.0,1307.2,-135.28,170.24
1213363.853,931.775,-150.975,-308.355,-560.0,-866.25,-1391.25,1290.48,-114.0,168.72
1213363.903,950.075,-149.45,-312.808,-2353.75,-481.25,-1933.75,1307.2,-117.04,168.72
1213363.953,924.211,-154.696,-308.599,-761.25,-1391.25,-402.5,1292.0,-129.2,165.68
1213364.003,938.668,-167.811,-309.514,-2800.0,1382.5,-498.75,1313.28,-124.64,144.4
1213364.053,937.875,-162.931,-308.538,-192.5,-183.75,-2432.5,1308.72,-123.12,176.32
1213364.103,938.424,-146.827,-308.294,-1076.25,-227.5,-2318.75,1301.12,-101.84,161.12
1213364.153,943.243,-143.899,-313.906,-4121.25,-1942.5,-1225.0,1301.12,-117.04,165.68
1213364.203,936.35,-154.391,-317.688,-3255.0,-813.75,-752.5,1296.56,-118.56,159.6
1213364.253,946.903,-157.075,-305.976,-2992.5,1776.25,-1566.25,1304.16,-124.64,188.48
1213364.303,923.723,-162.016,-303.414,-647.5,437.5,-2607.5,1304.16,-126.16,167.2
1213364.353,939.522,-139.141,-301.706,-113.75,673.75,-1120.0,1307.2,-118.56,168.72
1213364.403,936.289,-155.367,-305.61,-1373.75,-2126.25,-717.5,1302.64,-110.96,164.16
1213364.453,941.413,-155.55,-311.71,-612.5,-2030.0,-1863.75,1310.24,-138.32,176.32
1213364.503,943.121,-139.202,-320.006,-3237.5,-1627.5,-1575.0,1311.76,-132.24,170.24
1213364.553,942.023,-155.306,-308.538,-2021.25,1706.25,-988.75,1296.56,-115.52,179.36
1213364.603,931.653,-157.38,-303.658,-271.25,-122.5,-813.75,1302.64,-123.12,168.72
1213364.653,938.729,-157.014,-304.817,953.75,-717.5,-813.75,1290.48,-117.04,167.2
1213364.703,935.862,-147.681,-309.148,-1863.75,-1146.25,-726.25,1304.16,-126.16,164.16
1213364.753,946.72,-155.367,-321.714,-1863.75,-3001.25,-1120.0,1305.68,-133.76,148.96
1213364.803,935.435,-152.988,-309.026,-1723.75,1566.25,-1006.25,1307.2,-126.16,164.16
1213364.853,946.415,-165.432,-316.041,-463.75,-35.0,-1688.75,1302.64,-112.48,173.28
1213364.903,934.886,-151.219,-308.599,-52.5,1435.0,-2135.0,1296.56,-118.56,162.64
1213364.953,945.195,-152.805,-314.516,-2135.0,-1723.75,-1916.25,1308.72,-124.64,171.76
1213365.003,940.986,-145.668,-312.198,-2441.25,1863.75,-1706.25,1298.08,-124.64,156.56
1213365.053,951.417,-160.125,-307.135,-2073.75,542.5,96.25,1302.64,-132.24,176.32
1213365.103,929.823,-162.016,-301.584,-315.0,1137.5,-1680.0,1298.08,-121.6,158.08
1213365.153,937.692,-158.112,-302.377,700.0,-341.25,-1662.5,1307.2,-133.76,167.2
1213365.203,940.986,-145.607,-300.059,-1828.75,192.5,-2668.75,1296.56,-118.56,156.56
1213365.253,930.494,-144.631,-303.719,-3526.25,-2345.0,-2108.75,1307.2,-121.6,167.2
1213365.303,941.047,-150.548,-310.612,-2292.5,-1557.5,-306.25,1278.32,-120.08,170.24
1213365.353,941.23,-161.345,-308.538,-1741.25,1575.0,-1198.75,1313.28,-124.64,167.2
1213365.403,949.16,-151.524,-310.002,1715.0,-1041.25,-3666.25,1290.48,-114.0,167.2
1213365.453,926.956,-138.165,-297.924,-3325.0,-105.0,-367.5,1293.52,-121.6,162.64
1213365.503,932.629,-165.615,-304.024,-1767.5,-2371.25,-586.25,1305.68,-123.12,168.72
1213365.553,942.389,-143.838,-312.93,-568.75,-1522.5,-1960.0,1284.4,-118.56,153.52
1213365.603,940.986,-140.788,-312.015,-3587.5,26.25,-1478.75,1302.64,-117.04,150.48
1213365.653,935.923,-155.733,-304.878,-1785.0,516.25,-1548.75,1276.8,-123.12,167.2
1213365.703,945.134,-151.89,-308.843,-708.75,866.25,-1338.75,1308.72,-121.6,156.56
1213365.753,937.387,-149.938,-301.828,-1330.0,17.5,-682.5,1293.52,-112.48,153.52
1213365.803,927.2,-157.014,-306.342,-227.5,-2913.75,-1750.0,1296.56,-110.96,162.64
1213365.853,953.308,-137.616,-311.466,-2773.75,647.5,-420.0,1296.56,-120.08,153.52
1213365.903,932.751,-173.179,-302.743,-560.0,201.25,-1067.5,1293.52,-120.08,150.48
1213365.953,941.84,-157.624,-302.987,2572.5,-61.25,-2222.5,1308.72,-129.2,176.32
1213366.003,936.411,-139.995,-308.721,-1190.0,-2581.25,-1592.5,1302.64,-118.56,156.56
1213366.053,946.232,-152.683,-311.527,-2415.0,-945.0,-1277.5,1304.16,-136.8,176.32
1213366.103,940.132,-149.999,-311.893,-2975.0,-1067.5,-831.25,1293.52,-126.16,161.12
1213366.153,931.897,-168.238,-295.545,-866.25,2336.25,-980.0,1293.52,-132.24,159.6
1213366.203,943.792,-156.831,-305.427,962.5,-595.0,-2310.0,1307.2,-121.6,158.08
1213366.253,935.313,-142.191,-302.682,-1995.0,-516.25,-1890.0,1295.04,-114.0,180.88
1213366.303,936.045,-146.217,-311.344,-4095.0,-1916.25,-1356.25,1304.16,-120.08,170.24
1213366.353,945.744,-161.589,-307.867,-1785.0,-463.75,-918.75,1287.44,-123.12,152.0
1213366.403,932.751,-155.977,-303.231,-595.0,2030.0,-2336.25,1293.52,-120.08,173.28
1213366.453,937.57,-143.411,-305.671,245.0,-831.25,-2257.5,1311.76,-115.52,168.72
1213366.503,947.147,-130.601,-309.392,-3088.75,761.25,-1373.75,1295.04,-130.72,153.52
1213366.553,934.886,-164.639,-299.144,-1181.25,-533.75,-997.5,1302.64,-123.12,170.24
1213366.603,937.875,-140.544,-305.427,201.25,-1627.5,-2030.0,1308.72,-135.28,159.6
1213366.653,938.363,-150.609,-306.647,-1400.0,-1400.0,-1408.75,1319.36,-112.48,171.76
1213366.703,945.988,-145.912,-302.133,-761.25,1128.75,-1050.0,1301.12,-115.52,164.16
1213366.753,934.52,-143.777,-303.902,-2528.75,8.75,-1198.75,1313.28,-124.64,173.28
1213366.803,936.411,-154.452,-302.987,-2143.75,-1426.25,-630.0,1305.68,-121.6,176.32
1213366.853,938.668,-158.539,-310.185,-87.5,-1295.0,-1172.5,1287.44,-126.16,173.28
1213366.903,937.387,-149.511,-313.296,-708.75,-1688.75,-1575.0,1298.08,-127.68,148.96
1213366.953,941.047,-152.622,-311.588,-218.75,-350.0,-2432.5,1295.04,-123.12,174.8
1213367.003,933.117,-150.121,-305.793,-1303.75,288.75,-1461.25,1290.48,-118.56,167.2
1213367.053,938.851,-142.252,-299.388,-1093.75,1557.5,-1400.0,1308.72,-130.72,156.56
1213367.103,928.42,-151.402,-299.693,-2887.5,2126.25,-105.0,1302.64,-112.48,171.76
1213367.153,953.369,-161.589,-300.059,-848.75,192.5,-3753.75,1301.12,-117.04,171.76
1213367.203,930.433,-143.655,-294.752,35.0,-96.25,-3158.75,1314.8,-114.0,165.68
1213367.253,936.716,-135.542,-300.974,-3430.0,-1513.75,-367.5,1298.08,-121.6,147.44
1213367.303,947.757,-152.561,-313.052,-3123.75,-848.75,87.5,1316.32,-117.04,168.72
1213367.353,935.008,-161.589,-308.477,-3473.75,-393.75,-1225.0,1287.44,-117.04,155.04
1213367.403,942.633,-152.439,-308.904,-1522.5,-52.5,-3193.75,1313.28,-127.68,170.24
1213367.453,941.108,-143.411,-305.0,-1128.75,840.0,-2642.5,1287.44,-120.08,165.68
1213367.503,938.607,-143.899,-304.573,-1487.5,-271.25,-787.5,1295.04,-117.04,168.72
1213367.553,937.875,-147.986,-304.878,-1233.75,-673.75,-980.0,1295.04,-118.56,167.2
1213367.603,940.376,-146.461,-304.512,-2502.5,385.0,-1207.5,1295.04,-118.56,153.52
1213367.653,938.302,-149.694,-303.17,-1986.25,463.75,-1233.75,1288.96,-124.64,168.72
1213367.703,938.363,-148.047,-299.388,-393.75,-271.25,-866.25,1305.68,-120.08,152.0
1213367.753,938.546,-153.598,-301.035,-490.0,-577.5,-367.5,1307.2,-115.52,168.72
1213367.803,935.252,-149.755,-300.608,-17.5,-1400.0,-1128.75,1299.6,-115.52,155.04
1213367.853,944.158,-147.864,-302.255,-1321.25,603.75,-1373.75,1311.76,-121.6,173.28
1213367.903,934.703,-145.485,-297.253,-2327.5,17.5,-1233.75,1310.24,-120.08,165.68
1213367.953,934.825,-154.391,-302.133,-1338.75,-1496.25,-1085.0,1302.64,-127.68,158.08
1213368.003,946.049,-153.049,-307.135,-892.5,-1610.0,-1233.75,1296.56,-118.56,162.64
1213368.053,940.132,-151.951,-310.49,-988.75,-1715.0,-1610.0,1293.52,-120.08,158.08
1213368.103,935.252,-149.511,-305.488,-1671.25,-1041.25,-1750.0,1299.6,-126.16,174.8
1213368.153,938.119,-145.302,-310.002,-2485.0,-673.75,-1435.0,1279.84,-118.56,164.16
1213368.203,937.143,-152.439,-308.538,-2248.75,-105.0,-1767.5,1308.72,-123.12,171.76
1213368.253,938.973,-149.938,-307.257,-1925.0,-87.5,-1995.0,1292.0,-120.08,162.64
1213368.303,941.23,-146.278,-306.525,-1373.75,411.25,-1251.25,1299.6,-110.96,173.28
1213368.353,935.313,-149.389,-304.695,-971.25,297.5,-988.75,1284.4,-126.16,173.28
1213368.403,939.705,-148.474,-302.499,-752.5,-350.0,-1286.25,1293.52,-114.0,170.24
1213368.453,938.79,-146.034,-302.926,-1688.75,-490.0,-1207.5,1296.56,-120.08,173.28
1213368.503,937.631,-148.962,-305.488,-1137.5,-481.25,-717.5,1287.44,-120.08,165.68
1213368.553,939.644,-154.696,-303.658,-901.25,647.5,-1356.25,1316.32,-117.04,179.36
1213368.603,934.52,-148.23,-298.29,-691.25,-183.75,-1461.25,1292.0,-115.52,148.96
1213368.653,937.265,-149.45,-299.815,-997.5,-1408.75,-1330.0,1305.68,-130.72,168.72
1213368.703,946.293,-150.487,-305.915,-1233.75,-1452.5,-1417.5,1292.0,-127.68,162.64
1213368.753,939.034,-148.596,-305.671,-1190.0,-2021.25,-1391.25,1296.56,-123.12,183.92
1213368.803,937.387,-151.585,-307.318,-1487.5,-1102.5,-1478.75,1293.52,-132.24,155.04
1213368.853,940.742,-151.158,-310.246,-1837.5,-892.5,-1461.25,1298.08,-112.48,168.72
1213368.903,939.888,-148.413,-310.734,-2056.25,-673.75,-1907.5,1299.6,-120.08,168.72
1213368.953,936.96,-149.45,-310.734,-1890.0,-577.5,-1898.75,1305.68,-120.08,165.68
1213369.003,939.217,-147.437,-308.721,-1758.75,-43.75,-1470.0,1295.04,-120.08,173.28
1213369.053,936.35,-149.206,-307.623,-1531.25,-105.0,-1688.75,1293.52,-121.6,171.76
1213369.103,937.936,-145.729,-304.451,-1391.25,-227.5,-1732.5,1313.28,-121.6,180.88
1213369.153,942.328,-145.485,-305.488,-2091.25,-201.25,-1251.25,1307.2,-121.6,177.84
1213369.203,935.862,-149.145,-303.475,-1435.0,-533.75,-883.75,1305.68,-118.56,170.24
1213369.253,942.328,-150.426,-308.538,-988.75,332.5,-1513.75,1298.08,-132.24,159.6
1213369.303,938.119,-143.35,-301.767,-988.75,70.0,-1391.25,1305.68,-124.64,177.84
1213369.353,935.008,-148.169,-301.279,-1128.75,-892.5,-953.75,1290.48,-110.96,156.56
1213369.403,941.962,-147.681,-306.403,-1286.25,-1347.5,-1198.75,1304.16,-124.64,165.68
1213369.453,934.337,-148.901,-306.525,-1181.25,-840.0,-822.5,1314.8,-115.52,173.28
1213369.503,935.191,-148.474,-306.83,-1347.5,-936.25,-1435.0,1292.0,-123.12,159.6
1213369.553,936.411,-144.753,-311.344,-1461.25,-962.5,-1102.5,1314.8,-123.12,180.88
1213369.603,938.241,-150.731,-312.381,-1242.5,-437.5,-1365.0,1299.6,-123.12,152.0
1213369.653,940.437,-147.559,-309.026,-1347.5,-253.75,-1548.75,1293.52,-115.52,155.04
1213369.703,937.509,-147.437,-307.257,-1102.5,-245.0,-1295.0,1293.52,-110.96,156.56
1213369.753,935.923,-149.023,-306.769,-1295.0,-367.5,-1365.0,1298.08,-118.56,173.28
1213369.803,934.337,-150.06,-305.915,-936.25,-411.25,-1435.0,1272.24,-115.52,176.32
1213369.853,941.108,-147.376,-306.525,-1373.75,-341.25,-1636.25,1304.16,-124.64,164.16
1213369.903,937.143,-151.707,-304.817,-1750.0,-385.0,-1330.0,1296.56,-127.68,179.36
1213369.953,941.962,-147.742,-308.721,-1697.5,-1251.25,-1986.25,1304.16,-117.04,168.72
1213370.003,938.546,-148.535,-307.928,-1242.5,-411.25,-1417.5,1299.6,-121.6,168.72
1213370.053,934.642,-149.328,-303.414,-1155.0,-428.75,-1522.5,1290.48,-117.04,161.12
1213370.103,934.032,-145.485,-307.135,-1085.0,-1303.75,-1242.5,1292.0,-123.12,167.2
1213370.153,938.302,-146.034,-313.113,-1242.5,-560.0,-1461.25,1295.04,-124.64,152.0
1213370.203,938.729,-149.572,-312.686,-997.5,-752.5,-1181.25,1292.0,-123.12,165.68
1213370.253,938.729,-147.925,-311.405,-1041.25,-428.75,-1365.0,1288.96,-118.56,153.52
1213370.303,937.57,-144.936,-309.758,-1496.25,-70.0,-1172.5,1311.76,-120.08,164.16
1213370.353,938.851,-148.779,-308.05,-1251.25,61.25,-1312.5,1293.52,-123.12,171.76
1213370.403,941.352,-144.326,-307.623,-1216.25,43.75,-1067.5,1301.12,-117.04,159.6
1213370.453,937.692,-146.461,-303.536,-1216.25,-140.0,-1111.25,1275.28,-118.56,173.28
1213370.503,936.777,-149.267,-304.878,-857.5,-507.5,-1321.25,1278.32,-115.52,158.08
1213370.553,936.777,-146.461,-307.074,-1268.75,-533.75,-1260.0,1310.24,-123.12,171.76
1213370.603,939.644,-148.596,-308.538,-1688.75,-848.75,-1207.5,1284.4,-123.12,158.08
1213370.653,936.106,-149.572,-307.989,-2187.5,-988.75,-1330.0,1292.0,-123.12,162.64
1213370.703,933.971,-150.365,-306.525,-1680.0,-1050.0,-1382.5,1295.04,-124.64,167.2
1213370.753,938.729,-147.62,-311.283,-1461.25,306.25,-1426.25,1301.12,-121.6,156.56
1213370.803,939.217,-145.668,-306.708,-1443.75,402.5,-1330.0,1295.04,-129.2,167.2
1213370.853,933.117,-145.546,-301.584,-805.0,-883.75,-1391.25,1292.0,-124.64,158.08
1213370.903,942.511,-139.812,-304.39,-1076.25,-1478.75,-595.0,1301.12,-117.04,174.8
1213370.953,935.923,-156.709,-302.316,253.75,-1785.0,-148.75,1290.48,-117.04,168.72
1213371.003,935.801,-144.753,-307.928,385.0,-2213.75,-1181.25,1293.52,-121.6,174.8
1213371.053,935.679,-144.021,-310.612,-848.75,-2248.75,-61.25,1296.56,-120.08,164.16
1213371.103,937.631,-156.709,-316.041,-1295.0,-1846.25,-603.75,1290.48,-124.64,173.28
1213371.153,933.91,-156.465,-318.908,-708.75,-1688.75,-1163.75,1302.64,-129.2,162.64
1213371.203,934.337,-153.354,-316.529,-1155.0,-1811.25,-656.25,1299.6,-118.56,171.76
1213371.253,936.289,-157.929,-319.152,-901.25,-1452.5,-682.5,1299.6,-117.04,165.68
1213371.303,934.154,-157.929,-318.115,-393.75,-1102.5,-1041.25,1295.04,-130.72,158.08
1213371.353,935.801,-156.343,-318.603,-962.5,-428.75,-1111.25,1308.72,-118.56,165.68
1213371.403,933.544,-155.794,-318.298,-1557.5,-8.75,-1356.25,1290.48,-115.52,170.24
1213371.453,935.252,-156.465,-315.065,-1671.25,105.0,-1548.75,1295.04,-130.72,171.76
1213371.503,942.145,-155.916,-314.394,-2126.25,1461.25,-1872.5,1285.92,-133.76,164.16
1213371.553,930.128,-154.086,-308.782,-1872.5,350.0,-2003.75,1311.76,-117.04,161.12
1213371.603,932.141,-152.317,-306.952,-1662.5,-595.0,-1802.5,1290.48,-124.64,168.72
1213371.653,942.145,-151.341,-315.126,-1986.25,-988.75,-1487.5,1301.12,-126.16,159.6
1213371.703,932.507,-155.794,-316.773,-1347.5,-1461.25,-1723.75,1307.2,-121.6,161.12
1213371.753,930.982,-151.097,-313.54,-1575.0,-420.0,-1671.25,1292.0,-112.48,161.12
1213371.803,933.788,-150.426,-316.346,-1907.5,-297.5,-1137.5,1290.48,-114.0,162.64
1213371.853,932.202,-156.587,-311.344,-1312.5,-743.75,-1540.0,1288.96,-120.08,147.44
1213371.903,937.997,-152.744,-314.821,-831.25,-490.0,-1496.25,1299.6,-121.6,167.2
1213371.953,934.947,-152.378,-314.577,-1093.75,-595.0,-971.25,1285.92,-124.64,162.64
1213372.003,933.788,-155.367,-314.699,-595.0,-463.75,-1207.5,1296.56,-120.08,168.72
1213372.053,933.605,-153.842,-314.089,-673.75,-323.75,-1207.5,1296.56,-126.16,164.16
1213372.103,933.971,-151.768,-313.54,-1478.75,-341.25,-866.25,1292.0,-114.0,159.6
1213372.153,930.921,-155.306,-314.76,-1120.0,-1417.5,-1216.25,1298.08,-118.56,165.68
1213372.203,944.341,-154.635,-319.518,-1802.5,-402.5,-1662.5,1305.68,-114.0,155.04
1213372.253,931.104,-155.977,-313.479,-1233.75,393.75,-1592.5,1307.2,-138.32,167.2
1213372.303,929.213,-155.001,-308.843,-1426.25,-516.25,-2100.0,1298.08,-124.64,158.08
1213372.353,938.973,-152.073,-316.895,-2100.0,-918.75,-1968.75,1313.28,-123.12,153.52
1213372.403,937.753,-155.001,-318.481,-2170.0,-428.75,-1715.0,1295.04,-114.0,161.12
1213372.453,935.618,-149.694,-316.285,-2108.75,-297.5,-2511.25,1302.64,-123.12,158.08
1213372.503,938.912,-147.925,-317.017,-2397.5,-87.5,-1610.0,1310.24,-110.96,167.2
1213372.553,936.716,-149.511,-312.869,-1872.5,376.25,-1627.5,1307.2,-109.44,148.96
1213372.603,935.679,-147.315,-311.954,-1531.25,-113.75,-1802.5,1288.96,-127.68,156.56
1213372.653,938.424,-144.997,-313.357,-1557.5,-192.5,-1426.25,1299.6,-120.08,164.16
1213372.703,938.729,-150.121,-310.856,-997.5,78.75,-1242.5,1296.56,-118.56,167.2
1213372.753,938.119,-149.206,-311.039,-988.75,236.25,-1478.75,1295.04,-121.6,156.56
1213372.803,936.472,-147.986,-311.1,-1006.25,-175.0,-1085.0,1302.64,-120.08,159.6
1213372.853,931.531,-150.914,-312.503,-761.25,-1067.5,-700.0,1298.08,-120.08,161.12
1213372.903,941.779,-150.304,-314.089,-1172.5,-848.75,-1356.25,1279.84,-126.16,152.0
1213372.953,935.618,-149.999,-308.05,-673.75,113.75,-892.5,1305.68,-118.56,168.72
1213373.003,931.714,-149.999,-308.66,-1041.25,-358.75,-1417.5,1288.96,-110.96,147.44
1213373.053,938.058,-150.975,-314.15,-1732.5,-1190.0,-1487.5,1317.84,-130.72,158.08
1213373.103,938.729,-152.927,-313.296,-1785.0,-665.0,-1557.5,1292.0,-124.64,161.12
1213373.153,937.57,-146.4,-314.638,-1951.25,-341.25,-2021.25,1308.72,-129.2,161.12
1213373.203,939.461,-147.437,-312.991,-1828.75,-236.25,-1496.25,1288.96,-120.08,162.64
1213373.253,937.387,-151.646,-315.919,-1671.25,-96.25,-1671.25,1313.28,-117.04,167.2
1213373.303,936.045,-146.949,-312.442,-1408.75,-8.75,-1732.5,1308.72,-114.0,152.0
1213373.353,938.729,-144.814,-313.418,-1426.25,148.75,-1295.0,1296.56,-118.56,168.72
1213373.403,936.472,-151.524,-311.466,-813.75,-17.5,-1163.75,1313.28,-127.68,162.64
1213373.453,936.228,-152.805,-310.124,-787.5,61.25,-1347.5,1305.68,-115.52,148.96
1213373.503,936.594,-145.973,-310.124,-1190.0,-262.5,-1163.75,1314.8,-118.56,173.28
1213373.553,934.459,-155.733,-308.294,-1093.75,17.5,-936.25,1298.08,-118.56,170.24
1213373.603,935.923,-150.914,-309.636,-621.25,-1382.5,-1400.0,1299.6,-123.12,167.2
1213373.653,936.777,-152.012,-311.527,-1067.5,166.25,-1015.0,1302.64,-115.52,161.12
1213373.703,935.191,-153.659,-305.122,-1102.5,-87.5,-1347.5,1325.44,-114.0,156.56
1213373.753,931.714,-150.121,-306.647,-778.75,-1330.0,-1128.75,1310.24,-124.64,174.8
1213373.803,942.145,-153.049,-312.93,-1715.0,-1260.0,-1417.5,1313.28,-121.6,155.04
1213373.853,938.302,-151.28,-316.041,-1295.0,-1076.25,-1723.75,1305.68,-121.6,161.12
1213373.903,935.008,-150.365,-313.052,-1872.5,-297.5,-2021.25,1290.48,-129.2,158.08
1213373.953,936.594,-150.548,-312.015,-1942.5,-332.5,-1470.0,1299.6,-127.68,162.64
1213374.003,936.838,-150.243,-310.49,-1522.5,-96.25,-1863.75,1295.04,-120.08,170.24
1213374.053,938.668,-147.864,-310.734,-1452.5,-157.5,-1636.25,1305.68,-121.6,164.16
1213374.103,936.045,-147.803,-311.771,-1172.5,-218.75,-1277.5,1292.0,-120.08,158.08
1213374.153,935.496,-149.633,-308.965,-980.0,-35.0,-1172.5,1293.52,-121.6,162.64
1213374.203,937.936,-152.683,-311.283,-1067.5,-210.0,-1085.0,1307.2,-120.08,159.6
1213374.253,936.716,-146.949,-310.124,-1303.75,-560.0,-1163.75,1293.52,-123.12,159.6
1213374.303,933.483,-152.988,-308.843,-1750.0,-455.0,-813.75,1310.24,-117.04,183.92
1213374.353,945.317,-151.524,-312.503,-1723.75,-201.25,-1636.25,1293.52,-124.64,152.0
1213374.403,933.483,-148.657,-308.904,-1198.75,-376.25,-813.75,1299.6,-118.56,159.6
1213374.453,930.738,-153.537,-307.44,-1225.0,-253.75,-910.0,1301.12,-126.16,155.04
1213374.503,935.557,-151.28,-308.904,-1076.25,-1435.0,-1111.25,1308.72,-115.52,162.64
1213374.553,939.705,-149.816,-315.553,-1487.5,-1050.0,-980.0,1295.04,-126.16,158.08
1213374.603,936.045,-150.548,-316.651,-1575.0,-533.75,-1382.5,1314.8,-118.56,153.52
1213374.653,932.934,-155.55,-312.015,-1076.25,-516.25,-1671.25,1304.16,-121.6,161.12
1213374.703,937.57,-148.413,-312.869,-1303.75,-236.25,-1522.5,1295.04,-118.56,155.04
1213374.753,935.557,-147.986,-309.697,-1382.5,-122.5,-1426.25,1299.6,-112.48,164.16
1213374.8031,934.947,-151.524,-308.416,-1706.25,-175.0,-1522.5,1285.92,-109.44,170.24
1213374.853,937.753,-150.609,-311.039,-1645.0,-236.25,-1233.75,1308.72,-130.72,162.64
1213374.903,937.509,-151.768,-311.1,-1513.75,-647.5,-1408.75,1290.48,-114.0,162.64
1213374.953,935.923,-151.036,-309.575,-1408.75,-866.25,-1303.75,1305.68,-104.88,161.12
1213375.003,936.289,-148.84,-311.1,-2187.5,-778.75,-1163.75,1298.08,-123.12,150.48
1213375.053,938.241,-150.548,-315.37,-1487.5,-1548.75,-1408.75,1290.48,-121.6,156.56
1213375.103,942.755,-155.184,-315.065,-997.5,516.25,-1312.5,1299.6,-124.64,162.64
1213375.153,932.324,-150.914,-306.159,-1041.25,-183.75,-1356.25,1307.2,-118.56,138.32
1213375.203,932.019,-149.999,-310.063,-1076.25,-918.75,-1190.0,1299.6,-126.16,159.6
1213375.253,940.132,-152.805,-314.516,-1531.25,-490.0,-1076.25,1292.0,-115.52,148.96
1213375.303,935.496,-157.38,-312.015,-1050.0,-796.25,-1198.75,1314.8,-120.08,158.08
1213375.353,934.276,-151.158,-312.625,-1216.25,-577.5,-1496.25,1296.56,-118.56,150.48
1213375.403,935.923,-154.94,-312.381,-2082.5,-105.0,-1461.25,1299.6,-135.28,170.24
1213375.453,935.923,-155.306,-310.917,-1382.5,-393.75,-1741.25,1281.36,-115.52,155.04
1213375.503,937.204,-147.62,-313.662,-1251.25,-35.0,-1776.25,1313.28,-120.08,167.2
1213375.553,936.838,-149.206,-309.209,-1618.75,105.0,-1242.5,1305.68,-121.6,158.08
1213375.603,935.008,-155.245,-308.294,-1181.25,-595.0,-1645.0,1299.6,-121.6,167.2
1213375.653,936.899,-148.84,-311.771,-1058.75,-411.25,-1321.25,1302.64,-130.72,162.64
1213375.703,932.751,-153.293,-312.93,-1242.5,-735.0,-1067.5,1301.12,-130.72,158.08
1213375.753,937.021,-149.572,-316.224,-1793.75,-26.25,-1618.75,1310.24,-120.08,158.08
1213375.803,935.618,-152.988,-310.185,-778.75,262.5,-1085.0,1301.12,-118.56,159.6
1213375.853,932.629,-153.903,-305.793,-1067.5,-595.0,-1400.0,1298.08,-118.56,164.16
1213375.903,937.204,-152.073,-312.076,-1251.25,-1207.5,-1435.0,1296.56,-121.6,167.2
1213375.953,936.96,-151.707,-310.734,-1408.75,-560.0,-1190.0,1311.76,-132.24,155.04
1213376.003,938.912,-150.548,-312.015,-1986.25,-323.75,-1391.25,1302.64,-130.72,158.08
1213376.053,937.082,-152.134,-311.649,-1452.5,-542.5,-1382.5,1302.64,-121.6,176.32
1213376.103,934.764,-151.951,-312.076,-1601.25,-411.25,-1505.0,1304.16,-123.12,161.12
1213376.153,936.35,-152.134,-314.882,-1802.5,-323.75,-1627.5,1311.76,-124.64,159.6
1213376.203,936.777,-151.768,-310.612,-1636.25,-315.0,-1680.0,1295.04,-127.68,176.32
1213376.253,934.764,-152.805,-312.381,-1443.75,-402.5,-1767.5,1302.64,-109.44,156.56
1213376.303,934.337,-147.986,-310.978,-1575.0,-323.75,-1645.0,1299.6,-117.04,174.8
1213376.353,935.374,-151.341,-310.307,-1452.5,-551.25,-1321.25,1301.12,-120.08,155.04
1213376.403,934.52,-153.964,-311.527,-1365.0,-822.5,-1295.0,1290.48,-123.12,174.8
1213376.453,941.779,-146.888,-312.259,-1890.0,-516.25,-1828.75,1284.4,-130.72,150.48
1213376.503,936.167,-150.06,-308.782,-1102.5,122.5,-1426.25,1302.64,-118.56,165.68
1213376.553,934.398,-150.609,-308.66,-1093.75,-796.25,-1417.5,1298.08,-117.04,167.2
1213376.603,938.668,-148.779,-312.015,-1452.5,-1548.75,-1382.5,1305.68,-127.68,171.76
1213376.653,937.265,-151.89,-315.187,-1618.75,-262.5,-1207.5,1292.0,-121.6,155.04
1213376.703,937.631,-150.548,-311.161,-2091.25,-271.25,-1785.0,1310.24,-135.28,167.2
1213376.753,937.326,-150.67,-312.259,-1461.25,-568.75,-1365.0,1298.08,-121.6,162.64
1213376.803,937.509,-150.121,-314.089,-1680.0,-157.5,-1417.5,1304.16,-126.16,168.72
1213376.853,937.875,-149.084,-313.113,-1522.5,-271.25,-1741.25,1314.8,-114.0,173.28
1213376.903,937.753,-149.816,-311.466,-1487.5,-297.5,-1198.75,1307.2,-123.12,164.16
1213376.953,937.57,-151.341,-308.477,-1286.25,-140.0,-1356.25,1304.16,-124.64,156.56
1213377.003,936.289,-148.535,-308.538,-1006.25,-393.75,-1408.75,1296.56,-129.2,161.12
1213377.053,939.095,-149.267,-308.294,-1181.25,-350.0,-1277.5,1290.48,-130.72,165.68
1213377.103,933.91,-152.988,-310.917,-1321.25,105.0,-1102.5,1305.68,-120.08,155.04
1213377.153,939.583,-148.718,-313.906,-1356.25,-1260.0,-1758.75,1319.36,-130.72,156.56
1213377.203,936.35,-149.145,-308.843,-1120.0,43.75,-1023.75,1293.52,-130.72,162.64
1213377.253,929.884,-152.012,-304.146,-1277.5,-332.5,-1277.5,1305.68,-110.96,165.68
1213377.303,937.448,-149.755,-309.819,-1137.5,-1260.0,-1216.25,1304.16,-109.44,162.64
1213377.353,937.265,-150.121,-314.943,-1671.25,-1067.5,-1146.25,1304.16,-127.68,165.68
1213377.403,939.4,-152.622,-316.346,-1408.75,-1146.25,-1426.25,1305.68,-123.12,165.68
1213377.453,933.91,-148.535,-315.187,-1531.25,-735.0,-1452.5,1292.0,-121.6,165.68
1213377.503,936.716,-149.572,-314.211,-1995.0,-332.5,-1321.25,1307.2,-126.16,174.8
1213377.553,936.472,-152.256,-310.429,-1251.25,-297.5,-1767.5,1293.52,-130.72,161.12
1213377.603,937.326,-147.132,-311.222,-1557.5,-481.25,-1426.25,1304.16,-126.16,168.72
1213377.653,936.838,-148.901,-310.734,-1373.75,-17.5,-1128.75,1288.96,-124.64,152.0
1213377.703,935.862,-150.426,-312.808,-1111.25,-542.5,-1321.25,1288.96,-123.12,171.76
1213377.753,934.642,-150.06,-307.44,-1207.5,-656.25,-1312.5,1292.0,-123.12,138.32
1213377.803,936.533,-147.986,-310.002,-1995.0,-262.5,-1338.75,1307.2,-117.04,167.2
1213377.853,933.788,-150.182,-310.795,-2021.25,-507.5,-1303.75,1293.52,-129.2,155.04
1213377.903,930.921,-150.792,-312.503,-918.75,-708.75,-953.75,1304.16,-123.12,174.8
1213377.953,947.086,-149.633,-317.932,-1426.25,411.25,-1461.25,1304.16,-124.64,162.64
1213378.003,934.581,-151.341,-305.976,-822.5,402.5,-1225.0,1304.16,-118.56,167.2
1213378.053,933.727,-147.315,-306.281,-778.75,-1067.5,-1023.75,1307.2,-130.72,158.08
1213378.103,937.753,-151.768,-310.246,-1470.0,-1163.75,-1041.25,1313.28,-123.12,161.12
1213378.153,936.533,-152.683,-310.978,-1303.75,-490.0,-1023.75,1302.64,-124.64,167.2
1213378.203,937.753,-150.975,-312.808,-2021.25,-560.0,-1723.75,1296.56,-110.96,158.08
1213378.253,932.507,-150.792,-310.368,-1916.25,-551.25,-1295.0,1301.12,-123.12,170.24
1213378.303,937.997,-154.879,-311.893,-1522.5,-332.5,-1531.25,1299.6,-123.12,150.48
1213378.353,934.764,-150.792,-309.88,-1391.25,-472.5,-1513.75,1298.08,-118.56,162.64
1213378.403,938.607,-145.424,-311.588,-1793.75,-428.75,-1093.75,1307.2,-120.08,144.4
1213378.453,934.093,-152.866,-312.503,-1715.0,-376.25,-831.25,1310.24,-123.12,170.24
1213378.503,933.605,-154.696,-309.392,-848.75,-586.25,-1163.75,1301.12,-121.6,165.68
1213378.553,933.178,-149.633,-308.721,-1015.0,-533.75,-1102.5,1299.6,-127.68,161.12
1213378.603,935.557,-154.086,-311.283,-1531.25,-227.5,-1120.0,1304.16,-118.56,165.68
1213378.653,935.252,-151.524,-310.368,-1872.5,-437.5,-1312.5,1292.0,-123.12,152.0
1213378.703,938.363,-152.622,-312.381,-1487.5,-1286.25,-1522.5,1311.76,-123.12,162.64
1213378.753,935.496,-156.343,-309.087,-787.5,630.0,-1321.25,1295.04,-115.52,158.08
1213378.803,930.677,-155.306,-305.793,-1076.25,-297.5,-1688.75,1301.12,-129.2,177.84
1213378.853,937.021,-150.67,-310.307,-1680.0,-1321.25,-1207.5,1295.04,-110.96,150.48
1213378.903,941.108,-155.306,-316.895,-1881.25,-472.5,-1330.0,1288.96,-120.08,165.68
1213378.953,937.875,-151.829,-314.15,-1443.75,-813.75,-1951.25,1298.08,-114.0,161.12
1213379.003,934.337,-149.816,-313.784,-1583.75,-376.25,-1645.0,1304.16,-120.08,150.48
1213379.053,936.045,-152.073,-311.039,-2231.25,157.5,-1540.0,1298.08,-112.48,168.72
1213379.103,936.655,-151.951,-313.235,-1452.5,-315.0,-1942.5,1299.6,-107.92,159.6
1213379.153,940.071,-146.583,-312.32,-1522.5,-192.5,-1522.5,1302.64,-123.12,168.72
1213379.203,934.703,-150.914,-311.344,-1347.5,-218.75,-1093.75,1302.64,-123.12,152.0
1213379.253,934.764,-152.012,-308.965,-612.5,-446.25,-1198.75,1304.16,-118.56,159.6
1213379.303,937.814,-149.633,-312.259,-910.0,-498.75,-1373.75,1295.04,-114.0,148.96
1213379.353,936.472,-151.28,-306.83,-1321.25,-227.5,-1216.25,1311.76,-110.96,164.16
1213379.403,934.093,-154.574,-307.684,-1330.0,-350.0,-1295.0,1295.04,-126.16,153.52
1213379.453,943.365,-152.866,-310.795,-1645.0,-1058.75,-1776.25,1310.24,-129.2,162.64
1213379.503,936.411,-154.879,-309.697,-1015.0,61.25,-1452.5,1281.36,-115.52,158.08
1213379.553,930.555,-153.903,-305.549,-1400.0,-603.75,-1846.25,1301.12,-126.16,156.56
1213379.603,933.727,-150.487,-307.867,-1636.25,-1618.75,-1557.5,1296.56,-118.56,170.24
1213379.6531,940.864,-153.293,-314.516,-1995.0,-525.0,-1575.0,1316.32,-115.52,152.0
1213379.703,934.886,-153.354,-312.991,-1522.5,-1137.5,-1933.75,1296.56,-127.68,174.8
1213379.753,935.496,-149.877,-316.834,-2913.75,-2345.0,-2213.75,1292.0,-126.16,152.0
1213379.803,930.86,-144.143,-312.198,-2511.25,1041.25,-1443.75,1288.96,-114.0,156.56
1213379.853,933.849,-158.173,-317.749,-1338.75,-560.0,-918.75,1295.04,-132.24,138.32
1213379.903,930.86,-139.385,-314.15,-1032.5,-621.25,-2721.25,1310.24,-123.12,167.2
1213379.953,933.361,-139.934,-313.113,-2581.25,-2441.25,-1610.0,1293.52,-112.48,152.0
1213380.003,945.134,-150.914,-326.838,-1916.25,-1093.75,-1268.75,1301.12,-132.24,164.16
1213380.053,948.428,-140.788,-313.235,-700.0,3386.25,-787.5,1304.16,-114.0,148.96
1213380.103,933.727,-158.966,-308.294,-918.75,-297.5,-332.5,1301.12,-118.56,156.56
1213380.153,941.901,-154.33,-306.647,612.5,-166.25,-1811.25,1299.6,-120.08,164.16
1213380.203,938.973,-141.276,-312.015,-1741.25,-3237.5,-2047.5,1317.84,-126.16,159.6
1213380.253,926.163,-144.875,-315.37,-2686.25,-735.0,-297.5,1299.6,-124.64,155.04
1213380.303,944.829,-156.465,-307.928,-2065.0,1662.5,-175.0,1292.0,-121.6,153.52
1213380.353,934.459,-163.785,-310.734,-8.75,-1058.75,-1566.25,1299.6,-121.6,158.08
1213380.403,945.805,-154.696,-311.649,1015.0,-17.5,-2318.75,1307.2,-130.72,152.0
1213380.453,933.727,-140.91,-313.845,-2896.25,-2817.5,-2406.25,1293.52,-117.04,180.88
1213380.503,936.106,-144.631,-321.104,-3797.5,-2651.25,-1452.5,1301.12,-109.44,144.4
1213380.553,942.206,-155.062,-319.884,-1426.25,691.25,-1461.25,1310.24,-126.16,167.2
1213380.603,941.413,-151.951,-319.335,-315.0,402.5,-2126.25,1279.84,-124.64,153.52
1213380.653,942.389,-134.81,-313.235,-778.75,2205.0,-1898.75,1305.68,-117.04,162.64
1213380.703,933.727,-150.67,-307.623,-1706.25,-105.0,-577.5,1284.4,-110.96,159.6
1213380.753,930.006,-151.341,-312.32,-210.0,-2922.5,-1207.5,1282.88,-118.56,162.64
1213380.803,931.958,-140.361,-311.1,-1067.5,1058.75,-1697.5,1296.56,-112.48,152.0
1213380.853,937.814,-149.755,-315.919,-1347.5,428.75,-682.5,1307.2,-123.12,148.96
1213380.903,939.4,-154.696,-309.758,201.25,-1041.25,-2913.75,1298.08,-117.04,167.2
1213380.953,931.653,-140.849,-308.721,-1277.5,-341.25,-1540.0,1293.52,-109.44,139.84
1213381.003,945.317,-147.925,-313.479,-2170.0,-621.25,-490.0,1293.52,-123.12,171.76
1213381.053,927.627,-146.522,-302.377,-1750.0,1820.0,-542.5,1296.56,-117.04,155.04
1213381.103,940.498,-159.515,-308.843,-1277.5,-218.75,-166.25,1307.2,-124.64,174.8
1213381.153,924.394,-150.548,-306.586,-840.0,-2546.25,-2415.0,1305.68,-126.16,167.2
1213381.203,946.964,-147.315,-316.59,-1102.5,-3167.5,-2712.5,1296.56,-112.48,162.64
1213381.253,932.202,-140.239,-316.041,-4383.75,-1618.75,-498.75,1298.08,-107.92,159.6
1213381.303,930.25,-151.707,-311.283,-2651.25,1881.25,-1050.0,1296.56,-120.08,173.28
1213381.353,940.01,-161.101,-310.795,-1181.25,1268.75,-1373.75,1313.28,-120.08,162.64
1213381.403,928.481,-142.923,-302.865,35.0,-262.5,-3010.0,1288.96,-114.0,164.16
1213381.453,938.424,-136.03,-311.954,-2012.5,-2572.5,-1697.5,1317.84,-127.68,162.64
1213381.503,937.692,-151.524,-316.651,-2047.5,-2747.5,385.0,1314.8,-117.04,150.48
1213381.553,941.84,-157.746,-314.821,-813.75,1181.25,-1102.5,1308.72,-117.04,164.16
1213381.603,945.256,-148.962,-311.893,253.75,3036.25,-1671.25,1299.6,-118.56,164.16
1213381.653,931.897,-142.313,-296.216,-2563.75,1408.75,-1111.25,1304.16,-115.52,173.28
1213381.703,927.871,-158.112,-304.39,-2126.25,-2607.5,-341.25,1298.08,-124.64,162.64
1213381.753,950.685,-158.966,-309.087,-183.75,-157.5,-1268.75,1293.52,-129.2,171.76
1213381.803,925.309,-147.132,-308.416,-280.0,-1785.0,-2178.75,1296.56,-104.88,164.16
1213381.853,946.903,-146.4,-312.076,-1067.5,735.0,-1496.25,1292.0,-124.64,158.08
1213381.903,924.821,-143.228,-303.17,-3377.5,-183.75,-1715.0,1301.12,-129.2,170.24
1213381.953,949.587,-154.147,-319.945,-1820.0,-1382.5,-1295.0,1305.68,-127.68,159.6
1213382.003,941.047,-146.034,-306.525,-1303.75,2458.75,-1330.0,1313.28,-124.64,171.76
1213382.053,937.753,-155.245,-307.867,-1128.75,-227.5,-822.5,1316.32,-132.24,174.8
1213382.103,926.285,-143.228,-304.878,-953.75,-778.75,-2310.0,1308.72,-120.08,170.24
1213382.153,941.718,-149.084,-307.745,-1540.0,-2940.0,-1715.0,1313.28,-123.12,167.2
1213382.203,934.581,-138.043,-315.553,-3526.25,-455.0,-1172.5,1307.2,-126.16,165.68
1213382.253,948.733,-161.101,-302.621,-2196.25,2870.0,192.5,1302.64,-115.52,145.92
1213382.303,933.361,-163.175,-296.155,-262.5,2135.0,-1855.0,1320.88,-138.32,168.72
1213382.353,939.644,-150.792,-293.532,1032.5,437.5,-2476.25,1301.12,-126.16,170.24
1213382.403,940.62,-135.115,-308.05,-2091.25,-3167.5,-1820.0,1313.28,-121.6,162.64
1213382.453,945.134,-145.973,-308.904,-3701.25,-1496.25,-953.75,1308.72,-118.56,173.28
1213382.503,934.52,-157.319,-305.671,-1898.75,1251.25,-1181.25,1288.96,-114.0,164.16
1213382.553,947.879,-144.326,-307.318,-192.5,2380.0,-2187.5,1320.88,-123.12,164.16
1213382.603,937.692,-136.579,-297.375,-1356.25,1933.75,-1496.25,1305.68,-117.04,156.56
1213382.653,937.143,-151.28,-302.072,-1863.75,-901.25,-918.75,1305.68,-124.64,158.08
1213382.703,950.807,-152.317,-302.316,577.5,-980.0,-945.0,1304.16,-115.52,162.64
1213382.753,933.91,-149.328,-293.41,-805.0,577.5,-1898.75,1310.24,-114.0,171.76
1213382.803,946.11,-141.093,-295.789,-498.75,892.5,-1330.0,1298.08,-107.92,162.64
1213382.853,948.123,-145.424,-300.303,-2143.75,1268.75,-971.25,1314.8,-123.12,158.08
1213382.903,943.243,-154.391,-295.057,175.0,-1338.75,-1408.75,1296.56,-120.08,170.24
1213382.953,945.256,-133.895,-294.569,-1356.25,306.25,-157.5,1302.64,-112.48,164.16
1213383.003,933.727,-167.14,-292.495,-822.5,-673.75,-577.5,1307.2,-126.16,167.2
1213383.053,947.94,-154.757,-300.059,1146.25,-1680.0,-1610.0,1296.56,-126.16,161.12
1213383.103,935.74,-148.23,-300.608,-1338.75,-3535.0,-848.75,1299.6,-123.12,158.08
1213383.153,938.668,-157.197,-300.852,-2248.75,1015.0,-1067.5,1301.12,-117.04,162.64
1213383.203,936.594,-150.853,-304.39,-2992.5,-1190.0,-1557.5,1307.2,-121.6,153.52
1213383.253,933.91,-147.986,-293.959,-1863.75,2091.25,-2082.5,1302.64,-126.16,179.36
1213383.303,945.256,-153.232,-296.704,-1435.0,621.25,-1548.75,1302.64,-118.56,170.24
1213383.353,933.971,-147.864,-290.482,-1032.5,-927.5,-2345.0,1319.36,-132.24,176.32
1213383.403,943.365,-131.638,-299.51,-3850.0,-1330.0,-2415.0,1304.16,-120.08,153.52
1213383.453,942.999,-162.992,-300.12,-2765.0,-936.25,236.25,1304.16,-129.2,168.72
1213383.503,947.757,-156.465,-300.486,-367.5,1076.25,-2791.25,1299.6,-123.12,165.68
1213383.553,950.258,-145.424,-292.922,490.0,2572.5,-1636.25,1307.2,-118.56,164.16
1213383.603,929.518,-145.668,-281.271,-1855.0,-875.0,-1365.0,1305.68,-124.64,164.16
1213383.653,943.487,-147.315,-293.959,-2450.0,-2415.0,-2091.25,1313.28,-121.6,170.24
1213383.703,946.781,-144.753,-296.521,-2152.5,17.5,-848.75,1307.2,-120.08,174.8
1213383.753,930.006,-149.511,-292.434,-2065.0,-183.75,-1548.75,1288.96,-124.64,156.56
1213383.803,953.247,-147.193,-299.083,-17.5,-420.0,-971.25,1284.4,-114.0,174.8
1213383.853,933.727,-145.607,-292.251,-1960.0,-210.0,-673.75,1304.16,-114.0,171.76
1213383.903,934.947,-155.001,-295.972,-1233.75,-2030.0,-717.5,1301.12,-109.44,174.8
1213383.953,949.648,-144.814,-291.763,-1347.5,1531.25,-1076.25,1302.64,-121.6,170.24
1213384.003,929.274,-151.524,-291.153,-2205.0,1321.25,-525.0,1319.36,-115.52,164.16
1213384.053,953.125,-152.622,-294.142,-26.25,647.5,-1566.25,1305.68,-127.68,170.24
1213384.103,925.736,-146.888,-292.434,-1216.25,-1356.25,-1347.5,1316.32,-114.0,177.84
1213384.153,962.519,-148.169,-301.462,-1120.0,1697.5,-2170.0,1307.2,-115.52,165.68
1213384.203,927.322,-142.435,-290.299,-2633.75,481.25,-577.5,1308.72,-109.44,162.64
1213384.253,934.642,-162.443,-282.369,-332.5,1102.5,-2248.75,1313.28,-120.08,186.96
1213384.303,948.306,-145.546,-291.092,35.0,516.25,-1330.0,1295.04,-123.12,165.68
1213384.353,936.411,-147.559,-284.809,-1671.25,-630.0,-1487.5,1301.12,-124.64,170.24
1213384.403,936.289,-137.25,-294.508,-3823.75,-1793.75,-2082.5,1299.6,-112.48,183.92
1213384.453,943.487,-144.875,-296.887,-4462.5,-2677.5,-175.0,1301.12,-123.12,162.64
1213384.5031,937.997,-160.308,-296.216,-490.0,962.5,-1968.75,1307.2,-118.56,165.68
1213384.553,949.343,-148.84,-298.351,805.0,210.0,-2913.75,1290.48,-112.48,179.36
1213384.603,947.208,-133.041,-289.262,-2283.75,1478.75,-1356.25,1316.32,-120.08,167.2
1213384.653,941.962,-151.707,-291.58,-1487.5,-385.0,-918.75,1301.12,-112.48,170.24
1213384.703,947.025,-148.84,-284.626,-1111.25,630.0,-1461.25,1308.72,-115.52,164.16
1213384.753,938.546,-142.862,-286.273,323.75,-192.5,-1347.5,1298.08,-112.48,168.72
1213384.803,958.92,-150.243,-286.822,-236.25,437.5,-813.75,1311.76,-129.2,164.16
1213384.853,935.069,-147.925,-275.415,-516.25,656.25,-1312.5,1305.68,-130.72,167.2
1213384.903,943.06,-150.792,-286.395,945.0,-1645.0,-1190.0,1302.64,-124.64,165.68
1213384.953,946.659,-148.718,-280.722,-2660.0,1128.75,-218.75,1308.72,-121.6,182.4
1213385.003,951.661,-168.97,-284.199,708.75,-288.75,-1767.5,1296.56,-112.48,170.24
1213385.053,942.328,-145.302,-287.188,-96.25,665.0,-2100.0,1313.28,-121.6,171.76
1213385.103,957.639,-147.498,-292.068,-2388.75,-1417.5,-1758.75,1298.08,-121.6,167.2
1213385.153,945.988,-155.184,-287.188,-1916.25,2581.25,-1505.0,1307.2,-104.88,171.76
1213385.203,954.284,-155.489,-280.844,-2861.25,1496.25,-1085.0,1311.76,-115.52,180.88
1213385.253,937.509,-155.123,-272.548,-586.25,1356.25,-2082.5,1307.2,-110.96,167.2
1213385.303,951.6,-150.426,-275.293,805.0,656.25,-2362.5,1298.08,-117.04,180.88
1213385.353,952.576,-136.396,-279.075,-2563.75,-507.5,-1566.25,1292.0,-123.12,174.8
1213385.403,949.038,-151.158,-281.82,-3228.75,-227.5,-533.75,1319.36,-114.0,191.52
1213385.453,956.297,-160.979,-276.269,-1251.25,1172.5,-1128.75,1302.64,-124.64,179.36
1213385.503,933.971,-160.308,-275.415,-26.25,-122.5,-2616.25,1304.16,-120.08,185.44
1213385.553,953.735,-137.006,-273.585,148.75,1697.5,-1443.75,1311.76,-115.52,180.88
1213385.603,938.424,-145.607,-270.718,-2257.5,-315.0,-586.25,1307.2,-121.6,162.64
1213385.653,949.16,-155.672,-282.247,-1365.0,-2143.75,-1995.0,1313.28,-123.12,190.0
1213385.703,947.269,-147.376,-273.829,-883.75,210.0,-1618.75,1298.08,-120.08,171.76
1213385.753,942.206,-150.731,-276.94,-1478.75,-875.0,-1242.5,1304.16,-127.68,185.44
1213385.803,942.267,-151.341,-277.245,-428.75,105.0,-1251.25,1299.6,-120.08,182.4
1213385.853,940.62,-141.52,-277.855,-2721.25,-1268.75,-1828.75,1302.64,-112.48,173.28
1213385.903,952.21,-148.413,-287.31,-3605.0,-743.75,-752.5,1310.24,-118.56,186.96
1213385.953,943.609,-154.757,-281.759,-2432.5,647.5,-901.25,1301.12,-129.2,168.72
1213386.003,940.498,-152.5,-268.888,-3403.75,-1522.5,-1058.75,1307.2,-117.04,176.32
1213386.053,941.169,-146.095,-270.779,-2905.0,-4532.5,105.0,1292.0,-115.52,171.76
1213386.103,951.112,-141.398,-276.33,-5057.5,-5057.5,2345.0,1293.52,-124.64,180.88
1213386.153,941.962,-120.78,-284.565,-10307.5,-5661.25,3780.0,1310.24,-120.08,170.24
1213386.203,942.572,-125.782,-289.994,-15898.75,-6790.0,7936.25,1311.76,-121.6,177.84
1213386.253,940.193,-145.485,-305.671,-23073.75,-5337.5,12180.0,1284.4,-126.16,183.92
1213386.303,939.4,-169.763,-312.32,-22531.25,-3605.0,11978.75,1295.04,-127.68,168.72
1213386.353,927.749,-194.468,-320.494,-18943.75,-3430.0,8583.75,1310.24,-135.28,176.32
1213386.403,925.492,-187.026,-324.459,-14980.0,-4182.5,5153.75,1299.6,-133.76,155.04
1213386.453,926.041,-192.577,-326.472,-10412.5,-3097.5,2187.5,1307.2,-138.32,168.72
1213386.503,932.873,-182.939,-332.023,-5355.0,-2800.0,-1251.25,1307.2,-135.28,150.48
1213386.553,929.64,-171.654,-332.45,-4112.5,-1793.75,-2388.75,1307.2,-147.44,164.16
1213386.603,928.298,-170.922,-331.23,-2248.75,-918.75,-2292.5,1299.6,-139.84,161.12
1213386.653,932.812,-162.199,-333.914,-2660.0,-402.5,-2502.5,1290.48,-139.84,155.04
1213386.703,930.067,-169.824,-331.291,-1198.75,743.75,-2441.25,1305.68,-142.88,158.08
1213386.753,920.978,-161.528,-327.631,-463.75,428.75,-2528.75,1287.44,-132.24,161.12
1213386.803,927.81,-160.308,-334.829,-673.75,-831.25,-2082.5,1308.72,-130.72,177.84
1213386.853,927.383,-169.031,-329.888,-166.25,997.5,-1688.75,1284.4,-129.2,165.68
1213386.903,924.15,-161.467,-325.313,-113.75,490.0,-1417.5,1305.68,-139.84,176.32
1213386.953,925.736,-169.458,-321.714,140.0,-962.5,-1627.5,1307.2,-130.72,174.8
1213387.003,935.801,-171.715,-329.461,1155.0,-385.0,-2108.75,1302.64,-136.8,158.08
1213387.053,923.479,-159.637,-327.875,1636.25,-778.75,-2266.25,1308.72,-150.48,173.28
1213387.103,926.407,-160.857,-327.265,-8.75,-953.75,-1898.75,1305.68,-132.24,170.24
1213387.153,927.322,-170.495,-329.156,0.0,-1688.75,-1802.5,1298.08,-133.76,174.8
1213387.203,929.03,-165.066,-329.949,665.0,-1610.0,-2441.25,1285.92,-127.68,164.16
1213387.253,929.213,-170.617,-331.779,1522.5,-1076.25,-2686.25,1302.64,-132.24,161.12
1213387.303,926.834,-168.665,-329.949,2975.0,-1242.5,-2327.5,1308.72,-127.68,164.16
1213387.353,923.479,-162.382,-329.888,3010.0,-840.0,-2362.5,1296.56,-132.24,155.04
1213387.403,927.2,-164.09,-328.668,2003.75,-376.25,-1470.0,1310.24,-126.16,161.12
1213387.453,929.701,-162.199,-328.546,840.0,-1111.25,-1321.25,1284.4,-138.32,162.64
1213387.503,929.03,-173.911,-325.984,-183.75,-8.75,-936.25,1310.24,-142.88,164.16
1213387.553,926.407,-174.643,-323.544,122.5,-175.0,-1706.25,1290.48,-130.72,167.2
1213387.603,925.553,-173.85,-326.777,621.25,-770.0,-1767.5,1313.28,-138.32,158.08
1213387.653,926.773,-170.678,-329.949,306.25,-1146.25,-1513.75,1278.32,-145.92,161.12
1213387.703,923.662,-170.434,-326.899,857.5,-1111.25,-1680.0,1298.08,-124.64,161.12
1213387.753,927.444,-169.275,-328.363,393.75,-647.5,-2047.5,1313.28,-126.16,173.28
1213387.803,929.396,-165.249,-329.156,-490.0,-691.25,-2170.0,1296.56,-136.8,148.96
1213387.853,929.823,-168.055,-328.302,-1478.75,-306.25,-1750.0,1295.04,-126.16,176.32
1213387.903,928.725,-168.787,-326.655,-1443.75,105.0,-1540.0,1296.56,-118.56,150.48
1213387.953,925.98,-170.068,-326.472,-647.5,113.75,-1715.0,1307.2,-130.72,150.48
1213388.003,928.176,-166.591,-322.08,-577.5,280.0,-1505.0,1285.92,-127.68,152.0
1213388.053,926.956,-168.909,-324.459,-490.0,376.25,-1347.5,1290.48,-135.28,161.12
1213388.103,932.873,-165.92,-324.276,-918.75,-647.5,-1785.0,1296.56,-133.76,176.32
1213388.153,929.762,-170.373,-323.971,-455.0,43.75,-1233.75,1290.48,-132.24,153.52
1213388.203,923.784,-172.447,-318.237,-376.25,-262.5,-1557.5,1302.64,-145.92,170.24
1213388.253,922.93,-172.203,-322.019,-43.75,-1207.5,-1487.5,1298.08,-130.72,153.52
1213388.303,930.799,-170.495,-325.069,-831.25,-1085.0,-1461.25,1308.72,-132.24,171.76
1213388.353,930.433,-169.092,-328.79,-866.25,-708.75,-1863.75,1282.88,-136.8,177.84
1213388.403,928.786,-170.312,-325.679,-1067.5,-463.75,-1960.0,1295.04,-136.8,164.16
1213388.453,927.993,-170.007,-326.472,-1618.75,-481.25,-1872.5,1292.0,-120.08,167.2
1213388.503,928.054,-171.41,-325.191,-1295.0,-105.0,-1898.75,1290.48,-121.6,167.2
1213388.553,929.274,-169.641,-323.605,-1163.75,-210.0,-1828.75,1298.08,-148.96,177.84
1213388.603,929.884,-169.397,-326.472,-1015.0,140.0,-1715.0,1295.04,-117.04,147.44
1213388.653,927.261,-168.726,-323.727,-577.5,271.25,-1732.5,1305.68,-124.64,176.32
1213388.703,932.019,-166.957,-322.629,-1207.5,96.25,-1837.5,1287.44,-135.28,176.32
1213388.753,927.81,-169.885,-319.64,-647.5,35.0,-1531.25,1308.72,-130.72,168.72
1213388.803,928.603,-168.787,-318.298,-726.25,560.0,-1680.0,1302.64,-132.24,171.76
1213388.853,926.102,-163.48,-319.945,-708.75,-280.0,-1583.75,1316.32,-130.72,159.6
1213388.903,929.213,-168.299,-319.579,-630.0,-682.5,-1225.0,1276.8,-124.64,179.36
1213388.953,936.411,-170.129,-322.019,-542.5,-743.75,-1557.5,1288.96,-129.2,164.16
1213389.003,931.226,-169.153,-323.788,-568.75,-1233.75,-1881.25,1308.72,-144.4,165.68
1213389.053,930.128,-164.822,-322.263,-1233.75,-17.5,-1531.25,1290.48,-124.64,164.16
1213389.103,929.274,-168.665,-323.788,-1347.5,297.5,-1365.0,1304.16,-127.68,167.2
1213389.153,929.335,-169.824,-322.324,-1540.0,201.25,-1697.5,1293.52,-124.64,165.68
1213389.203,933.788,-168.97,-321.104,-1583.75,358.75,-1916.25,1298.08,-132.24,153.52
1213389.253,929.457,-169.58,-316.651,-1172.5,551.25,-1575.0,1296.56,-129.2,176.32
1213389.303,930.677,-170.312,-316.224,-560.0,140.0,-1715.0,1288.96,-127.68,148.96
1213389.3531,930.86,-166.835,-316.651,-595.0,332.5,-1592.5,1314.8,-136.8,164.16
1213389.403,932.385,-167.628,-316.468,-708.75,918.75,-1513.75,1310.24,-127.68,159.6
1213389.453,931.714,-165.737,-312.93,-612.5,-595.0,-1863.75,1311.76,-126.16,161.12
1213389.503,931.958,-167.628,-310.307,-350.0,227.5,-1557.5,1298.08,-124.64,164.16
1213389.553,932.385,-163.968,-310.917,-1050.0,218.75,-1828.75,1313.28,-135.28,164.16
1213389.603,928.298,-167.872,-311.954,-927.5,-1137.5,-1408.75,1307.2,-136.8,165.68
1213389.653,931.775,-168.848,-314.577,-1312.5,-1067.5,-1723.75,1304.16,-130.72,155.04
1213389.703,936.289,-164.456,-319.884,-1478.75,-805.0,-1706.25,1305.68,-130.72,177.84
1213389.753,933.544,-165.676,-316.041,-1163.75,-393.75,-1251.25,1284.4,-123.12,156.56
1213389.803,931.287,-166.347,-317.993,-1496.25,-140.0,-1636.25,1298.08,-129.2,165.68
1213389.853,933.788,-165.005,-317.566,-1610.0,26.25,-1697.5,1305.68,-133.76,156.56
1213389.903,930.128,-165.005,-317.505,-1548.75,210.0,-1347.5,1293.52,-135.28,174.8
1213389.953,932.141,-168.299,-313.296,-1023.75,218.75,-1478.75,1310.24,-120.08,161.12
1213390.003,931.897,-164.944,-312.747,-988.75,0.0,-1443.75,1325.44,-133.76,173.28
1213390.053,932.507,-167.872,-311.283,-1330.0,-227.5,-1216.25,1308.72,-132.24,182.4
1213390.103,933.422,-167.323,-315.187,-1260.0,-735.0,-2003.75,1296.56,-138.32,159.6
1213390.153,934.825,-170.068,-311.71,-1006.25,1137.5,-1330.0,1305.68,-133.76,170.24
1213390.203,929.945,-168.543,-306.464,-1233.75,-603.75,-1645.0,1305.68,-130.72,161.12
1213390.253,931.165,-167.384,-313.113,-1102.5,-1128.75,-1636.25,1302.64,-135.28,173.28
1213390.303,936.838,-167.933,-318.42,-1592.5,-892.5,-1505.0,1310.24,-133.76,164.16
1213390.353,933.727,-164.212,-318.481,-1470.0,-621.25,-1758.75,1304.16,-126.16,161.12
1213390.403,929.701,-162.077,-313.906,-1330.0,-297.5,-1505.0,1322.4,-130.72,173.28
1213390.453,932.263,-165.066,-315.919,-1365.0,157.5,-1513.75,1296.56,-129.2,162.64
1213390.503,933.361,-167.018,-311.588,-1128.75,105.0,-1610.0,1299.6,-145.92,179.36
1213390.553,936.96,-164.822,-309.209,-1067.5,61.25,-1767.5,1304.16,-129.2,164.16
1213390.603,934.642,-163.297,-309.209,-945.0,-8.75,-1487.5,1304.16,-135.28,170.24
1213390.653,934.764,-161.955,-309.697,-1050.0,-463.75,-1391.25,1307.2,-118.56,174.8
1213390.703,934.52,-166.835,-310.551,-1172.5,-525.0,-1435.0,1299.6,-124.64,161.12
1213390.753,945.134,-165.554,-312.686,-1802.5,-288.75,-1758.75,1313.28,-130.72,159.6
1213390.803,931.47,-164.639,-308.294,-1487.5,-96.25,-1286.25,1305.68,-127.68,158.08
1213390.853,928.908,-165.249,-305.61,-1522.5,-1085.0,-1470.0,1314.8,-123.12,171.76
1213390.903,938.18,-162.077,-312.869,-1645.0,-813.75,-1321.25,1313.28,-132.24,161.12
1213390.953,930.799,-167.689,-315.065,-1592.5,-533.75,-857.5,1302.64,-138.32,159.6
1213391.003,929.762,-165.188,-315.004,-1697.5,-612.5,-1776.25,1305.68,-121.6,155.04
1213391.053,933.3,-161.528,-314.699,-1627.5,-437.5,-1391.25,1305.68,-121.6,162.64
1213391.103,932.751,-165.249,-314.821,-1627.5,-78.75,-1251.25,1307.2,-129.2,176.32
1213391.153,932.324,-165.188,-315.553,-1251.25,-175.0,-1540.0,1293.52,-135.28,165.68
1213391.203,934.398,-161.406,-311.527,-988.75,-43.75,-1417.5,1304.16,-136.8,162.64
1213391.253,933.178,-164.761,-311.344,-875.0,-8.75,-1155.0,1296.56,-124.64,164.16
1213391.303,936.96,-165.066,-308.965,-971.25,-157.5,-1338.75,1314.8,-130.72,167.2
1213391.353,933.3,-161.833,-307.867,-1286.25,-1207.5,-1470.0,1317.84,-121.6,182.4
1213391.403,941.901,-169.153,-310.734,-1548.75,166.25,-1303.75,1308.72,-132.24,165.68
1213391.453,931.592,-166.652,-306.525,-1032.5,-358.75,-1496.25,1305.68,-127.68,165.68
1213391.503,927.017,-166.286,-308.233,-1120.0,-1225.0,-1487.5,1296.56,-115.52,168.72
1213391.553,935.923,-164.761,-314.516,-1443.75,-1312.5,-1461.25,1316.32,-147.44,170.24
1213391.603,933.3,-166.835,-314.76,-1426.25,-455.0,-1820.0,1307.2,-139.84,171.76
1213391.653,930.189,-164.334,-314.394,-1715.0,-638.75,-1846.25,1305.68,-127.68,162.64
1213391.703,933.849,-165.859,-315.614,-1706.25,-437.5,-1452.5,1307.2,-124.64,168.72
1213391.753,932.202,-165.981,-313.54,-1312.5,-428.75,-1837.5,1299.6,-121.6,158.08
1213391.803,933.239,-161.101,-313.235,-1478.75,-323.75,-1435.0,1323.92,-124.64,159.6
1213391.853,934.703,-165.005,-312.564,-1417.5,-61.25,-1356.25,1304.16,-123.12,156.56
1213391.903,935.679,-163.175,-310.978,-761.25,-245.0,-1470.0,1316.32,-133.76,164.16
1213391.953,933.544,-165.127,-310.917,-1330.0,166.25,-1207.5,1290.48,-121.6,164.16
1213392.003,937.631,-160.552,-312.93,-1373.75,-971.25,-1522.5,1302.64,-118.56,167.2
1213392.053,931.226,-165.249,-306.159,-1181.25,87.5,-927.5,1296.56,-132.24,164.16
1213392.103,929.945,-164.822,-306.769,-1277.5,-385.0,-1365.0,1301.12,-132.24,148.96
1213392.153,928.969,-165.798,-310.307,-962.5,-1181.25,-1216.25,1305.68,-136.8,170.24
1213392.203,937.631,-165.005,-316.407,-1050.0,-621.25,-1400.0,1301.12,-138.32,156.56
1213392.253,932.263,-162.87,-312.686,-1338.75,-472.5,-1688.75,1311.76,-127.68,162.64
1213392.303,928.542,-166.469,-312.625,-1715.0,-253.75,-1548.75,1293.52,-141.36,156.56
1213392.353,932.751,-162.26,-311.893,-1645.0,-490.0,-1347.5,1302.64,-129.2,155.04
1213392.403,934.52,-165.859,-313.906,-1487.5,-245.0,-1618.75,1302.64,-132.24,162.64
1213392.453,934.764,-158.783,-314.089,-1706.25,-148.75,-1417.5,1273.76,-127.68,168.72
1213392.503,934.276,-167.628,-310.673,-1750.0,271.25,-1128.75,1314.8,-130.72,176.32
1213392.553,930.921,-167.079,-309.026,-1102.5,297.5,-1627.5,1310.24,-132.24,168.72
1213392.603,933.666,-161.65,-311.405,-1163.75,26.25,-1478.75,1308.72,-136.8,168.72
1213392.653,940.681,-162.077,-311.771,-1951.25,-323.75,-1750.0,1301.12,-132.24,173.28
1213392.703,936.96,-163.297,-305.915,-700.0,586.25,-1452.5,1299.6,-133.76,185.44
1213392.753,931.165,-162.687,-300.73,-1015.0,-175.0,-1181.25,1299.6,-129.2,168.72
1213392.803,931.165,-166.835,-306.525,-665.0,-1146.25,-1487.5,1316.32,-139.84,171.76
1213392.853,936.106,-162.809,-309.27,-1023.75,-560.0,-1330.0,1305.68,-127.68,174.8
1213392.903,939.4,-159.759,-310.856,-2073.75,-271.25,-1662.5,1299.6,-118.56,159.6
1213392.953,932.995,-163.785,-309.331,-1382.5,-761.25,-1277.5,1302.64,-139.84,162.64
1213393.003,934.581,-164.09,-311.283,-1093.75,-542.5,-1715.0,1307.2,-124.64,156.56
1213393.053,939.827,-162.26,-310.734,-1487.5,-280.0,-1487.5,1307.2,-127.68,171.76
1213393.103,932.202,-165.066,-307.806,-1618.75,-17.5,-1198.75,1302.64,-136.8,167.2
1213393.153,932.446,-165.859,-307.135,-1085.0,-183.75,-1023.75,1305.68,-130.72,173.28
1213393.203,937.692,-163.663,-309.209,-1452.5,-148.75,-1303.75,1310.24,-118.56,176.32
1213393.2531,930.982,-166.286,-309.819,-1303.75,-218.75,-1286.25,1298.08,-132.24,168.72
1213393.303,942.084,-168.787,-307.013,-1295.0,1575.0,-1321.25,1320.88,-139.84,171.76
1213393.353,931.348,-164.273,-301.828,-857.5,586.25,-1365.0,1304.16,-124.64,152.0
1213393.403,934.215,-166.652,-303.231,-1225.0,-595.0,-1872.5,1307.2,-127.68,176.32
1213393.453,940.315,-165.127,-305.854,-1811.25,-577.5,-1365.0,1298.08,-120.08,155.04
1213393.503,938.912,-161.65,-306.891,-1601.25,-997.5,-1680.0,1320.88,-130.72,167.2
1213393.553,934.703,-162.077,-304.329,-1680.0,-560.0,-1478.75,1296.56,-139.84,177.84
1213393.603,936.045,-162.809,-306.342,-1750.0,-367.5,-1496.25,1304.16,-127.68,150.48
1213393.653,936.533,-164.822,-307.501,-1207.5,-411.25,-1820.0,1307.2,-118.56,171.76
1213393.703,938.241,-161.467,-308.294,-1260.0,-525.0,-1907.5,1305.68,-132.24,167.2
1213393.753,933.971,-163.785,-304.39,-1408.75,-78.75,-1321.25,1304.16,-129.2,161.12
1213393.803,935.923,-161.528,-301.889,-586.25,-533.75,-1610.0,1296.56,-114.0,167.2
1213393.853,936.96,-159.942,-306.525,-542.5,-437.5,-1347.5,1307.2,-121.6,155.04
1213393.903,946.293,-164.029,-306.342,-1540.0,516.25,-1522.5,1301.12,-136.8,167.2
1213393.953,933.544,-162.809,-300.913,-901.25,113.75,-1260.0,1293.52,-136.8,155.04
1213394.003,931.775,-162.687,-301.584,-1172.5,-1286.25,-1478.75,1305.68,-133.76,174.8
1213394.053,941.596,-162.504,-305.976,-1855.0,-1321.25,-1575.0,1292.0,-120.08,176.32
1213394.103,937.936,-163.419,-308.294,-1653.75,-1268.75,-1618.75,1302.64,-130.72,165.68
1213394.153,933.544,-160.857,-305.305,-1872.5,-805.0,-1513.75,1296.56,-118.56,182.4
1213394.203,935.557,-161.955,-306.952,-1697.5,-805.0,-1487.5,1301.12,-126.16,167.2
1213394.253,938.119,-162.199,-307.867,-953.75,-420.0,-1601.25,1317.84,-129.2,171.76
1213394.303,936.838,-157.563,-304.39,-988.75,-385.0,-1540.0,1285.92,-121.6,170.24
1213394.353,937.204,-160.003,-306.464,-1093.75,-813.75,-1233.75,1308.72,-136.8,174.8
1213394.403,939.095,-161.833,-304.146,-717.5,-682.5,-945.0,1282.88,-118.56,180.88
1213394.453,936.777,-164.517,-305.671,-840.0,-463.75,-1312.5,1314.8,-117.04,161.12
1213394.503,932.141,-162.199,-305.427,-918.75,-1260.0,-1470.0,1310.24,-126.16,171.76
1213394.553,936.533,-164.273,-304.146,-796.25,218.75,-1277.5,1305.68,-126.16,170.24
1213394.603,929.884,-165.005,-302.682,-848.75,-673.75,-1391.25,1307.2,-126.16,158.08
1213394.653,931.226,-161.894,-305.732,-673.75,-1207.5,-1391.25,1296.56,-139.84,161.12
1213394.703,940.559,-165.066,-309.758,-1251.25,-971.25,-1417.5,1316.32,-117.04,176.32
1213394.753,937.814,-158.905,-311.1,-1155.0,-420.0,-1785.0,1293.52,-132.24,164.16
1213394.803,932.995,-162.809,-310.429,-1758.75,35.0,-1636.25,1307.2,-127.68,173.28
1213394.853,938.424,-161.955,-306.647,-1758.75,332.5,-1618.75,1295.04,-136.8,174.8
1213394.903,936.594,-161.711,-307.928,-1513.75,201.25,-1802.5,1296.56,-117.04,162.64
1213394.953,939.156,-161.223,-303.048,-1356.25,411.25,-1540.0,1307.2,-130.72,158.08
1213395.003,934.825,-162.809,-303.536,-1190.0,78.75,-1391.25,1301.12,-118.56,164.16
1213395.053,938.668,-158.6,-301.95,-1076.25,-402.5,-1260.0,1308.72,-117.04,168.72
1213395.103,937.631,-163.236,-303.048,-1373.75,402.5,-945.0,1296.56,-124.64,173.28
1213395.153,943.609,-162.199,-305.488,-1347.5,-420.0,-1785.0,1285.92,-132.24,162.64
1213395.203,931.958,-161.955,-301.828,-988.75,-131.25,-1041.25,1305.68,-121.6,180.88
1213395.253,936.655,-165.493,-297.802,-1260.0,-420.0,-1023.75,1298.08,-129.2,168.72
1213395.303,937.631,-160.796,-305.305,-1312.5,-1653.75,-1181.25,1307.2,-132.24,174.8
1213395.353,942.267,-163.541,-307.074,-1951.25,-1198.75,-1076.25,1298.08,-144.4,170.24
1213395.403,936.106,-164.639,-307.562,-2126.25,-831.25,-1741.25,1307.2,-129.2,168.72
1213395.453,934.032,-161.04,-306.403,-1373.75,-752.5,-1548.75,1302.64,-126.16,167.2
1213395.503,939.827,-163.236,-308.416,-1793.75,-192.5,-1295.0,1313.28,-126.16,168.72
1213395.553,932.873,-163.48,-307.806,-1347.5,-253.75,-1050.0,1304.16,-135.28,185.44
1213395.603,937.692,-165.066,-306.22,-700.0,-612.5,-1391.25,1299.6,-130.72,167.2
1213395.653,939.583,-162.809,-308.05,-236.25,-341.25,-1750.0,1301.12,-126.16,167.2
1213395.703,936.228,-156.343,-303.353,-1111.25,148.75,-1566.25,1296.56,-121.6,164.16
1213395.753,935.862,-168.116,-303.353,-1916.25,577.5,-1015.0,1301.12,-121.6,170.24
1213395.803,935.557,-166.042,-302.316,-708.75,-621.25,-1400.0,1314.8,-132.24,174.8
1213395.853,936.594,-161.772,-298.534,-253.75,280.0,-1233.75,1287.44,-124.64,164.16
1213395.903,934.032,-163.236,-300.059,-918.75,-175.0,-1190.0,1301.12,-114.0,182.4
1213395.953,936.289,-162.992,-303.475,-1312.5,-1531.25,-1155.0,1308.72,-127.68,164.16
1213396.003,937.631,-165.798,-307.745,-1837.5,-1015.0,-1242.5,1304.16,-123.12,173.28
1213396.053,936.716,-165.615,-310.551,-1408.75,-1330.0,-1618.75,1302.64,-132.24,171.76
1213396.103,937.692,-161.65,-309.514,-1356.25,166.25,-1645.0,1301.12,-127.68,155.04
1213396.153,940.62,-167.201,-306.891,-778.75,1111.25,-1960.0,1293.52,-133.76,170.24
1213396.203,935.923,-158.722,-302.621,-446.25,87.5,-2520.0,1308.72,-124.64,162.64
1213396.253,939.644,-157.441,-301.767,-1671.25,26.25,-1776.25,1320.88,-110.96,182.4
1213396.303,933.605,-162.992,-299.571,-1837.5,-26.25,-1408.75,1287.44,-129.2,165.68
1213396.353,938.79,-164.639,-299.998,-1391.25,2187.5,-1680.0,1307.2,-127.68,176.32
1213396.403,936.838,-160.552,-300.303,-1321.25,70.0,-1120.0,1287.44,-127.68,173.28
1213396.453,936.533,-164.639,-302.438,-1548.75,-411.25,-918.75,1292.0,-124.64,165.68
1213396.503,943.304,-163.846,-307.196,-2178.75,-560.0,-1417.5,1293.52,-118.56,183.92
1213396.553,936.716,-165.798,-299.998,-1618.75,1050.0,-1452.5,1287.44,-127.68,161.12
1213396.603,937.57,-163.053,-297.741,-1277.5,910.0,-1820.0,1310.24,-138.32,174.8
1213396.653,940.132,-157.563,-299.815,-1855.0,43.75,-1513.75,1305.68,-123.12,162.64
1213396.703,939.766,-158.539,-299.937,-2257.5,533.75,-1461.25,1311.76,-133.76,185.44
1213396.753,939.644,-158.478,-298.9,-2292.5,621.25,-1163.75,1308.72,-126.16,167.2
1213396.803,938.424,-162.748,-296.643,-1032.5,183.75,-1155.0,1307.2,-124.64,167.2
1213396.853,940.559,-156.404,-297.436,-901.25,-26.25,-1391.25,1293.52,-130.72,165.68
1213396.903,939.949,-157.99,-292.068,-1251.25,323.75,-875.0,1298.08,-130.72,188.48
1213396.953,940.925,-161.101,-292.922,-1190.0,-183.75,-875.0,1313.28,-126.16,176.32
1213397.003,935.862,-160.186,-293.471,-1015.0,-96.25,-1015.0,1307.2,-127.68,171.76
1213397.053,939.827,-162.565,-295.362,-1277.5,-166.25,-822.5,1285.92,-133.76,173.28
1213397.103,938.912,-165.188,-294.447,-743.75,-183.75,-866.25,1305.68,-127.68,156.56
1213397.1531,932.69,-165.31,-292.678,-1198.75,-857.5,-586.25,1317.84,-129.2,171.76
1213397.203,947.696,-167.689,-299.571,-1837.5,-875.0,-1041.25,1316.32,-129.2,177.84
1213397.253,937.143,-167.689,-289.018,-813.75,113.75,-1627.5,1308.72,-126.16,177.84
1213397.303,934.886,-162.199,-291.336,-1872.5,-656.25,-1916.25,1298.08,-127.68,183.92
1213397.353,942.694,-160.735,-295.85,-2441.25,-1452.5,-1557.5,1302.64,-129.2,156.56
1213397.403,939.339,-164.517,-298.412,-1960.0,-630.0,-1426.25,1313.28,-145.92,176.32
1213397.453,941.718,-157.197,-300.608,-2056.25,-682.5,-1793.75,1292.0,-120.08,173.28
1213397.503,939.766,-159.82,-298.351,-1802.5,35.0,-1137.5,1326.96,-133.76,164.16
1213397.553,936.899,-164.761,-295.484,-1557.5,78.75,-1478.75,1302.64,-126.16,168.72
1213397.603,937.875,-157.136,-295.118,-866.25,-218.75,-1548.75,1292.0,-123.12,171.76
1213397.653,941.413,-157.868,-293.166,-1312.5,-533.75,-1242.5,1305.68,-124.64,180.88
1213397.703,937.57,-162.809,-296.338,-892.5,-367.5,-1058.75,1296.56,-136.8,167.2
1213397.753,940.62,-163.175,-293.349,-350.0,-455.0,-1076.25,1314.8,-132.24,180.88
1213397.803,939.461,-162.687,-293.288,-971.25,-656.25,-857.5,1296.56,-127.68,156.56
1213397.853,946.537,-164.517,-296.826,-1400.0,-700.0,-1058.75,1323.92,-133.76,174.8
1213397.903,937.814,-171.532,-292.922,-831.25,113.75,-1093.75,1285.92,-135.28,173.28
1213397.953,936.838,-164.883,-293.532,-691.25,-1146.25,-1575.0,1296.56,-130.72,158.08
1213398.003,938.668,-163.907,-295.972,-1216.25,-1190.0,-1338.75,1313.28,-130.72,176.32
1213398.053,940.132,-169.092,-298.168,-1863.75,-1085.0,-1872.5,1302.64,-124.64,158.08
1213398.103,944.219,-164.456,-300.303,-1513.75,-1671.25,-2362.5,1305.68,-129.2,190.0
1213398.153,933.849,-162.931,-294.081,-1618.75,61.25,-1505.0,1298.08,-127.68,174.8
1213398.203,940.071,-163.297,-294.447,-516.25,17.5,-1802.5,1316.32,-121.6,177.84
1213398.253,934.947,-156.221,-295.911,-2301.25,-848.75,-2257.5,1302.64,-127.68,174.8
1213398.303,939.095,-163.846,-296.826,-2353.75,-1155.0,-2371.25,1308.72,-129.2,170.24
1213398.353,945.012,-154.513,-308.416,-1181.25,-787.5,-2537.5,1305.68,-127.68,176.32
1213398.403,939.888,-154.391,-285.297,-1251.25,3701.25,-805.0,1313.28,-132.24,162.64
1213398.453,933.117,-165.31,-289.628,-1216.25,577.5,-787.5,1307.2,-133.76,170.24
1213398.503,933.788,-158.478,-286.334,131.25,122.5,-1540.0,1307.2,-126.16,170.24
1213398.553,943.182,-159.027,-290.726,-1627.5,-2187.5,-2310.0,1323.92,-136.8,177.84
1213398.603,942.938,-155.794,-294.02,-175.0,-148.75,-1321.25,1298.08,-129.2,176.32
1213398.653,927.932,-168.604,-277.977,-2528.75,1627.5,-122.5,1310.24,-129.2,161.12
1213398.703,942.877,-174.948,-292.922,-1190.0,-1820.0,-1618.75,1310.24,-114.0,185.44
1213398.753,935.374,-156.038,-292.617,-463.75,-376.25,-1522.5,1302.64,-124.64,159.6
1213398.803,935.008,-159.21,-292.556,-2073.75,-2502.5,-2100.0,1313.28,-127.68,182.4
1213398.853,934.337,-154.391,-302.438,-2467.5,-1995.0,-962.5,1296.56,-115.52,167.2
1213398.903,952.82,-165.981,-297.802,-1662.5,953.75,-743.75,1314.8,-139.84,180.88
1213398.953,938.546,-170.739,-294.691,-1058.75,8.75,-2388.75,1298.08,-126.16,177.84
1213399.003,940.803,-143.228,-289.628,-2205.0,1312.5,-1557.5,1320.88,-121.6,165.68
1213399.053,937.509,-163.297,-286.517,-2826.25,647.5,-253.75,1302.64,-127.68,180.88
1213399.103,944.463,-163.724,-290.604,997.5,-2222.5,-1653.75,1299.6,-130.72,167.2
1213399.153,945.195,-152.012,-286.029,183.75,1925.0,-980.0,1308.72,-139.84,186.96
1213399.203,950.441,-169.824,-290.604,-1487.5,-1583.75,-1487.5,1299.6,-121.6,170.24
1213399.253,943.853,-164.212,-288.408,516.25,61.25,-1662.5,1320.88,-121.6,173.28
1213399.303,933.788,-154.879,-287.188,-2108.75,-1137.5,-1190.0,1299.6,-124.64,176.32
1213399.353,954.833,-171.532,-298.29,-1120.0,-2126.25,-1067.5,1308.72,-133.76,173.28
1213399.403,939.4,-153.537,-292.495,-288.75,1951.25,-1671.25,1310.24,-129.2,180.88
1213399.453,948.794,-171.654,-296.094,-1312.5,-192.5,-691.25,1299.6,-138.32,165.68
1213399.503,932.873,-161.65,-289.811,-481.25,-297.5,-1820.0,1298.08,-133.76,185.44
1213399.553,956.114,-161.589,-298.168,-2616.25,-717.5,-2038.75,1295.04,-110.96,174.8
1213399.603,931.531,-159.515,-294.874,-2135.0,428.75,-1260.0,1310.24,-124.64,176.32
1213399.653,951.051,-170.861,-283.345,-988.75,2546.25,-831.25,1299.6,-120.08,174.8
1213399.703,939.705,-167.506,-282.735,-428.75,43.75,-1680.0,1317.84,-127.68,186.96
1213399.753,947.574,-159.698,-286.883,-105.0,-201.25,-2625.0,1307.2,-127.68,177.84
1213399.803,946.354,-150.06,-291.641,-4908.75,-1356.25,-1925.0,1311.76,-132.24,168.72
1213399.853,933.483,-167.506,-293.715,-2318.75,-2616.25,-1146.25,1311.76,-127.68,185.44
1213399.903,951.234,-163.724,-292.922,332.5,1846.25,-1286.25,1296.56,-124.64,176.32
1213399.953,934.764,-165.798,-287.554,376.25,910.0,-2423.75,1305.68,-123.12,188.48
1213400.003,945.134,-150.243,-279.868,315.0,1706.25,-2913.75,1299.6,-118.56,177.84
1213400.053,943.548,-154.452,-283.467,-691.25,-910.0,-3386.25,1311.76,-135.28,183.92
1213400.103,938.973,-153.293,-287.31,-1286.25,-3080.0,-2922.5,1311.76,-118.56,177.84
1213400.153,937.875,-150.06,-286.456,-901.25,-297.5,-770.0,1302.64,-124.64,183.92
1213400.203,943.792,-164.761,-291.885,-866.25,-752.5,-752.5,1299.6,-123.12,182.4
1213400.253,946.415,-151.707,-290.665,481.25,1496.25,-2756.25,1296.56,-115.52,176.32
1213400.303,937.814,-139.568,-284.504,-2248.75,105.0,-1715.0,1311.76,-129.2,180.88
1213400.353,952.698,-163.48,-296.704,-3526.25,-665.0,-1015.0,1301.12,-117.04,182.4
1213400.403,941.474,-150.67,-282.308,-183.75,1732.5,-796.25,1310.24,-118.56,173.28
1213400.453,947.574,-166.164,-283.467,-910.0,848.75,61.25,1305.68,-124.64,167.2
1213400.503,932.69,-158.722,-279.807,1085.0,-1452.5,-1382.5,1311.76,-124.64,168.72
1213400.553,957.517,-157.624,-289.872,-315.0,-2318.75,-2056.25,1299.6,-130.72,182.4
1213400.603,928.054,-147.376,-286.029,-3937.5,-1181.25,-848.75,1305.68,-124.64,177.84
1213400.653,947.757,-166.103,-281.576,-1837.5,647.5,-700.0,1320.88,-126.16,183.92
1213400.703,943.609,-165.92,-282.369,-490.0,1032.5,-1522.5,1298.08,-120.08,174.8
1213400.753,947.025,-160.979,-282.857,96.25,-446.25,-1855.0,1311.76,-124.64,185.44
1213400.803,946.476,-145.302,-289.079,-3421.25,-2038.75,-3220.0,1296.56,-126.16,164.16
1213400.853,951.234,-157.136,-292.556,-3421.25,-3018.75,-192.5,1299.6,-126.16,170.24
1213400.903,935.435,-159.637,-287.798,-1855.0,516.25,-1356.25,1304.16,-121.6,194.56
1213400.953,958.737,-155.123,-292.983,201.25,796.25,-2327.5,1304.16,-114.0,171.76
1213401.003,941.718,-137.311,-283.833,-2030.0,1688.75,-1487.5,1313.28,-118.56,179.36
1213401.053,941.718,-159.576,-283.65,-3395.0,-927.5,-1023.75,1298.08,-129.2,171.76
1213401.103,950.441,-161.65,-284.626,-708.75,-1251.25,-1548.75,1307.2,-126.16,173.28
1213401.153,939.644,-151.341,-285.663,-122.5,-1303.75,-1933.75,1290.48,-127.68,170.24
1213401.203,946.903,-148.596,-282.369,-288.75,1041.25,-831.25,1302.64,-126.16,190.0
1213401.253,937.631,-146.461,-278.953,-2493.75,70.0,-1452.5,1310.24,-115.52,180.88
1213401.303,938.912,-163.602,-288.225,-1925.0,-2948.75,-595.0,1304.16,-114.0,177.84
1213401.353,960.262,-158.173,-289.933,-507.5,297.5,-1443.75,1304.16,-127.68,183.92
1213401.403,933.239,-158.112,-282.857,-988.75,-612.5,-761.25,1301.12,-121.6,170.24
1213401.453,958.981,-159.332,-287.249,-437.5,437.5,-1452.5,1311.76,-129.2,186.96
1213401.503,938.607,-160.125,-279.929,-3167.5,-1653.75,-1435.0,1292.0,-120.08,183.92
1213401.553,931.47,-152.561,-289.933,-1898.75,-1286.25,-1960.0,1304.16,-129.2,186.96
1213401.603,954.101,-155.123,-286.822,-1662.5,-455.0,-700.0,1302.64,-130.72,182.4
1213401.653,939.034,-163.785,-285.297,-2441.25,70.0,-1190.0,1308.72,-124.64,174.8
1213401.703,958.066,-166.286,-282.979,577.5,1671.25,-1995.0,1308.72,-138.32,180.88
1213401.753,940.742,-142.679,-279.563,-1986.25,-315.0,-1942.5,1310.24,-126.16,167.2
1213401.803,941.474,-154.574,-284.565,-2432.5,-3298.75,-796.25,1307.2,-129.2,190.0
1213401.853,942.816,-160.613,-277.794,306.25,1627.5,-1338.75,1298.08,-124.64,177.84
1213401.903,958.371,-155.672,-282.918,481.25,288.75,-1496.25,1302.64,-127.68,185.44
1213401.953,938.973,-140.239,-274.561,-2091.25,962.5,-726.25,1292.0,-124.64,197.6
1213402.003,939.766,-169.092,-279.014,-1811.25,-2791.25,-1163.75,1314.8,-123.12,185.44
1213402.053,953.003,-154.269,-284.138,61.25,-2231.25,-1881.25,1307.2,-120.08,183.92
1213402.103,945.073,-151.951,-283.955,-1102.5,-516.25,-1225.0,1299.6,-130.72,177.84
1213402.153,937.814,-152.012,-283.101,-1645.0,-306.25,-1461.25,1299.6,-117.04,191.52
1213402.203,955.687,-156.038,-287.371,-1015.0,1120.0,-805.0,1299.6,-126.16,164.16
1213402.253,938.18,-157.502,-276.574,-2450.0,-166.25,-1452.5,1304.16,-109.44,186.96
1213402.303,936.35,-163.785,-282.43,-778.75,-2476.25,-1785.0,1293.52,-120.08,190.0
1213402.353,957.822,-147.132,-280.234,-1513.75,1627.5,-962.5,1293.52,-124.64,173.28
1213402.403,928.298,-161.711,-279.99,-1198.75,953.75,-376.25,1295.04,-130.72,180.88
1213402.453,956.724,-155.306,-277.977,-131.25,2800.0,-1592.5,1301.12,-112.48,164.16
1213402.503,926.468,-156.038,-270.596,-2231.25,-708.75,-1260.0,1298.08,-127.68,188.48
1213402.553,951.295,-155.123,-279.746,-577.5,-1225.0,-2318.75,1293.52,-132.24,174.8
1213402.603,945.012,-145.607,-282.125,-3403.75,-2835.0,-735.0,1310.24,-130.72,186.96
1213402.653,934.764,-165.737,-279.319,-2222.5,192.5,-1338.75,1298.08,-118.56,183.92
1213402.703,955.809,-158.295,-282.064,1417.5,201.25,-2327.5,1282.88,-123.12,180.88
1213402.753,937.509,-142.679,-277.794,-1120.0,236.25,-2170.0,1301.12,-129.2,171.76
1213402.803,945.683,-153.354,-287.371,-3018.75,-2423.75,-1531.25,1293.52,-114.0,174.8
1213402.853,953.369,-153.537,-283.65,-2975.0,-245.0,-1321.25,1301.12,-126.16,185.44
1213402.903,942.816,-158.661,-284.26,-1557.5,-1470.0,-1443.75,1295.04,-129.2,183.92
1213402.953,957.883,-155.184,-283.65,341.25,1155.0,-1487.5,1305.68,-123.12,193.04
1213403.003,944.158,-151.524,-275.781,-866.25,227.5,-306.25,1287.44,-110.96,193.04
1213403.053,957.029,-155.55,-288.53,-612.5,-2012.5,-2283.75,1308.72,-127.68,188.48
1213403.103,951.783,-154.208,-274.561,-1058.75,1732.5,-1303.75,1290.48,-115.52,185.44
1213403.153,946.842,-157.868,-276.818,-2178.75,-822.5,-1478.75,1302.64,-127.68,199.12
1213403.203,948.306,-163.419,-276.574,-647.5,-96.25,-700.0,1295.04,-123.12,193.04
1213403.253,937.326,-152.317,-278.77,-2450.0,-2922.5,-1408.75,1308.72,-118.56,190.0
1213403.303,957.09,-156.404,-296.521,-1023.75,-4235.0,-1907.5,1298.08,-132.24,185.44
1213403.353,941.962,-159.454,-279.746,-3403.75,3263.75,-1006.25,1288.96,-120.08,177.84
1213403.403,959.164,-161.223,-285.114,-96.25,1076.25,-1951.25,1304.16,-130.72,182.4
1213403.453,937.936,-148.413,-273.951,-595.0,1513.75,-1268.75,1301.12,-123.12,183.92
1213403.503,959.652,-155.367,-281.82,-2327.5,-1365.0,-2065.0,1304.16,-132.24,186.96
1213403.553,940.437,-145.058,-282.369,-2756.25,-2100.0,-1592.5,1307.2,-138.32,185.44
1213403.603,937.997,-159.637,-275.964,-2030.0,638.75,-1172.5,1307.2,-118.56,186.96
1213403.653,942.145,-163.175,-281.698,-43.75,-227.5,-1575.0,1310.24,-123.12,191.52
1213403.703,952.881,-150.914,-280.6,245.0,1741.25,-1653.75,1296.56,-130.72,183.92
1213403.753,945.439,-143.777,-278.831,-2187.5,-446.25,-1233.75,1308.72,-127.68,176.32
1213403.803,943.548,-151.341,-274.805,-3491.25,-2800.0,-236.25,1304.16,-112.48,180.88
1213403.853,936.838,-161.467,-281.698,-1741.25,-1312.5,-1417.5,1299.6,-118.56,177.84
1213403.903,955.504,-160.857,-288.286,8.75,-1111.25,-1321.25,1299.6,-115.52,197.6
1213403.953,939.156,-148.108,-277.489,-2257.5,140.0,-980.0,1295.04,-123.12,177.84
1213404.003,940.803,-157.441,-279.441,-2712.5,-1128.75,-936.25,1295.04,-124.64,190.0
1213404.053,948.428,-158.539,-282.308,-1461.25,-533.75,-1645.0,1293.52,-117.04,180.88
1213404.103,942.755,-150.06,-282.491,-1268.75,-1216.25,-1391.25,1299.6,-120.08,182.4
1213404.153,949.709,-150.792,-285.663,-1706.25,-936.25,-1093.75,1295.04,-126.16,186.96
1213404.203,947.025,-156.099,-279.746,-1400.0,682.5,-350.0,1301.12,-120.08,177.84
1213404.253,932.507,-156.465,-274.317,-1706.25,148.75,-218.75,1301.12,-123.12,185.44
1213404.303,953.613,-161.589,-285.053,-1951.25,-2108.75,-1303.75,1296.56,-120.08,182.4
1213404.353,944.219,-160.857,-284.504,-1531.25,-1050.0,-796.25,1292.0,-129.2,190.0
1213404.403,939.278,-161.162,-284.931,-1715.0,-1006.25,-1583.75,1302.64,-130.72,170.24
1213404.453,942.328,-156.526,-288.713,-2380.0,-1251.25,-1688.75,1296.56,-115.52,197.6
1213404.503,944.585,-159.149,-287.676,-2835.0,17.5,-1478.75,1308.72,-112.48,177.84
1213404.553,940.376,-154.818,-288.652,-2668.75,78.75,-2038.75,1305.68,-120.08,165.68
1213404.603,942.023,-151.768,-287.005,-2502.5,-428.75,-953.75,1307.2,-130.72,190.0
1213404.653,940.315,-158.356,-285.419,-2248.75,-376.25,-848.75,1299.6,-126.16,174.8
1213404.703,949.77,-157.197,-289.689,-1776.25,-236.25,-1487.5,1301.12,-132.24,179.36
1213404.753,946.476,-151.524,-286.151,-1610.0,140.0,-1592.5,1304.16,-129.2,173.28
1213404.803,946.171,-150.548,-286.578,-1618.75,498.75,-1347.5,1307.2,-120.08,186.96
1213404.853,946.293,-156.038,-280.905,-796.25,1312.5,-892.5,1311.76,-118.56,183.92
1213404.903,947.94,-152.195,-280.539,-805.0,-516.25,-1592.5,1313.28,-123.12,173.28
1213404.953,949.343,-157.136,-276.94,-192.5,385.0,-927.5,1295.04,-130.72,179.36
1213405.003,937.936,-157.502,-274.988,-455.0,-8.75,-866.25,1308.72,-124.64,164.16
1213405.053,936.716,-158.295,-277.306,-708.75,-1601.25,-1058.75,1307.2,-115.52,167.2
1213405.103,946.903,-161.406,-287.493,-1233.75,-1671.25,-1225.0,1301.12,-117.04,185.44
1213405.153,947.269,-160.003,-287.859,-866.25,-848.75,-1470.0,1317.84,-133.76,193.04
1213405.203,940.681,-154.635,-285.114,-1163.75,-306.25,-1461.25,1302.64,-139.84,186.96
1213405.253,943.487,-160.064,-283.65,-1452.5,-358.75,-1540.0,1298.08,-123.12,177.84
1213405.303,946.476,-158.295,-284.199,-1478.75,-367.5,-1540.0,1308.72,-124.64,188.48
1213405.353,946.598,-155.916,-281.027,-1916.25,-96.25,-1400.0,1302.64,-123.12,170.24
1213405.403,943.182,-159.698,-282.674,-1610.0,-148.75,-1260.0,1314.8,-124.64,183.92
1213405.453,948.001,-153.659,-282.796,-988.75,-533.75,-1435.0,1305.68,-129.2,167.2
1213405.503,944.341,-158.173,-280.417,-857.5,-568.75,-971.25,1311.76,-133.76,182.4
1213405.553,954.589,-158.6,-283.345,-1575.0,78.75,-1461.25,1299.6,-130.72,167.2
1213405.603,942.816,-155.184,-277.184,-1330.0,-262.5,-1268.75,1304.16,-129.2,173.28
1213405.653,937.204,-157.258,-278.038,-1470.0,-980.0,-1408.75,1299.6,-121.6,193.04
1213405.703,949.526,-159.942,-286.944,-1338.75,-971.25,-1251.25,1295.04,-127.68,180.88
1213405.753,941.657,-159.637,-286.212,-1015.0,-420.0,-892.5,1296.56,-130.72,193.04
1213405.803,944.036,-157.563,-283.955,-1400.0,-35.0,-1601.25,1302.64,-127.68,173.28
1213405.853,941.474,-156.099,-282.918,-1627.5,140.0,-1373.75,1307.2,-132.24,176.32
1213405.903,942.816,-159.637,-281.332,-1356.25,183.75,-1478.75,1304.16,-129.2,188.48
1213405.953,948.001,-157.258,-285.602,-1863.75,61.25,-1216.25,1308.72,-127.68,182.4
1213406.003,947.086,-159.454,-281.576,-1662.5,245.0,-1163.75,1322.4,-127.68,188.48
1213406.053,943.67,-158.478,-279.502,-787.5,-122.5,-1715.0,1317.84,-115.52,176.32
1213406.103,944.89,-151.89,-280.295,-1251.25,26.25,-1321.25,1319.36,-135.28,191.52
1213406.153,939.583,-161.04,-278.77,-1067.5,411.25,-813.75,1295.04,-123.12,164.16
1213406.203,954.711,-161.528,-280.173,-997.5,1268.75,-1697.5,1314.8,-121.6,183.92
1213406.253,948.306,-152.866,-272.975,-551.25,945.0,-1452.5,1320.88,-120.08,180.88
1213406.303,938.363,-156.953,-274.5,-1032.5,-822.5,-1260.0,1308.72,-132.24,185.44
1213406.353,951.539,-161.223,-278.587,-1365.0,-1163.75,-1496.25,1313.28,-123.12,188.48
1213406.403,947.574,-159.698,-281.149,-787.5,-1277.5,-1470.0,1298.08,-115.52,191.52
1213406.453,947.391,-158.112,-278.526,-1198.75,-236.25,-1916.25,1317.84,-124.64,190.0
1213406.503,944.036,-155.306,-279.075,-1575.0,-201.25,-1496.25,1295.04,-126.16,185.44
1213406.553,946.903,-158.6,-278.892,-1653.75,-17.5,-1356.25,1302.64,-126.16,186.96
1213406.603,947.94,-156.587,-279.685,-1330.0,43.75,-1470.0,1298.08,-118.56,168.72
1213406.653,944.646,-157.075,-276.513,-1268.75,218.75,-1330.0,1310.24,-132.24,173.28
1213406.703,945.561,-161.284,-273.768,-892.5,-210.0,-1085.0,1295.04,-126.16,190.0
1213406.753,945.805,-159.454,-275.537,-918.75,35.0,-1365.0,1310.24,-123.12,183.92
1213406.803,944.646,-159.515,-273.89,-813.75,-428.75,-1041.25,1302.64,-121.6,191.52
1213406.853,956.419,-159.698,-277.611,-1645.0,638.75,-1540.0,1304.16,-129.2,173.28
1213406.903,942.755,-159.088,-271.877,-1023.75,533.75,-997.5,1305.68,-124.64,185.44
1213406.953,940.376,-160.552,-267.424,-1067.5,-1146.25,-1347.5,1301.12,-120.08,180.88
1213407.003,950.868,-155.977,-275.781,-1443.75,-1890.0,-1522.5,1316.32,-121.6,174.8
1213407.053,945.622,-162.504,-273.036,-1452.5,-1137.5,-831.25,1305.68,-121.6,185.44
1213407.103,944.463,-161.345,-276.879,-1478.75,-1058.75,-1758.75,1307.2,-124.64,179.36
1213407.153,948.672,-155.794,-277.55,-1951.25,-621.25,-1601.25,1310.24,-133.76,190.0
1213407.203,942.267,-158.539,-275.598,-1995.0,-682.5,-1618.75,1296.56,-126.16,167.2
1213407.253,950.624,-157.99,-277.55,-2082.5,-857.5,-2038.75,1308.72,-120.08,190.0
1213407.303,948.611,-155.306,-275.72,-2126.25,-691.25,-1627.5,1314.8,-130.72,179.36
1213407.353,945.683,-155.977,-274.988,-1636.25,-980.0,-1286.25,1307.2,-124.64,182.4
1213407.403,947.086,-154.696,-279.319,-1435.0,-971.25,-1435.0,1308.72,-136.8,179.36
1213407.453,941.718,-153.781,-277.184,-1548.75,-945.0,-918.75,1317.84,-135.28,180.88
1213407.503,956.236,-157.563,-279.868,-2108.75,-280.0,-1198.75,1299.6,-124.64,185.44
1213407.553,944.768,-155.977,-274.805,-490.0,-586.25,-953.75,1316.32,-126.16,197.6
1213407.603,942.816,-157.868,-275.11,-700.0,-1303.75,-971.25,1310.24,-133.76,194.56
1213407.653,950.563,-157.807,-281.454,-1058.75,-1741.25,-1111.25,1293.52,-124.64,183.92
1213407.703,945.866,-159.088,-284.687,-1242.5,-1137.5,-743.75,1311.76,-130.72,186.96
1213407.753,942.999,-161.101,-281.576,-1330.0,-945.0,-1487.5,1293.52,-129.2,177.84
1213407.803,943.975,-159.088,-283.406,-1575.0,-988.75,-1146.25,1301.12,-126.16,174.8
1213407.853,947.635,-161.223,-284.077,-1680.0,-787.5,-1225.0,1304.16,-129.2,188.48
1213407.903,946.598,-158.478,-284.016,-1566.25,-463.75,-1531.25,1307.2,-121.6,171.76
1213407.953,945.195,-160.491,-282.369,-1837.5,-411.25,-1408.75,1319.36,-121.6,191.52
1213408.003,946.659,-159.637,-283.589,-1198.75,-533.75,-1452.5,1311.76,-123.12,176.32
1213408.053,946.781,-158.478,-280.295,-1408.75,-402.5,-1531.25,1302.64,-120.08,197.6
1213408.103,947.269,-156.221,-279.441,-2100.0,-446.25,-1487.5,1293.52,-126.16,176.32
1213408.153,944.28,-154.696,-281.027,-1400.0,-1225.0,-1557.5,1322.4,-126.16,185.44
1213408.203,948.916,-159.088,-280.417,-1400.0,140.0,-1636.25,1296.56,-123.12,185.44
1213408.253,943.365,-154.879,-278.526,-1190.0,-455.0,-1373.75,1305.68,-124.64,174.8
1213408.303,939.4,-159.759,-276.513,-813.75,-1128.75,-1032.5,1292.0,-126.16,179.36
1213408.353,947.94,-158.478,-285.297,-1268.75,-1032.5,-1470.0,1304.16,-121.6,171.76
1213408.403,945.012,-159.088,-282.735,-1111.25,-717.5,-866.25,1313.28,-129.2,185.44
1213408.453,942.023,-159.942,-284.077,-1365.0,-918.75,-1470.0,1304.16,-136.8,173.28
1213408.503,944.89,-156.282,-283.955,-1601.25,-831.25,-1312.5,1314.8,-124.64,180.88
1213408.553,942.084,-158.112,-284.382,-1540.0,-822.5,-1373.75,1298.08,-135.28,179.36
1213408.603,944.219,-155.916,-287.127,-1461.25,-708.75,-1373.75,1292.0,-133.76,177.84
1213408.653,945.988,-158.234,-285.419,-1163.75,-437.5,-1111.25,1304.16,-132.24,180.88
1213408.703,940.62,-157.929,-283.955,-1093.75,-586.25,-1443.75,1304.16,-112.48,171.76
1213408.753,941.535,-157.075,-284.504,-1443.75,-647.5,-1461.25,1319.36,-135.28,180.88
1213408.803,947.33,-156.465,-284.809,-1925.0,-428.75,-1286.25,1288.96,-121.6,191.52
1213408.8531,938.851,-161.406,-283.955,-1347.5,-1120.0,-945.0,1314.8,-126.16,188.48
1213408.903,947.208,-159.454,-287.981,-1181.25,61.25,-1837.5,1296.56,-123.12,170.24
1213408.953,946.659,-156.343,-281.576,-1233.75,148.75,-1373.75,1322.4,-121.6,183.92
1213409.003,936.655,-159.881,-281.698,-647.5,-971.25,-1155.0,1308.72,-126.16,183.92
1213409.053,948.916,-155.611,-288.286,-1120.0,-1207.5,-1426.25,1298.08,-124.64,171.76
1213409.103,944.951,-159.149,-285.053,-1540.0,-551.25,-971.25,1304.16,-124.64,185.44
1213409.153,939.4,-160.003,-286.334,-1723.75,-1006.25,-1618.75,1299.6,-124.64,165.68
1213409.203,945.927,-154.452,-289.079,-1846.25,-1076.25,-1522.5,1313.28,-129.2,186.96
1213409.253,940.803,-159.637,-288.835,-2222.5,-735.0,-1820.0,1301.12,-123.12,186.96
1213409.303,947.269,-155.733,-288.408,-1776.25,-761.25,-2047.5,1314.8,-120.08,193.04
1213409.353,944.158,-154.025,-289.75,-1636.25,-218.75,-1382.5,1313.28,-127.68,185.44
1213409.403,942.267,-158.173,-285.785,-778.75,-113.75,-2152.5,1308.72,-121.6,179.36
1213409.453,942.877,-150.792,-287.554,-682.5,-560.0,-1811.25,1308.72,-123.12,177.84
1213409.503,945.744,-153.049,-287.066,-2030.0,-691.25,-953.75,1284.4,-117.04,185.44
1213409.553,943.182,-156.099,-287.859,-1636.25,-813.75,-1321.25,1307.2,-129.2,182.4
1213409.603,939.766,-153.72,-289.201,-945.0,-1548.75,-1251.25,1290.48,-120.08,185.44
1213409.653,942.694,-157.258,-285.114,-831.25,-157.5,-813.75,1307.2,-129.2,168.72
1213409.703,942.694,-159.637,-284.138,-568.75,-586.25,-1321.25,1301.12,-124.64,174.8
1213409.753,938.912,-151.585,-286.761,-1128.75,-1758.75,-726.25,1314.8,-123.12,171.76
1213409.803,948.123,-157.868,-293.898,-1566.25,-1050.0,-875.0,1317.84,-123.12,183.92
1213409.853,942.633,-159.088,-292.983,-901.25,-1242.5,-1487.5,1304.16,-121.6,168.72
1213409.903,939.339,-157.929,-288.042,-1391.25,-525.0,-1470.0,1304.16,-120.08,180.88
1213409.953,940.254,-159.21,-291.397,-1706.25,-472.5,-1163.75,1296.56,-129.2,167.2
1213410.003,943.548,-156.709,-288.713,-1391.25,-595.0,-1706.25,1307.2,-124.64,179.36
1213410.053,943.609,-155.123,-291.641,-1855.0,-402.5,-1610.0,1295.04,-133.76,190.0
1213410.103,941.535,-156.221,-290.177,-1802.5,-551.25,-1426.25,1305.68,-124.64,173.28
1213410.153,941.352,-157.319,-289.018,-1286.25,-647.5,-1478.75,1302.64,-126.16,173.28
1213410.203,942.206,-154.818,-292.983,-1268.75,-525.0,-1452.5,1290.48,-117.04,156.56
1213410.253,942.328,-156.038,-292.19,-1286.25,-717.5,-1172.5,1310.24,-126.16,185.44
1213410.303,939.461,-157.563,-293.166,-1382.5,-1190.0,-1128.75,1293.52,-124.64,179.36
1213410.353,949.526,-159.454,-294.691,-1496.25,96.25,-1505.0,1313.28,-123.12,171.76
1213410.403,939.278,-157.807,-288.896,-621.25,-96.25,-1330.0,1298.08,-130.72,174.8
1213410.453,935.862,-155.489,-285.968,-743.75,-1050.0,-1496.25,1301.12,-124.64,164.16
1213410.503,942.572,-155.123,-289.689,-1627.5,-1505.0,-1242.5,1307.2,-126.16,185.44
1213410.553,939.888,-161.162,-292.739,-1347.5,-813.75,-1190.0,1304.16,-123.12,167.2
1213410.603,942.084,-155.123,-295.667,-1750.0,-1120.0,-1855.0,1322.4,-138.32,185.44
1213410.653,941.474,-153.964,-295.545,-1890.0,-1102.5,-1671.25,1282.88,-115.52,176.32
1213410.703,942.633,-154.269,-295.789,-1907.5,-455.0,-1662.5,1304.16,-129.2,176.32
1213410.753,942.206,-155.55,-295.362,-1802.5,-218.75,-2012.5,1298.08,-132.24,168.72
1213410.803,942.633,-149.694,-293.898,-1863.75,-35.0,-1680.0,1316.32,-118.56,180.88
1213410.853,940.437,-153.842,-291.58,-1435.0,-210.0,-1312.5,1310.24,-123.12,186.96
1213410.903,941.535,-155.123,-293.288,-988.75,-656.25,-1338.75,1305.68,-121.6,165.68
1213410.953,941.474,-150.487,-293.166,-1242.5,-586.25,-1198.75,1298.08,-130.72,182.4
1213411.003,938.607,-155.794,-293.898,-1207.5,-61.25,-927.5,1298.08,-123.12,174.8
1213411.053,942.145,-153.415,-292.861,-1443.75,-1601.25,-1531.25,1308.72,-127.68,182.4
1213411.103,939.644,-156.16,-292.983,-831.25,-166.25,-1120.0,1295.04,-124.64,176.32
1213411.153,937.814,-157.197,-288.957,-918.75,-700.0,-1338.75,1320.88,-129.2,171.76
1213411.203,937.082,-156.404,-292.556,-1093.75,-1592.5,-1181.25,1308.72,-126.16,182.4
1213411.253,942.389,-157.807,-301.096,-1478.75,-1557.5,-1251.25,1307.2,-121.6,164.16
1213411.303,940.742,-158.478,-295.728,-1207.5,-840.0,-1601.25,1311.76,-129.2,180.88
1213411.353,938.424,-154.086,-296.094,-1513.75,-630.0,-1321.25,1310.24,-129.2,167.2
1213411.403,939.888,-154.391,-295.423,-1750.0,-638.75,-1146.25,1310.24,-129.2,170.24
1213411.453,941.291,-156.038,-296.948,-1417.5,-507.5,-1776.25,1298.08,-120.08,173.28
1213411.503,944.463,-151.768,-296.155,-1776.25,-297.5,-1330.0,1304.16,-115.52,171.76
1213411.553,939.4,-157.746,-292.556,-1767.5,-306.25,-1207.5,1296.56,-114.0,174.8
1213411.603,942.999,-153.903,-292.861,-1050.0,-542.5,-1435.0,1308.72,-126.16,168.72
1213411.653,942.145,-152.317,-296.155,-1347.5,-498.75,-1242.5,1302.64,-124.64,165.68
1213411.703,938.729,-154.818,-295.911,-1916.25,-910.0,-1198.75,1308.72,-120.08,167.2
1213411.753,935.984,-159.027,-299.083,-1120.0,-1627.5,-1023.75,1311.76,-117.04,180.88
1213411.803,947.086,-154.635,-300.303,-1435.0,175.0,-1417.5,1296.56,-121.6,173.28
1213411.853,938.18,-157.624,-292.922,-1566.25,-78.75,-1330.0,1317.84,-127.68,171.76
1213411.903,935.374,-158.112,-292.556,-988.75,-971.25,-1312.5,1299.6,-123.12,171.76
1213411.953,946.293,-155.001,-297.985,-1321.25,-1058.75,-1233.75,1304.16,-130.72,164.16
1213412.003,937.692,-156.465,-297.619,-1505.0,-525.0,-980.0,1308.72,-123.12,170.24
1213412.053,937.631,-155.916,-298.717,-1566.25,-665.0,-1811.25,1295.04,-118.56,167.2
1213412.103,941.657,-151.097,-299.449,-1872.5,-752.5,-1198.75,1308.72,-124.64,174.8
1213412.153,941.291,-155.123,-299.327,-1435.0,-393.75,-1522.5,1285.92,-129.2,167.2
1213412.203,941.901,-151.646,-301.706,-848.75,-358.75,-1478.75,1308.72,-130.72,173.28
1213412.253,942.999,-152.317,-297.497,-1198.75,-70.0,-1023.75,1292.0,-118.56,162.64
1213412.303,939.644,-154.269,-294.508,-612.5,-507.5,-1050.0,1307.2,-114.0,174.8
1213412.353,940.559,-153.049,-295.118,-997.5,-805.0,-1277.5,1301.12,-135.28,167.2
1213412.403,940.742,-154.94,-296.399,-1426.25,-595.0,-1172.5,1320.88,-126.16,165.68
1213412.453,940.254,-158.905,-295.911,-1242.5,-192.5,-962.5,1308.72,-114.0,185.44
1213412.503,947.086,-157.746,-301.889,-1321.25,-630.0,-1758.75,1287.44,-129.2,176.32
1213412.553,939.644,-155.55,-294.691,-1548.75,-43.75,-1155.0,1323.92,-121.6,174.8
1213412.603,935.252,-160.491,-293.837,-1680.0,-218.75,-1382.5,1295.04,-130.72,182.4
1213412.653,941.779,-155.916,-297.314,-1977.5,-1583.75,-1373.75,1313.28,-130.72,158.08
1213412.703,942.633,-157.441,-302.987,-2423.75,-1155.0,-1225.0,1308.72,-124.64,170.24
1213412.7531,941.047,-154.147,-302.194,-2275.0,-761.25,-1750.0,1310.24,-129.2,159.6
1213412.803,936.838,-152.744,-302.865,-1925.0,-551.25,-1303.75,1302.64,-130.72,171.76
1213412.853,940.925,-156.465,-302.194,-1601.25,-262.5,-1557.5,1307.2,-127.68,152.0
1213412.903,940.986,-153.415,-300.974,-1260.0,-245.0,-1417.5,1310.24,-129.2,165.68
1213412.953,938.851,-152.988,-296.277,-1575.0,-297.5,-1050.0,1310.24,-117.04,156.56
1213413.003,938.302,-156.587,-298.412,-770.0,-227.5,-1058.75,1307.2,-129.2,177.84
1213413.053,941.23,-153.354,-298.29,-700.0,-428.75,-822.5,1292.0,-121.6,176.32
1213413.103,937.57,-157.258,-299.51,-1006.25,-533.75,-691.25,1307.2,-124.64,165.68
1213413.153,938.668,-158.478,-297.497,-1303.75,-682.5,-822.5,1305.68,-129.2,177.84
1213413.203,943.182,-159.271,-303.475,-1146.25,-1942.5,-1172.5,1308.72,-132.24,155.04
1213413.253,942.877,-162.931,-300.181,-770.0,280.0,-787.5,1307.2,-127.68,164.16
1213413.303,933.483,-161.101,-294.508,-778.75,-682.5,-1391.25,1304.16,-118.56,162.64
1213413.353,936.411,-158.966,-297.985,-1478.75,-1793.75,-962.5,1316.32,-135.28,159.6
1213413.403,941.657,-162.992,-306.098,-1837.5,-857.5,-1085.0,1311.76,-129.2,179.36
1213413.453,938.668,-160.979,-300.669,-1435.0,-673.75,-1680.0,1304.16,-110.96,159.6
1213413.503,935.923,-159.332,-304.451,-1443.75,-840.0,-1592.5,1311.76,-138.32,167.2
1213413.553,939.217,-160.125,-304.085,-1662.5,-481.25,-1470.0,1304.16,-124.64,158.08
1213413.603,938.424,-160.674,-304.878,-1408.75,-35.0,-1688.75,1310.24,-139.84,173.28
1213413.653,939.095,-154.147,-302.865,-1793.75,-157.5,-1715.0,1310.24,-136.8,159.6
1213413.703,937.692,-161.162,-301.34,-1557.5,-96.25,-1251.25,1317.84,-121.6,179.36
1213413.753,936.716,-159.21,-298.168,-1041.25,-560.0,-1426.25,1302.64,-126.16,158.08
1213413.803,939.034,-155.367,-302.377,-1295.0,-490.0,-1032.5,1307.2,-129.2,182.4
1213413.853,935.252,-162.443,-299.022,-1032.5,-761.25,-813.75,1326.96,-120.08,180.88
1213413.903,945.622,-163.541,-303.17,-1391.25,-227.5,-1487.5,1310.24,-121.6,159.6
1213413.953,931.775,-163.907,-297.558,-498.75,-122.5,-1198.75,1316.32,-132.24,170.24
1213414.003,935.13,-159.271,-295.179,-726.25,-1085.0,-1408.75,1301.12,-135.28,161.12
1213414.053,944.707,-160.247,-302.133,-1662.5,-1653.75,-1680.0,1311.76,-135.28,167.2
1213414.103,936.655,-161.406,-305.976,-1548.75,-1190.0,-1382.5,1299.6,-135.28,162.64
1213414.153,935.862,-158.661,-305.732,-1837.5,-1023.75,-2038.75,1320.88,-124.64,168.72
1213414.203,936.777,-156.953,-304.024,-1872.5,-1251.25,-1732.5,1307.2,-138.32,176.32
1213414.253,936.533,-157.502,-307.684,-2108.75,-385.0,-1636.25,1316.32,-118.56,170.24
1213414.303,939.156,-159.21,-306.281,-1601.25,-472.5,-1933.75,1316.32,-132.24,179.36
1213414.353,937.631,-154.513,-305.183,-1671.25,-26.25,-1645.0,1308.72,-132.24,144.4
1213414.403,936.35,-157.929,-299.632,-1470.0,-393.75,-1303.75,1304.16,-132.24,179.36
1213414.453,937.631,-156.404,-301.157,-1347.5,-630.0,-1330.0,1292.0,-130.72,162.64
1213414.503,941.169,-157.868,-304.329,-1750.0,-122.5,-822.5,1319.36,-126.16,170.24
1213414.553,931.409,-158.051,-300.669,-1023.75,-962.5,-831.25,1307.2,-126.16,167.2
1213414.603,938.058,-157.807,-306.098,-315.0,201.25,-1102.5,1305.68,-129.2,168.72
1213414.653,937.387,-157.502,-298.595,-857.5,-78.75,-988.75,1307.2,-135.28,165.68
1213414.703,936.96,-160.43,-303.475,-901.25,-1251.25,-1128.75,1308.72,-124.64,170.24
1213414.753,941.047,-159.393,-306.891,-1522.5,-1015.0,-1330.0,1305.68,-129.2,170.24
1213414.803,939.827,-161.223,-313.235,-1531.25,-1365.0,-1356.25,1301.12,-117.04,158.08
1213414.853,936.228,-160.003,-309.087,-1487.5,-315.0,-1408.75,1310.24,-120.08,161.12
1213414.903,934.825,-157.38,-305.488,-1610.0,-140.0,-1461.25,1302.64,-123.12,148.96
1213414.953,940.803,-160.857,-305.122,-1347.5,-210.0,-1776.25,1307.2,-115.52,158.08
1213415.003,940.132,-155.855,-304.634,-1513.75,-140.0,-1662.5,1299.6,-126.16,162.64
1213415.053,933.239,-157.502,-301.706,-1627.5,-78.75,-1338.75,1310.24,-133.76,152.0
1213415.103,937.204,-160.674,-299.327,-910.0,-498.75,-1277.5,1298.08,-121.6,170.24
1213415.153,939.278,-155.672,-302.865,-1076.25,-682.5,-1277.5,1305.68,-114.0,161.12
1213415.203,939.156,-158.966,-303.231,-2038.75,-962.5,-1181.25,1316.32,-129.2,170.24
1213415.253,931.897,-160.857,-306.708,-1137.5,-1347.5,-1058.75,1304.16,-129.2,161.12
1213415.303,940.681,-159.454,-305.549,-866.25,-26.25,-1478.75,1305.68,-126.16,165.68
1213415.353,937.326,-155.672,-305.305,-1032.5,-236.25,-1233.75,1316.32,-135.28,161.12
1213415.403,930.921,-156.709,-302.682,-1032.5,-1198.75,-1303.75,1304.16,-109.44,158.08
1213415.453,941.962,-158.905,-307.501,-1522.5,-1242.5,-1365.0,1311.76,-130.72,164.16
1213415.503,933.117,-162.016,-305.915,-1330.0,-288.75,-1198.75,1305.68,-127.68,164.16
1213415.553,933.239,-158.6,-305.366,-1706.25,-603.75,-1811.25,1325.44,-118.56,170.24
1213415.603,938.607,-154.391,-308.599,-1968.75,-603.75,-1347.5,1290.48,-126.16,155.04
1213415.653,933.91,-162.687,-300.73,-1041.25,-813.75,-1898.75,1296.56,-135.28,182.4
1213415.703,933.849,-156.465,-296.338,-1277.5,-2406.25,-2318.75,1301.12,-132.24,168.72
1213415.753,937.936,-151.585,-301.462,-2406.25,-2922.5,-1776.25,1320.88,-130.72,171.76
1213415.803,935.679,-153.842,-306.525,-2730.0,-3158.75,-1373.75,1311.76,-124.64,173.28
1213415.853,935.862,-155.062,-313.296,-2170.0,-3220.0,-1951.25,1308.72,-135.28,164.16
1213415.903,934.642,-150.853,-321.226,-2301.25,-2957.5,-1478.75,1302.64,-124.64,176.32
1213415.953,931.531,-154.757,-323.422,-2485.0,-2450.0,-1435.0,1301.12,-114.0,141.36
1213416.003,938.79,-153.659,-327.448,-2213.75,-2730.0,-2047.5,1310.24,-115.52,158.08
1213416.053,930.433,-150.121,-326.716,-1863.75,-1942.5,-1312.5,1285.92,-126.16,156.56
1213416.103,929.579,-153.537,-329.278,-1785.0,-647.5,-1356.25,1317.84,-124.64,161.12
1213416.153,929.884,-152.805,-328.851,-1076.25,-857.5,-1006.25,1293.52,-136.8,155.04
1213416.203,934.398,-154.879,-325.069,-1426.25,201.25,-1286.25,1308.72,-124.64,167.2
1213416.253,932.751,-150.182,-320.982,-1417.5,708.75,-1671.25,1320.88,-121.6,162.64
1213416.303,928.969,-150.548,-319.396,-1522.5,157.5,-1303.75,1307.2,-121.6,170.24
1213416.353,934.581,-154.635,-320.738,-1837.5,-350.0,-1286.25,1319.36,-121.6,150.48
1213416.403,934.886,-154.086,-323.849,-1426.25,-148.75,-1417.5,1304.16,-118.56,144.4
1213416.453,933.239,-150.304,-321.348,-1575.0,-437.5,-1190.0,1305.68,-126.16,148.96
1213416.503,933.727,-154.696,-320.738,-1373.75,-236.25,-988.75,1313.28,-132.24,148.96
1213416.553,933.239,-152.134,-319.579,-726.25,-446.25,-1216.25,1299.6,-123.12,145.92
1213416.603,930.006,-152.622,-315.858,-1242.5,-288.75,-1356.25,1304.16,-118.56,167.2
1213416.653,933.91,-156.953,-317.749,-1478.75,-1032.5,-1443.75,1296.56,-126.16,144.4
1213416.703,932.324,-154.452,-325.679,-1470.0,-3220.0,-1233.75,1316.32,-135.28,168.72
1213416.753,952.393,-155.062,-331.84,-1732.5,-568.75,-1146.25,1305.68,-136.8,145.92
1213416.803,919.087,-153.72,-320.189,-2240.0,-1478.75,-1671.25,1304.16,-135.28,168.72
1213416.853,928.969,-158.722,-328.668,-1111.25,-1583.75,-2012.5,1302.64,-120.08,173.28
1213416.903,938.668,-150.548,-325.13,-1863.75,-1076.25,-857.5,1310.24,-133.76,148.96
1213416.953,928.908,-154.513,-323.605,-1706.25,2432.5,-1076.25,1288.96,-121.6,148.96
1213417.003,938.119,-152.317,-320.494,-1505.0,875.0,-1548.75,1299.6,-118.56,145.92
1213417.053,925.126,-152.805,-322.751,-1443.75,-3255.0,-2091.25,1317.84,-123.12,162.64
1213417.103,945.927,-150.06,-331.23,-682.5,-1225.0,-2686.25,1301.12,-120.08,147.44
1213417.153,942.084,-144.143,-329.278,-3745.0,-551.25,490.0,1296.56,-124.64,168.72
1213417.203,929.762,-159.027,-322.263,-3080.0,1995.0,-700.0,1295.04,-124.64,148.96
1213417.253,931.409,-163.48,-314.882,498.75,1225.0,-1890.0,1302.64,-127.68,156.56
1213417.303,921.527,-144.021,-317.993,-236.25,-1225.0,-2528.75,1305.68,-117.04,150.48
1213417.353,933.788,-139.69,-329.949,-2520.0,-2747.5,-1163.75,1311.76,-132.24,155.04
1213417.403,933.666,-159.393,-331.596,-918.75,253.75,-542.5,1293.52,-121.6,171.76
1213417.453,936.716,-152.622,-330.071,-2187.5,113.75,-2756.25,1301.12,-123.12,156.56
1213417.503,927.871,-139.934,-319.091,-1347.5,1960.0,-1338.75,1325.44,-142.88,161.12
1213417.553,924.455,-145.18,-317.017,-2047.5,-472.5,-770.0,1308.72,-114.0,148.96
1213417.603,930.006,-161.955,-323.422,-568.75,-2108.75,210.0,1308.72,-124.64,168.72
1213417.653,944.829,-158.478,-326.716,1120.0,-1251.25,-875.0,1290.48,-121.6,150.48
1213417.703,926.529,-146.888,-327.753,-936.25,-805.0,-1820.0,1314.8,-121.6,161.12
1213417.753,934.337,-153.415,-326.838,-1968.75,542.5,-1295.0,1293.52,-133.76,158.08
1213417.803,925.126,-152.012,-321.409,-2406.25,35.0,-1776.25,1311.76,-129.2,167.2
1213417.853,934.581,-159.759,-335.5,-2765.0,-1522.5,-770.0,1304.16,-127.68,156.56
1213417.903,940.254,-153.11,-323.788,-927.5,1321.25,-1260.0,1302.64,-110.96,161.12
1213417.953,928.237,-155.672,-321.409,-822.5,498.75,-1207.5,1302.64,-118.56,174.8
1213418.003,930.555,-153.293,-319.152,-393.75,227.5,-1505.0,1304.16,-121.6,144.4
1213418.053,934.459,-154.147,-323.544,-1242.5,-2511.25,-2021.25,1313.28,-120.08,159.6
1213418.103,932.873,-146.217,-331.23,-2826.25,-822.5,-988.75,1299.6,-139.84,145.92
1213418.153,941.23,-155.306,-321.043,-2861.25,2196.25,148.75,1308.72,-120.08,161.12
1213418.203,928.786,-168.177,-312.564,-367.5,3027.5,-1382.5,1293.52,-112.48,168.72
1213418.253,923.784,-164.761,-311.832,1522.5,-393.75,-2056.25,1304.16,-120.08,165.68
1213418.303,935.923,-138.226,-325.13,-997.5,-3788.75,-2905.0,1311.76,-130.72,171.76
1213418.353,931.531,-141.154,-325.374,-3333.75,-3237.5,-1400.0,1295.04,-123.12,150.48
1213418.403,944.646,-157.563,-328.18,-2301.25,551.25,-621.25,1308.72,-133.76,161.12
1213418.453,931.043,-158.478,-321.958,-691.25,962.5,-2266.25,1295.04,-118.56,152.0
1213418.503,939.888,-144.997,-319.213,-227.5,2485.0,-1741.25,1319.36,-130.72,162.64
1213418.553,926.468,-148.291,-312.442,-2310.0,-175.0,-875.0,1295.04,-123.12,155.04
1213418.603,932.69,-163.541,-317.81,-743.75,-3141.25,-735.0,1307.2,-124.64,158.08
1213418.653,928.359,-146.949,-316.59,-148.75,-612.5,-1811.25,1299.6,-123.12,161.12
1213418.703,936.106,-152.195,-328.18,-1076.25,-822.5,-1312.5,1314.8,-121.6,148.96
1213418.753,936.289,-147.498,-322.751,-1855.0,1286.25,-1907.5,1298.08,-118.56,153.52
1213418.803,926.834,-150.06,-316.895,-1855.0,-192.5,-236.25,1292.0,-123.12,148.96
1213418.853,937.509,-162.443,-323.666,-280.0,-1776.25,-831.25,1304.16,-130.72,165.68
1213418.903,925.126,-149.45,-312.259,26.25,1435.0,-498.75,1298.08,-118.56,167.2
1213418.953,937.509,-157.807,-319.213,-1400.0,-306.25,-490.0,1305.68,-126.16,164.16
1213419.003,916.525,-155.733,-315.248,-2887.5,-1977.5,-1505.0,1307.2,-126.16,155.04
1213419.053,944.707,-159.21,-324.215,-2091.25,-2922.5,-2660.0,1307.2,-126.16,171.76
1213419.103,920.49,-144.204,-329.034,-2773.75,-1391.25,-1198.75,1301.12,-138.32,148.96
1213419.153,945.073,-157.197,-324.642,-3333.75,1907.5,-463.75,1316.32,-129.2,156.56
1213419.203,932.69,-154.94,-318.115,-770.0,3745.0,-1968.75,1304.16,-123.12,167.2
1213419.253,933.849,-146.217,-310.307,-787.5,1715.0,-1373.75,1305.68,-132.24,155.04
1213419.303,932.385,-141.886,-309.087,-2975.0,140.0,-1487.5,1302.64,-136.8,162.64
1213419.353,934.581,-155.611,-316.102,-393.75,-1583.75,-1321.25,1298.08,-114.0,152.0
1213419.403,950.929,-153.598,-314.516,-892.5,-367.5,-945.0,1308.72,-123.12,164.16
1213419.453,928.725,-162.565,-308.538,52.5,481.25,-1470.0,1304.16,-124.64,158.08
1213419.503,950.319,-149.389,-303.719,560.0,2817.5,-2336.25,1319.36,-118.56,168.72
1213419.553,927.261,-145.119,-297.802,-2572.5,297.5,-367.5,1295.04,-126.16,165.68
1213419.603,941.291,-162.016,-312.808,-393.75,-3526.25,-595.0,1296.56,-126.16,182.4
1213419.653,936.167,-163.297,-307.501,306.25,-630.0,-1767.5,1304.16,-136.8,162.64
1213419.703,941.23,-150.365,-317.444,385.0,-2362.5,-1653.75,1299.6,-130.72,153.52
1213419.753,948.733,-151.28,-315.858,-638.75,1093.75,-1286.25,1311.76,-109.44,176.32
1213419.803,927.505,-155.794,-306.586,-3010.0,332.5,-1111.25,1307.2,-133.76,167.2
1213419.853,942.267,-160.735,-320.616,-2100.0,-376.25,-1102.5,1302.64,-120.08,174.8
1213419.903,931.897,-155.672,-297.375,-1942.5,2703.75,-1146.25,1304.16,-117.04,156.56
1213419.953,945.317,-161.589,-311.954,-105.0,-96.25,-1715.0,1316.32,-133.76,164.16
1213420.003,925.126,-148.657,-305.549,-1435.0,-568.75,-1688.75,1295.04,-123.12,159.6
1213420.053,952.759,-155.916,-318.054,-2721.25,262.5,-1960.0,1308.72,-115.52,174.8
1213420.103,936.472,-152.866,-302.682,-2397.5,43.75,-568.75,1308.72,-123.12,170.24
1213420.153,931.043,-161.345,-302.133,-1575.0,936.25,-1373.75,1293.52,-118.56,173.28
1213420.203,941.596,-160.979,-302.133,-516.25,26.25,-1443.75,1320.88,-130.72,168.72
1213420.253,933.483,-148.352,-301.523,-735.0,-717.5,-2161.25,1308.72,-130.72,164.16
1213420.303,927.261,-147.864,-304.878,-3491.25,-1636.25,-752.5,1307.2,-123.12,167.2
1213420.353,946.354,-163.907,-310.856,-2283.75,-1102.5,271.25,1307.2,-120.08,152.0
1213420.403,930.372,-164.334,-307.989,-148.75,87.5,-2318.75,1298.08,-127.68,162.64
1213420.453,950.38,-150.426,-309.392,148.75,875.0,-2388.75,1301.12,-112.48,162.64
1213420.503,932.446,-148.352,-299.51,-2625.0,1076.25,-1163.75,1292.0,-130.72,182.4
1213420.553,932.141,-160.308,-302.804,-1723.75,-2966.25,-638.75,1307.2,-120.08,179.36
1213420.603,934.825,-162.199,-298.046,-875.0,1242.5,-1680.0,1322.4,-123.12,162.64
1213420.653,941.779,-153.537,-303.414,35.0,-638.75,-1093.75,1317.84,-133.76,182.4
1213420.703,942.999,-154.086,-301.584,-1461.25,-35.0,-1846.25,1313.28,-118.56,164.16
1213420.753,930.128,-154.086,-298.107,-2651.25,-656.25,-708.75,1320.88,-127.68,183.92
1213420.803,945.927,-152.5,-307.684,-1933.75,-560.0,-516.25,1296.56,-126.16,150.48
1213420.853,927.139,-167.079,-292.678,-2117.5,-280.0,-945.0,1313.28,-127.68,173.28
1213420.903,951.905,-162.809,-307.257,350.0,-1636.25,-2301.25,1298.08,-121.6,180.88
1213420.953,924.516,-148.657,-306.037,-2292.5,-638.75,-892.5,1314.8,-124.64,159.6
1213421.003,951.539,-158.234,-309.575,-2283.75,-1741.25,-2091.25,1293.52,-133.76,171.76
1213421.053,925.98,-142.679,-309.209,-2555.0,-831.25,-778.75,1314.8,-127.68,156.56
1213421.103,939.766,-165.31,-301.401,-1268.75,1793.75,-1408.75,1308.72,-127.68,177.84
1213421.153,937.021,-156.404,-301.889,-183.75,1163.75,-1706.25,1307.2,-121.6,171.76
1213421.203,937.448,-150.304,-296.765,-428.75,218.75,-1496.25,1314.8,-126.16,179.36
1213421.253,947.635,-148.352,-299.51,-2537.5,131.25,-1522.5,1299.6,-124.64,161.12
1213421.303,942.816,-151.158,-294.02,-2380.0,-455.0,-262.5,1310.24,-124.64,180.88
1213421.353,923.113,-165.493,-294.203,-1041.25,656.25,-980.0,1301.12,-127.68,165.68
1213421.403,959.896,-151.646,-303.658,-52.5,-35.0,-2642.5,1313.28,-135.28,158.08
1213421.453,939.583,-147.498,-296.399,-1872.5,1137.5,-1137.5,1298.08,-129.2,188.48
1213421.503,931.531,-161.345,-293.898,-2161.25,-1163.75,-988.75,1310.24,-117.04,170.24
1213421.553,951.051,-157.929,-297.07,-288.75,446.25,-1058.75,1304.16,-121.6,173.28
1213421.603,933.361,-157.685,-298.656,-1321.25,-612.5,-1067.5,1301.12,-123.12,159.6
1213421.653,947.391,-154.147,-297.924,-420.0,-227.5,-1680.0,1314.8,-118.56,158.08
1213421.703,929.518,-146.827,-296.948,-2318.75,-210.0,-1505.0,1307.2,-124.64,168.72
1213421.753,948.428,-163.358,-305.976,-1732.5,-1365.0,-1181.25,1307.2,-129.2,171.76
1213421.803,934.459,-154.696,-292.922,-1890.0,1890.0,-1942.5,1299.6,-123.12,161.12
1213421.853,946.11,-157.807,-298.168,-1487.5,-157.5,-1618.75,1317.84,-124.64,165.68
1213421.903,933.117,-155.855,-285.785,-1688.75,-218.75,-1452.5,1308.72,-132.24,158.08
1213421.953,945.561,-159.088,-297.131,-1330.0,-1365.0,-2056.25,1313.28,-133.76,171.76
1213422.003,940.681,-151.829,-297.558,-2905.0,-1601.25,-1058.75,1301.12,-118.56,179.36
1213422.053,942.389,-153.72,-300.425,-3045.0,-306.25,-656.25,1308.72,-124.64,164.16
1213422.103,945.561,-161.772,-302.133,-402.5,-1382.5,-1802.5,1310.24,-121.6,164.16
1213422.153,938.912,-144.204,-294.386,-752.5,-218.75,-1216.25,1308.72,-129.2,171.76
1213422.203,937.448,-154.452,-293.959,-1960.0,-533.75,-1557.5,1307.2,-123.12,180.88
1213422.253,942.694,-149.389,-295.179,-1846.25,-1610.0,-936.25,1298.08,-121.6,171.76
1213422.303,939.705,-152.195,-300.425,-2187.5,-1277.5,-796.25,1314.8,-129.2,176.32
1213422.353,944.951,-159.942,-304.268,122.5,-1058.75,-1907.5,1302.64,-126.16,173.28
1213422.403,937.936,-143.838,-301.096,-1365.0,-612.5,-1391.25,1311.76,-130.72,171.76
1213422.453,937.265,-157.197,-302.438,-3237.5,-770.0,-665.0,1308.72,-118.56,180.88
1213422.503,937.265,-157.99,-298.9,-1067.5,-945.0,-1391.25,1314.8,-123.12,161.12
1213422.553,931.714,-149.633,-298.107,-848.75,-2555.0,-1015.0,1317.84,-124.64,167.2
1213422.603,939.949,-155.062,-306.342,-1163.75,-4576.25,-428.75,1293.52,-120.08,173.28
1213422.653,940.559,-152.378,-305.854,-1898.75,-3535.0,-367.5,1307.2,-123.12,171.76
1213422.703,930.128,-158.356,-301.95,-2257.5,-4585.0,105.0,1298.08,-124.64,150.48
1213422.753,934.642,-159.454,-306.159,-1951.25,-5460.0,-516.25,1302.64,-127.68,170.24
1213422.803,934.093,-161.101,-317.627,-1531.25,-5398.75,-647.5,1292.0,-132.24,168.72
1213422.853,926.224,-165.859,-323.971,-367.5,-6510.0,-1715.0,1320.88,-129.2,168.72
1213422.903,903.593,-177.327,-321.348,-271.25,-6667.5,-1365.0,1295.04,-133.76,156.56
1213422.953,901.031,-227.713,-321.592,8732.5,-18812.5,-7420.0,1313.28,-130.72,153.52
1213423.003,859.002,-355.752,-309.331,32418.75,-31517.5,-20028.75,1308.72,-130.72,138.32
1213423.053,855.22,-252.601,-381.25,71846.25,-43268.75,-43085.0,1295.04,-114.0,124.64
1213423.103,845.277,-244.244,-407.053,101850.0,-61591.25,-55142.5,1279.84,-115.52,97.28
1213423.153,848.998,-180.621,-472.933,120531.25,-67121.25,-63498.75,1272.24,-114.0,71.44
1213423.203,873.337,-81.679,-538.508,122745.0,-62151.25,-66185.0,1243.36,-127.68,36.48
1213423.253,868.457,-66.002,-548.695,108088.75,-51476.25,-54363.75,1220.56,-117.04,12.16
1213423.303,858.331,-40.077,-567.361,75862.5,-31613.75,-33241.25,1220.56,-121.6,-6.08
1213423.353,862.54,-89.548,-572.729,55378.75,-21385.0,-21542.5,1191.68,-147.44,-15.2
1213423.403,854.549,-113.399,-571.814,46235.0,-6282.5,-14262.5,1211.44,-147.44,-18.24
1213423.453,822.219,-147.315,-544.059,34965.0,-2808.75,-7385.0,1205.36,-159.6,-18.24
1213423.503,830.881,-182.573,-532.835,20930.0,1977.5,717.5,1203.84,-164.16,-24.32
1213423.553,830.82,-221.003,-519.049,20501.25,3027.5,-341.25,1208.4,-174.8,-15.2
1213423.603,832.833,-214.354,-504.531,16248.75,3578.75,-1487.5,1205.36,-180.88,-24.32
1213423.653,826.855,-225.334,-478.301,10998.75,5985.0,78.75,1208.4,-179.36,-4.56
1213423.703,831.003,-219.478,-474.397,7402.5,5101.25,-157.5,1208.4,-190.0,-28.88
1213423.753,839.787,-245.647,-469.944,4173.75,1627.5,105.0,1212.96,-191.52,-10.64
1213423.803,839.848,-243.695,-473.665,2616.25,813.75,-245.0,1205.36,-191.52,-28.88
1213423.853,838.445,-241.072,-475.8,1120.0,971.25,673.75,1220.56,-196.08,-15.2
1213423.903,835.517,-248.209,-475.129,78.75,35.0,883.75,1202.32,-205.2,-16.72
1213423.953,835.395,-254.248,-476.044,-673.75,341.25,1382.5,1212.96,-190.0,-16.72
1213424.003,840.519,-261.202,-477.508,-848.75,953.75,140.0,1223.6,-202.16,-4.56
1213424.053,842.044,-253.089,-474.397,35.0,1338.75,-70.0,1209.92,-202.16,-18.24
1213424.103,837.835,-263.093,-468.297,-1548.75,367.5,262.5,1220.56,-206.72,-10.64
1213424.153,841.8,-253.638,-467.687,236.25,-236.25,350.0,1205.36,-191.52,-18.24
1213424.203,836.798,-260.592,-467.748,-1496.25,-1960.0,761.25,1212.96,-196.08,-18.24
1213424.253,836.92,-257.664,-473.238,-1575.0,-1058.75,831.25,1209.92,-208.24,-9.12
1213424.303,842.349,-257.42,-475.373,-4550.0,-175.0,910.0,1208.4,-206.72,-21.28
1213424.353,834.846,-265.655,-472.872,-4943.75,350.0,1400.0,1206.88,-206.72,-16.72
1213424.403,830.21,-263.642,-471.103,-4803.75,420.0,2161.25,1214.48,-194.56,-15.2
1213424.453,836.066,-274.256,-472.323,-3640.0,-1487.5,883.75,1211.44,-196.08,-6.08
1213424.503,836.676,-268.766,-475.739,-3228.75,-875.0,638.75,1187.12,-200.64,-16.72
1213424.553,829.234,-267.485,-474.214,-4987.5,-1478.75,796.25,1209.92,-196.08,-1.52
1213424.603,830.698,-273.585,-476.288,-4138.75,-1260.0,96.25,1199.28,-212.8,-15.2
1213424.653,832.65,-269.559,-481.168,-2520.0,-166.25,-1426.25,1214.48,-202.16,3.04
1213424.703,834.663,-266.936,-480.375,-1382.5,805.0,-1907.5,1197.76,-203.68,-22.8
1213424.753,832.406,-258.823,-481.046,-1181.25,1050.0,-1557.5,1202.32,-199.12,3.04
1213424.803,833.87,-266.387,-477.386,-988.75,533.75,-1067.5,1212.96,-205.2,-16.72
1213424.853,834.602,-260.897,-479.094,-481.25,411.25,-901.25,1209.92,-193.04,-3.04
1213424.903,833.626,-265.35,-471.591,-1435.0,901.25,-332.5,1211.44,-215.84,-15.2
1213424.953,834.175,-273.036,-471.042,-945.0,52.5,-621.25,1203.84,-199.12,-18.24
1213425.003,836.371,-262.117,-474.458,-1671.25,-17.5,-1006.25,1219.04,-209.76,15.2
1213425.053,835.212,-268.034,-470.737,-1505.0,341.25,-778.75,1208.4,-193.04,-16.72
1213425.103,832.04,-266.082,-470.249,-1933.75,490.0,-866.25,1223.6,-205.2,7.6
1213425.153,833.992,-273.951,-466.833,-1023.75,-420.0,-612.5,1211.44,-191.52,-15.2
1213425.203,836.31,-273.402,-473.421,-1260.0,-498.75,-840.0,1219.04,-217.36,-9.12
1213425.253,834.358,-266.387,-471.53,-1242.5,-1225.0,-1260.0,1208.4,-209.76,-3.04
1213425.303,836.859,-267.18,-474.519,-1645.0,-813.75,-883.75,1219.04,-194.56,-15.2
1213425.353,832.284,-269.986,-472.872,-2283.75,-831.25,-1050.0,1220.56,-200.64,-4.56
1213425.403,832.528,-269.864,-475.312,-2275.0,-857.5,-1356.25,1202.32,-196.08,-9.12
1213425.453,835.273,-265.594,-478.911,-1697.5,-516.25,-1190.0,1217.52,-214.32,-7.6
1213425.503,834.236,-269.62,-475.007,-1435.0,-315.0,-1155.0,1217.52,-208.24,-3.04
1213425.553,835.456,-269.01,-477.264,-1356.25,-43.75,-1181.25,1219.04,-200.64,-9.12
1213425.603,837.652,-265.899,-472.384,-1977.5,201.25,-1050.0,1211.44,-208.24,7.6
1213425.653,831.125,-269.254,-473.177,-2117.5,236.25,-1015.0,1203.84,-197.6,-6.08
1213425.703,832.772,-268.949,-471.835,-210.0,-647.5,-1260.0,1212.96,-206.72,1.52
1213425.753,837.896,-267.79,-473.421,-1408.75,-630.0,-1163.75,1214.48,-202.16,-12.16
1213425.803,837.225,-264.679,-468.663,-1758.75,665.0,-1513.75,1220.56,-221.92,3.04
1213425.853,830.027,-270.84,-468.968,-1627.5,-17.5,-542.5,1205.36,-200.64,1.52
1213425.903,833.626,-273.646,-469.334,-1557.5,-612.5,-761.25,1208.4,-205.2,-7.6
1213425.953,837.103,-267.79,-470.798,-2528.75,78.75,-140.0,1206.88,-203.68,-16.72
1213426.003,831.979,-274.317,-471.957,-3631.25,210.0,-332.5,1225.12,-214.32,7.6
1213426.053,835.822,-270.291,-472.872,-2870.0,-201.25,-1111.25,1220.56,-220.4,-10.64
1213426.103,834.236,-269.742,-475.739,-2957.5,-61.25,-1338.75,1209.92,-203.68,-6.08
1213426.153,840.214,-263.764,-477.142,-3543.75,621.25,-743.75,1208.4,-202.16,-13.68
1213426.203,843.63,-246.379,-475.678,-7280.0,1942.5,1505.0,1212.96,-202.16,-15.2
1213426.253,838.994,-248.27,-471.469,-11856.25,3368.75,4016.25,1232.72,-199.12,3.04
1213426.303,852.658,-214.659,-477.63,-17167.5,4576.25,7148.75,1199.28,-193.04,-13.68
1213426.353,871.263,-170.739,-494.283,-31876.25,10885.0,15023.75,1205.36,-214.32,3.04
1213426.403,863.333,-192.821,-502.701,-58598.75,23248.75,29347.5,1202.32,-190.0,-9.12
1213426.453,826.855,-221.857,-490.501,-69518.75,27763.75,34956.25,1235.76,-185.44,7.6
1213426.503,834.541,-279.258,-484.157,-73473.75,27676.25,37555.0,1220.56,-188.48,33.44
1213426.553,819.596,-303.048,-468.907,-67733.75,26521.25,34081.25,1237.28,-186.96,7.6
1213426.603,833.138,-299.266,-467.931,-58651.25,25366.25,30327.5,1247.92,-182.4,42.56
1213426.653,826.184,-294.996,-463.661,-50216.25,23310.0,25357.5,1250.96,-182.4,36.48
1213426.703,821.731,-305.366,-451.217,-45281.25,17027.5,20492.5,1263.12,-183.92,45.6
1213426.753,850.157,-302.987,-439.871,-33932.5,14945.0,13160.0,1260.08,-177.84,54.72
1213426.803,854.61,-297.192,-430.721,-27685.0,14096.25,8321.25,1276.8,-180.88,54.72
1213426.853,857.355,-281.271,-420.595,-18821.25,11725.0,3640.0,1261.6,-180.88,77.52
1213426.903,856.745,-268.461,-416.142,-14708.75,7455.0,568.75,1275.28,-168.72,63.84
1213426.953,862.052,-259.372,-421.144,-11777.5,6352.5,-157.5,1269.2,-173.28,80.56
1213427.003,868.64,-257.176,-417.179,-9012.5,4173.75,-1085.0,1272.24,-188.48,59.28
1213427.053,873.764,-247.965,-420.717,-7813.75,4296.25,-1522.5,1282.88,-168.72,83.6
1213427.103,871.507,-242.17,-424.499,-7070.0,3447.5,-1443.75,1252.48,-171.76,72.96
1213427.153,880.535,-241.56,-417.484,-7323.75,5188.75,-1295.0,1270.72,-173.28,88.16
1213427.203,868.884,-231.8,-410.957,-8076.25,5040.0,-1513.75,1272.24,-174.8,86.64
1213427.253,876.326,-232.654,-408.395,-8828.75,4235.0,-971.25,1279.84,-171.76,85.12
1213427.303,886.94,-225.944,-410.164,-10246.25,5635.0,17.5,1272.24,-173.28,94.24
1213427.353,907.436,-207.522,-409.249,-11541.25,9913.75,2301.25,1276.8,-171.76,85.12
1213427.403,905.118,-196.481,-412.604,-17727.5,16826.25,6650.0,1295.04,-183.92,98.8
1213427.453,907.558,-205.814,-401.685,-24456.25,22522.5,11410.0,1276.8,-159.6,91.2
1213427.503,879.925,-226.554,-387.167,-27877.5,24998.75,13667.5,1292.0,-162.64,106.4
1213427.553,879.986,-246.562,-363.316,-28787.5,21297.5,12643.75,1295.04,-176.32,110.96
1213427.603,868.579,-264.74,-350.323,-26538.75,16012.5,10631.25,1308.72,-176.32,130.72
1213427.653,893.345,-279.624,-339.282,-19197.5,9108.75,6230.0,1299.6,-168.72,138.32
1213427.703,908.229,-274.256,-335.378,-10745.0,7901.25,175.0,1304.16,-165.68,120.08
1213427.753,899.506,-260.104,-327.387,-6168.75,6387.5,-2511.25,1296.56,-162.64,144.4
1213427.803,919.453,-239.181,-324.947,-4768.75,7586.25,-3158.75,1284.4,-168.72,153.52
1213427.853,908.595,-231.495,-315.736,-3998.75,7490.0,-2458.75,1310.24,-170.24,150.48
1213427.903,914.451,-227.469,-315.675,-6133.75,5626.25,-1907.5,1298.08,-167.2,145.92
1213427.953,925.736,-234.545,-315.736,-5713.75,5635.0,-2178.75,1304.16,-167.2,155.04
1213428.003,912.804,-227.591,-312.137,-4655.0,3360.0,-1400.0,1308.72,-165.68,148.96
1213428.053,917.257,-229.177,-314.516,-4970.0,2581.25,-1767.5,1293.52,-167.2,158.08
1213428.103,918.66,-233.691,-310.185,-2738.75,2065.0,-2327.5,1319.36,-177.84,164.16
1213428.153,917.989,-223.626,-310.185,-997.5,1461.25,-2178.75,1304.16,-158.08,171.76
1213428.203,921.283,-220.759,-308.172,-848.75,1041.25,-1732.5,1328.48,-155.04,158.08
1213428.253,925.248,-222.955,-299.937,-297.5,1303.75,-1706.25,1307.2,-168.72,165.68
1213428.303,916.891,-219.966,-297.253,315.0,385.0,-253.75,1310.24,-173.28,147.44
1213428.353,920.917,-231.007,-297.802,490.0,-1995.0,236.25,1313.28,-161.12,167.2
1213428.403,929.762,-235.338,-304.512,393.75,-2021.25,-866.25,1301.12,-179.36,150.48
1213428.453,922.442,-239.608,-297.985,708.75,-700.0,-1023.75,1316.32,-165.68,171.76
1213428.503,923.723,-230.702,-302.011,376.25,-717.5,-2310.0,1296.56,-164.16,156.56
1213428.553,919.88,-230.519,-304.329,-455.0,-787.5,-2240.0,1305.68,-168.72,161.12
1213428.603,920.124,-230.214,-305.427,-1916.25,-883.75,-945.0,1305.68,-173.28,168.72
1213428.653,920.673,-229.421,-304.512,-2380.0,-1671.25,-1155.0,1308.72,-168.72,159.6
1213428.703,921.466,-231.861,-306.464,-1828.75,-1408.75,-910.0,1313.28,-170.24,168.72
1213428.753,920.063,-236.192,-308.05,-1977.5,-1916.25,-1356.25,1301.12,-164.16,156.56
1213428.803,922.991,-236.436,-310.185,-1015.0,-1505.0,-1828.75,1305.68,-171.76,156.56
1213428.853,920.002,-220.759,-306.952,-1820.0,-1312.5,-1802.5,1301.12,-165.68,145.92
1213428.903,921.527,-224.724,-310.307,-3001.25,-892.5,-1382.5,1317.84,-179.36,168.72
1213428.953,920.551,-232.471,-313.601,-1732.5,-78.75,-2003.75,1305.68,-162.64,152.0
1213429.003,918.782,-221.186,-309.453,-1505.0,-1050.0,-1793.75,1307.2,-161.12,156.56
1213429.053,920.429,-232.349,-309.514,-1522.5,-630.0,-717.5,1292.0,-171.76,171.76
1213429.103,918.416,-233.447,-307.562,-936.25,-1085.0,-1408.75,1305.68,-162.64,150.48
1213429.153,915.366,-230.214,-312.442,-350.0,-1881.25,-1286.25,1319.36,-165.68,156.56
1213429.203,921.039,-235.826,-318.969,-726.25,-1881.25,-988.75,1302.64,-152.0,145.92
1213429.253,916.952,-237.351,-317.261,-166.25,-1408.75,-1417.5,1308.72,-161.12,162.64
1213429.303,919.148,-234.057,-315.492,140.0,-778.75,-2073.75,1299.6,-167.2,145.92
1213429.353,914.024,-226.127,-312.259,-1268.75,-796.25,-2003.75,1307.2,-165.68,158.08
1213429.403,920.124,-227.896,-317.139,-2301.25,-1128.75,-2065.0,1298.08,-167.2,158.08
1213429.453,920.856,-226.371,-314.943,-2371.25,-997.5,-2117.5,1293.52,-171.76,161.12
1213429.503,916.891,-227.652,-313.784,-2275.0,-805.0,-1785.0,1299.6,-168.72,161.12
1213429.553,918.782,-234.911,-319.335,-1618.75,-446.25,-1898.75,1298.08,-168.72,155.04
1213429.603,913.597,-231.373,-317.627,-700.0,-1487.5,-2056.25,1316.32,-168.72,161.12
1213429.653,921.283,-230.031,-316.346,-280.0,297.5,-2756.25,1288.96,-165.68,152.0
1213429.703,913.841,-219.051,-311.71,-507.5,105.0,-2590.0,1308.72,-162.64,167.2
1213429.753,915.976,-222.406,-316.468,-2301.25,-1811.25,-2318.75,1281.36,-158.08,147.44
1213429.803,926.224,-218.99,-319.396,-2651.25,-848.75,-2336.25,1302.64,-156.56,153.52
1213429.853,921.161,-221.003,-319.518,-2598.75,-603.75,-2126.25,1304.16,-155.04,153.52
1213429.903,918.599,-217.038,-319.274,-2248.75,-796.25,-1960.0,1301.12,-147.44,142.88
1213429.953,921.832,-217.465,-320.128,-2502.5,-8.75,-1793.75,1302.64,-158.08,161.12
1213430.003,919.636,-219.905,-321.531,-1645.0,-306.25,-1750.0,1295.04,-150.48,155.04
1213430.053,920.124,-219.6,-319.213,-1181.25,-358.75,-1863.75,1317.84,-173.28,159.6
1213430.103,918.904,-214.049,-318.054,-717.5,-175.0,-1767.5,1304.16,-164.16,150.48
1213430.153,921.649,-215.696,-315.858,-1015.0,52.5,-1268.75,1298.08,-152.0,156.56
1213430.203,914.512,-220.881,-318.725,-770.0,-166.25,-603.75,1317.84,-159.6,161.12
1213430.253,924.333,-222.101,-318.664,-805.0,568.75,-1067.5,1299.6,-148.96,158.08
1213430.303,920.002,-219.783,-315.553,-140.0,297.5,-691.25,1310.24,-165.68,167.2
1213430.353,913.658,-226.554,-311.039,-280.0,-691.25,-778.75,1296.56,-152.0,155.04
1213430.403,922.137,-223.687,-317.932,-323.75,-1128.75,-1487.5,1305.68,-170.24,165.68
1213430.453,921.1,-222.772,-317.749,-568.75,-1365.0,-1697.5,1311.76,-156.56,158.08
1213430.503,919.392,-219.356,-315.614,-1995.0,-437.5,-1942.5,1296.56,-156.56,165.68
1213430.553,919.758,-218.38,-315.004,-2170.0,-498.75,-1583.75,1305.68,-170.24,153.52
1213430.603,918.599,-220.881,-315.492,-1566.25,-332.5,-1470.0,1284.4,-174.8,155.04
1213430.653,920.734,-218.685,-316.407,-1435.0,-472.5,-1662.5,1310.24,-167.2,159.6
1213430.703,919.636,-219.6,-317.688,-1181.25,-402.5,-1513.75,1292.0,-150.48,155.04
1213430.753,920.307,-221.308,-315.553,-761.25,-647.5,-1706.25,1311.76,-159.6,150.48
1213430.803,920.612,-217.404,-315.004,-1207.5,113.75,-1286.25,1302.64,-155.04,152.0
1213430.853,917.44,-216.916,-317.505,-1741.25,-1163.75,-1557.5,1304.16,-153.52,144.4
1213430.903,917.867,-218.685,-315.065,-1260.0,-105.0,-1207.5,1299.6,-153.52,161.12
1213430.953,914.573,-220.393,-312.991,-1601.25,-472.5,-1085.0,1299.6,-164.16,156.56
1213431.003,916.342,-223.443,-317.444,-883.75,-1391.25,-918.75,1304.16,-162.64,161.12
1213431.053,923.357,-222.955,-321.531,-603.75,-1470.0,-1382.5,1295.04,-162.64,174.8
1213431.103,918.904,-217.404,-321.409,-1181.25,-1251.25,-1513.75,1302.64,-162.64,153.52
1213431.153,918.294,-219.234,-318.664,-1645.0,-796.25,-1233.75,1293.52,-165.68,159.6
1213431.203,921.527,-217.16,-318.542,-1793.75,-551.25,-1338.75,1299.6,-159.6,138.32
1213431.253,920.49,-220.698,-321.104,-1592.5,-420.0,-1487.5,1293.52,-155.04,150.48
1213431.303,916.891,-219.966,-320.494,-1417.5,-481.25,-1163.75,1299.6,-162.64,165.68
1213431.353,918.965,-220.698,-320.067,-1461.25,-140.0,-1207.5,1307.2,-153.52,158.08
1213431.403,916.708,-219.905,-319.03,-1513.75,-533.75,-1321.25,1290.48,-159.6,150.48
1213431.453,920.429,-218.197,-318.664,-1627.5,-542.5,-1163.75,1290.48,-156.56,158.08
1213431.503,914.939,-222.223,-318.237,-1198.75,-577.5,-1207.5,1305.68,-161.12,145.92
1213431.553,925.98,-219.6,-326.289,-1426.25,35.0,-1531.25,1316.32,-158.08,150.48
1213431.603,919.392,-218.868,-315.431,-1233.75,516.25,-568.75,1296.56,-162.64,155.04
1213431.653,910.303,-222.467,-311.283,-1207.5,-402.5,-831.25,1301.12,-162.64,147.44
1213431.703,924.15,-223.382,-319.518,-761.25,-1286.25,-1067.5,1299.6,-164.16,148.96
1213431.753,920.795,-221.613,-319.701,-778.75,-1785.0,-1023.75,1279.84,-148.96,141.36
1213431.803,919.88,-221.125,-320.433,-1251.25,-866.25,-1295.0,1307.2,-164.16,152.0
1213431.853,918.66,-223.26,-321.653,-1303.75,-901.25,-1172.5,1293.52,-156.56,168.72
1213431.903,916.647,-222.223,-320.616,-1330.0,-796.25,-910.0,1287.44,-158.08,148.96
1213431.953,919.209,-224.297,-319.884,-1207.5,-245.0,-1391.25,1316.32,-159.6,158.08
1213432.003,918.965,-224.48,-321.592,-1146.25,-288.75,-1251.25,1288.96,-161.12,147.44
1213432.053,915.732,-223.565,-318.908,-1452.5,-78.75,-1093.75,1305.68,-158.08,167.2
1213432.103,917.44,-225.578,-319.213,-1023.75,-595.0,-1330.0,1285.92,-155.04,152.0
1213432.153,917.257,-222.162,-318.115,-1391.25,-542.5,-1443.75,1311.76,-165.68,153.52
1213432.203,917.257,-220.393,-318.969,-1785.0,-1093.75,-1251.25,1296.56,-155.04,159.6
1213432.253,924.821,-229.97,-322.019,-1601.25,586.25,-1137.5,1290.48,-167.2,141.36
1213432.303,913.353,-224.053,-313.723,-805.0,70.0,-1566.25,1307.2,-167.2,153.52
1213432.353,912.926,-221.247,-316.224,-1137.5,-717.5,-1470.0,1284.4,-148.96,153.52
1213432.403,921.527,-226.859,-321.165,-1443.75,-595.0,-1513.75,1302.64,-164.16,159.6
1213432.453,920.124,-224.053,-320.616,-1242.5,-630.0,-1898.75,1285.92,-161.12,165.68
1213432.503,915.915,-221.308,-319.701,-1470.0,-1085.0,-1513.75,1305.68,-167.2,142.88
1213432.553,917.989,-225.212,-321.836,-1776.25,-411.25,-1426.25,1308.72,-152.0,158.08
1213432.603,916.342,-224.541,-318.542,-1111.25,-350.0,-1688.75,1276.8,-158.08,153.52
1213432.653,918.721,-222.162,-322.507,-1111.25,-140.0,-1776.25,1295.04,-168.72,158.08
1213432.703,916.098,-221.613,-317.993,-1111.25,-105.0,-1181.25,1301.12,-164.16,158.08
1213432.753,917.501,-224.846,-318.42,-945.0,-551.25,-1330.0,1296.56,-171.76,162.64
1213432.803,919.087,-223.077,-320.555,-1023.75,-962.5,-1645.0,1304.16,-159.6,164.16
1213432.853,919.453,-221.613,-320.799,-1610.0,-752.5,-1750.0,1305.68,-174.8,155.04
1213432.903,914.939,-221.918,-320.067,-1636.25,-1330.0,-1382.5,1311.76,-152.0,185.44
1213432.953,924.76,-225.151,-325.618,-1531.25,175.0,-1496.25,1292.0,-148.96,161.12
1213433.003,916.281,-222.711,-318.237,-1032.5,175.0,-1487.5,1301.12,-162.64,170.24
1213433.053,912.682,-224.114,-317.932,-1242.5,-612.5,-1443.75,1287.44,-165.68,148.96
1213433.103,921.161,-221.125,-321.714,-1382.5,-1198.75,-1601.25,1314.8,-161.12,150.48
1213433.153,916.281,-223.931,-321.531,-1233.75,-1102.5,-1601.25,1296.56,-167.2,147.44
1213433.203,915.305,-222.894,-321.592,-1400.0,-936.25,-1627.5,1304.16,-161.12,144.4
1213433.253,917.989,-219.112,-321.409,-1592.5,-516.25,-1382.5,1305.68,-156.56,158.08
1213433.303,919.026,-224.48,-319.579,-1513.75,-253.75,-1295.0,1299.6,-161.12,153.52
1213433.353,917.44,-220.82,-322.446,-1085.0,-236.25,-1373.75,1313.28,-165.68,159.6
1213433.403,920.185,-222.101,-319.396,-1312.5,-411.25,-1207.5,1295.04,-148.96,168.72
1213433.453,916.037,-223.931,-319.274,-1076.25,-778.75,-1225.0,1313.28,-164.16,159.6
1213433.503,915.183,-225.517,-319.762,-787.5,-1006.25,-1251.25,1287.44,-171.76,155.04
1213433.553,921.771,-221.796,-322.934,-1233.75,-988.75,-1330.0,1299.6,-159.6,153.52
1213433.603,918.294,-219.661,-324.581,-1811.25,-892.5,-1295.0,1307.2,-159.6,159.6
1213433.653,913.963,-225.883,-324.459,-1181.25,-997.5,-875.0,1287.44,-158.08,132.24
1213433.703,924.577,-228.445,-325.618,-1225.0,-140.0,-1461.25,1307.2,-173.28,158.08
1213433.753,916.159,-223.26,-320.86,-673.75,-183.75,-1338.75,1302.64,-159.6,136.8
1213433.803,911.523,-223.26,-319.701,-1557.5,-735.0,-1155.0,1301.12,-156.56,167.2
1213433.853,913.597,-224.236,-323.178,-1522.5,-1575.0,-1163.75,1296.56,-171.76,144.4
1213433.903,920.063,-225.273,-327.387,-1312.5,-1338.75,-1417.5,1304.16,-167.2,141.36
1213433.953,919.087,-222.894,-326.777,-2152.5,-656.25,-1592.5,1293.52,-161.12,158.08
1213434.003,914.146,-223.138,-326.472,-2047.5,-682.5,-1251.25,1285.92,-161.12,142.88
1213434.053,917.379,-228.567,-325.618,-953.75,-78.75,-1225.0,1302.64,-177.84,158.08
1213434.103,915.244,-224.907,-323.788,-953.75,-262.5,-1627.5,1293.52,-162.64,158.08
1213434.153,918.355,-220.576,-322.385,-1452.5,-402.5,-1268.75,1302.64,-159.6,167.2
1213434.203,915.427,-222.345,-322.812,-1592.5,-332.5,-1032.5,1307.2,-167.2,153.52
1213434.253,916.281,-224.175,-323.178,-1085.0,-568.75,-1443.75,1301.12,-159.6,153.52
1213434.303,917.684,-219.722,-324.276,-1487.5,-498.75,-866.25,1313.28,-164.16,167.2
1213434.353,917.684,-222.467,-323.727,-1627.5,-507.5,-778.75,1295.04,-159.6,148.96
1213434.403,916.037,-225.578,-322.812,-717.5,-708.75,-1032.5,1305.68,-159.6,164.16
1213434.453,914.939,-222.772,-324.032,-1085.0,-1575.0,-997.5,1298.08,-164.16,144.4
1213434.503,915.671,-227.896,-324.703,-1032.5,-2213.75,-638.75,1305.68,-164.16,153.52
1213434.553,924.211,-231.983,-326.045,-1251.25,-507.5,-980.0,1284.4,-158.08,152.0
1213434.603,915.305,-227.042,-324.154,-1128.75,-778.75,-1321.25,1296.56,-155.04,153.52
1213434.653,911.218,-230.153,-324.337,-1295.0,-1837.5,-778.75,1304.16,-167.2,150.48
1213434.703,916.708,-233.63,-332.511,-1198.75,-2038.75,-980.0,1293.52,-161.12,152.0
1213434.753,914.085,-229.726,-329.217,-1015.0,-1478.75,-1032.5,1308.72,-165.68,156.56
1213434.803,913.78,-227.591,-330.071,-1715.0,-997.5,-1382.5,1287.44,-164.16,136.8
1213434.853,912.621,-230.58,-330.681,-1846.25,-743.75,-1058.75,1302.64,-165.68,156.56
1213434.903,916.342,-230.58,-331.779,-1417.5,-682.5,-1496.25,1287.44,-159.6,152.0
1213434.953,915.671,-225.212,-330.925,-1575.0,-358.75,-1715.0,1299.6,-171.76,141.36
1213435.003,914.085,-226.249,-329.034,-1758.75,-253.75,-1382.5,1298.08,-158.08,153.52
1213435.053,911.645,-230.031,-331.596,-1443.75,-455.0,-1356.25,1296.56,-164.16,141.36
1213435.103,914.268,-226.92,-330.254,-1242.5,-831.25,-1356.25,1311.76,-167.2,152.0
1213435.153,915.061,-223.87,-332.328,-1295.0,-883.75,-1251.25,1282.88,-161.12,150.48
1213435.203,911.95,-229.726,-330.254,-1260.0,-735.0,-1155.0,1304.16,-171.76,152.0
1213435.253,913.963,-228.384,-330.01,-1181.25,-595.0,-1163.75,1284.4,-173.28,150.48
1213435.303,911.706,-228.323,-332.023,-980.0,-1207.5,-831.25,1292.0,-168.72,142.88
1213435.353,919.575,-229.97,-332.145,-1225.0,-533.75,-1627.5,1308.72,-167.2,152.0
1213435.403,911.767,-227.286,-326.045,-848.75,323.75,-1312.5,1295.04,-168.72,150.48
1213435.453,909.571,-229.543,-327.143,-1312.5,-918.75,-1146.25,1295.04,-173.28,152.0
1213435.503,915.305,-231.617,-327.631,-1767.5,-1268.75,-1190.0,1284.4,-168.72,152.0
1213435.553,913.902,-231.495,-333.609,-1032.5,-1146.25,-1277.5,1288.96,-156.56,168.72
1213435.603,911.462,-227.042,-331.291,-1277.5,-708.75,-1653.75,1292.0,-153.52,142.88
1213435.653,912.865,-228.689,-331.962,-1592.5,-551.25,-1233.75,1296.56,-158.08,141.36
1213435.703,912.499,-229.909,-334.707,-1592.5,-498.75,-1426.25,1302.64,-153.52,153.52
1213435.753,914.512,-228.201,-332.877,-1382.5,-577.5,-1802.5,1298.08,-158.08,127.68
1213435.803,914.634,-226.676,-331.474,-1671.25,-595.0,-1312.5,1308.72,-159.6,136.8
1213435.853,913.414,-230.763,-330.803,-1295.0,-673.75,-1137.5,1282.88,-159.6,152.0
1213435.903,911.706,-228.201,-335.073,-1067.5,-875.0,-1513.75,1307.2,-171.76,148.96
1213435.953,914.573,-227.591,-331.23,-796.25,-656.25,-1435.0,1304.16,-174.8,142.88
1213436.003,912.865,-227.957,-331.352,-1312.5,-752.5,-1207.5,1287.44,-173.28,142.88
1213436.053,911.157,-228.872,-334.036,-1408.75,-805.0,-1400.0,1296.56,-167.2,155.04
1213436.103,907.009,-230.153,-332.206,-1032.5,-1417.5,-1312.5,1298.08,-148.96,150.48
1213436.153,919.819,-235.094,-332.267,-1058.75,218.75,-1531.25,1314.8,-158.08,150.48
1213436.203,913.231,-227.347,-326.777,-778.75,-131.25,-1435.0,1279.84,-164.16,152.0
1213436.253,909.022,-231.922,-326.594,-2143.75,-1391.25,-1837.5,1298.08,-156.56,147.44
1213436.303,909.205,-221.857,-325.069,-1855.0,-1610.0,-2012.5,1314.8,-159.6,153.52
1213436.353,915.183,-236.68,-335.012,-1645.0,-1540.0,-612.5,1290.48,-156.56,138.32
1213436.403,913.475,-226.066,-339.892,-1286.25,-1802.5,-2213.75,1293.52,-162.64,158.08
1213436.453,909.754,-218.441,-341.539,-2240.0,-2511.25,-2213.75,1281.36,-167.2,145.92
1213436.503,917.318,-223.809,-353.556,-2493.75,-2607.5,-1592.5,1298.08,-168.72,152.0
1213436.553,917.867,-227.225,-342.21,-1820.0,-490.0,-1023.75,1290.48,-156.56,135.28
1213436.603,909.937,-228.811,-337.086,-577.5,551.25,-700.0,1311.76,-168.72,147.44
1213436.653,911.645,-229.604,-334.951,122.5,988.75,-402.5,1295.04,-173.28,153.52
1213436.703,910.73,-228.628,-336.964,-437.5,-3403.75,-2730.0,1284.4,-161.12,148.96
1213436.753,907.863,-217.526,-344.467,-542.5,-1863.75,-1977.5,1302.64,-162.64,144.4
1213436.803,914.817,-222.955,-335.439,-1050.0,1767.5,-253.75,1293.52,-164.16,135.28
1213436.853,909.449,-241.194,-339.587,-1846.25,-183.75,-805.0,1288.96,-168.72,156.56
1213436.903,903.166,-231.617,-333.914,691.25,-813.75,-2108.75,1299.6,-168.72,147.44
1213436.953,917.257,-221.796,-346.907,-1408.75,-1417.5,-1373.75,1302.64,-165.68,142.88
1213437.003,909.022,-226.737,-338.855,-691.25,-1155.0,-183.75,1304.16,-165.68,145.92
1213437.053,895.846,-231.068,-334.402,-1391.25,647.5,-1505.0,1295.04,-165.68,141.36
1213437.103,917.684,-239.547,-343.186,-822.5,-1732.5,-2038.75,1295.04,-174.8,145.92
1213437.153,907.192,-219.905,-335.134,-1601.25,1128.75,-1758.75,1290.48,-164.16,147.44
1213437.203,899.994,-221.918,-340.441,-2598.75,-2870.0,-945.0,1301.12,-167.2,129.2
1213437.253,917.074,-228.079,-337.879,-630.0,-490.0,-1872.5,1302.64,-164.16,162.64
1213437.303,901.885,-221.918,-337.94,-1802.5,-1225.0,-1828.75,1298.08,-162.64,142.88
1213437.353,923.662,-226.249,-343.857,-1172.5,-253.75,-1111.25,1304.16,-162.64,145.92
1213437.403,899.628,-219.112,-335.744,-3018.75,-332.5,-848.75,1296.56,-161.12,133.76
1213437.453,905.362,-237.717,-345.443,-1758.75,-3412.5,-1015.0,1305.68,-164.16,152.0
1213437.503,911.096,-218.99,-338.245,-1233.75,1645.0,-1295.0,1296.56,-165.68,147.44
1213437.553,904.63,-229.421,-339.099,-1933.75,892.5,-708.75,1299.6,-150.48,141.36
1213437.603,902.434,-223.138,-336.781,-621.25,17.5,-1207.5,1307.2,-174.8,150.48
1213437.653,927.444,-230.153,-346.541,-1400.0,-175.0,-1680.0,1288.96,-165.68,153.52
1213437.703,899.567,-223.382,-336.659,-1662.5,-1400.0,-787.5,1308.72,-165.68,155.04
1213437.753,905.118,-224.48,-330.254,-857.5,2056.25,-140.0,1299.6,-171.76,142.88
1213437.803,907.924,-236.985,-333.975,-1732.5,647.5,-437.5,1314.8,-165.68,152.0
1213437.853,903.837,-231.983,-331.901,96.25,-796.25,-2458.75,1299.6,-161.12,156.56
1213437.903,909.449,-217.526,-341.783,-2135.0,-3071.25,-2047.5,1295.04,-165.68,135.28
1213437.953,914.512,-222.223,-343.247,-2371.25,-2082.5,-761.25,1307.2,-180.88,142.88
1213438.003,909.449,-236.985,-343.247,-1837.5,962.5,-2135.0,1290.48,-159.6,135.28
1213438.053,917.44,-233.203,-343.369,-813.75,1032.5,-2668.75,1288.96,-164.16,150.48
1213438.103,901.824,-222.04,-331.657,-1732.5,157.5,-971.25,1290.48,-167.2,150.48
1213438.153,904.569,-230.214,-337.513,-1916.25,-1828.75,-516.25,1296.56,-165.68,130.72
1213438.203,920.185,-225.151,-337.513,-901.25,-271.25,-1146.25,1307.2,-171.76,144.4
1213438.253,899.994,-225.212,-334.89,-1933.75,971.25,-1382.5,1305.68,-167.2,145.92
1213438.303,925.797,-230.702,-343.491,-726.25,-875.0,-1636.25,1302.64,-162.64,155.04
1213438.353,901.336,-223.138,-330.498,-1487.5,87.5,-848.75,1296.56,-159.6,136.8
1213438.403,910.791,-238.205,-341.356,306.25,-1671.25,-1233.75,1307.2,-162.64,139.84
1213438.453,911.95,-221.918,-332.084,-463.75,2371.25,-1102.5,1298.08,-165.68,141.36
1213438.503,901.458,-236.07,-332.694,-936.25,297.5,-1050.0,1311.76,-152.0,135.28
1213438.553,907.985,-231.434,-332.572,341.25,-647.5,-1417.5,1276.8,-159.6,144.4
1213438.603,899.384,-228.506,-335.378,-1575.0,-3657.5,-1653.75,1284.4,-161.12,144.4
1213438.653,899.567,-224.785,-343.918,-2808.75,-2231.25,-700.0,1302.64,-162.64,156.56
1213438.703,916.586,-245.647,-339.404,-1198.75,901.25,-1137.5,1285.92,-165.68,138.32
1213438.753,908.534,-234.179,-339.526,-1085.0,1645.0,-1968.75,1296.56,-174.8,142.88
1213438.803,908.29,-237.534,-333.487,236.25,1137.5,-2038.75,1284.4,-171.76,141.36
1213438.853,912.987,-218.38,-334.219,-2415.0,-525.0,-3150.0,1296.56,-161.12,132.24
1213438.903,905.057,-230.336,-333.365,-4480.0,-3806.25,-192.5,1293.52,-164.16,136.8
1213438.953,911.95,-233.508,-341.173,-2677.5,-1741.25,-1006.25,1288.96,-161.12,130.72
1213439.003,917.135,-239.486,-342.21,875.0,-131.25,-1820.0,1307.2,-168.72,152.0
1213439.053,910.791,-212.829,-334.646,-1303.75,1321.25,-2065.0,1298.08,-164.16,130.72
1213439.103,899.75,-225.09,-339.221,-2861.25,-1347.5,-323.75,1307.2,-162.64,141.36
1213439.153,917.013,-238.998,-338.062,-1627.5,-367.5,-1715.0,1285.92,-165.68,127.68
1213439.203,896.883,-230.946,-340.929,-17.5,-1785.0,-2091.25,1298.08,-167.2,161.12
1213439.253,921.039,-222.04,-345.565,402.5,-166.25,-1321.25,1302.64,-167.2,150.48
1213439.303,901.702,-218.929,-340.563,-2126.25,43.75,-1461.25,1301.12,-152.0,144.4
1213439.353,914.39,-233.752,-347.334,-1898.75,-1137.5,-1137.5,1290.48,-173.28,141.36
1213439.403,920.917,-227.53,-337.757,-1828.75,2695.0,-1338.75,1299.6,-159.6,130.72
1213439.453,907.558,-241.621,-332.206,-376.25,350.0,-1093.75,1304.16,-164.16,138.32
1213439.503,901.702,-225.09,-331.657,-192.5,-1732.5,-1855.0,1287.44,-168.72,133.76
1213439.553,922.625,-226.981,-342.454,-1435.0,-822.5,-1863.75,1296.56,-165.68,145.92
1213439.603,923.174,-224.785,-344.589,-3438.75,-691.25,-761.25,1287.44,-164.16,162.64
1213439.653,904.813,-230.946,-331.413,-2065.0,1855.0,-428.75,1285.92,-159.6,136.8
1213439.703,909.876,-246.684,-334.158,778.75,-385.0,-1758.75,1296.56,-156.56,135.28
1213439.753,912.804,-228.14,-334.951,1636.25,-253.75,-2765.0,1299.6,-161.12,138.32
1213439.803,906.399,-213.988,-341.234,-3675.0,-2896.25,-1260.0,1307.2,-171.76,148.96
1213439.853,919.575,-235.277,-341.722,-3027.5,-525.0,-822.5,1290.48,-168.72,145.92
1213439.903,899.384,-234.667,-344.894,-1470.0,-901.25,-1933.75,1308.72,-161.12,142.88
1213439.953,919.392,-221.979,-343.308,52.5,1461.25,-1881.25,1292.0,-162.64,133.76
1213440.003,907.863,-218.746,-337.208,-1995.0,1417.5,-1435.0,1285.92,-164.16,127.68
1213440.053,908.046,-234.606,-340.319,-1251.25,-1767.5,-1076.25,1296.56,-152.0,145.92
1213440.103,924.028,-227.774,-334.89,-691.25,910.0,-1303.75,1284.4,-161.12,123.12
1213440.153,903.959,-229.299,-335.073,-1076.25,-1758.75,-1496.25,1284.4,-156.56,147.44
1213440.203,907.741,-217.221,-335.988,-1540.0,1102.5,-1268.75,1285.92,-165.68,142.88
1213440.253,901.092,-228.262,-336.049,-3736.25,-761.25,-1225.0,1296.56,-155.04,135.28
1213440.303,923.967,-228.506,-335.988,-192.5,1093.75,-1496.25,1287.44,-174.8,141.36
1213440.353,894.565,-226.92,-327.875,-1400.0,1916.25,-1225.0,1296.56,-161.12,145.92
1213440.403,919.819,-229.604,-333.975,-857.5,-341.25,-1286.25,1305.68,-165.68,156.56
1213440.453,911.401,-224.907,-332.572,-1942.5,-1303.75,-2283.75,1282.88,-165.68,142.88
1213440.503,909.754,-223.321,-340.563,-2738.75,-3027.5,-1251.25,1301.12,-177.84,150.48
1213440.553,909.327,-226.859,-339.282,-1128.75,647.5,-1102.5,1290.48,-164.16,155.04
1213440.603,907.192,-234.85,-337.086,-1846.25,-87.5,-1251.25,1308.72,-168.72,147.44
1213440.653,910.791,-226.615,-333.731,-988.75,140.0,-3255.0,1284.4,-164.16,159.6
1213440.703,907.924,-214.476,-340.685,-2388.75,-1207.5,-1855.0,1316.32,-165.68,144.4
1213440.753,916.281,-233.935,-336.72,-2616.25,-1645.0,-621.25,1299.6,-170.24,153.52
1213440.803,904.569,-232.41,-337.391,-411.25,-1190.0,-1496.25,1293.52,-168.72,133.76
1213440.853,912.499,-221.735,-341.173,507.5,411.25,-1680.0,1305.68,-161.12,150.48
1213440.903,906.46,-224.663,-332.328,-1855.0,1522.5,-1128.75,1293.52,-165.68,139.84
1213440.953,903.166,-230.824,-332.206,-1470.0,-1601.25,-875.0,1299.6,-159.6,145.92
1213441.003,905.606,-229.299,-329.583,262.5,-201.25,-1137.5,1307.2,-173.28,153.52
1213441.053,905.362,-228.079,-335.5,-673.75,-2528.75,-2082.5,1295.04,-161.12,142.88
1213441.103,924.577,-220.759,-342.637,-1023.75,-542.5,-1041.25,1299.6,-162.64,150.48
1213441.153,900.604,-215.33,-337.513,-3535.0,-603.75,-1277.5,1290.48,-156.56,141.36
1213441.203,909.754,-245.403,-349.53,-1373.75,-2861.25,-1233.75,1298.08,-176.32,144.4
1213441.253,908.534,-211.609,-336.232,-157.5,2485.0,-1802.5,1285.92,-164.16,129.2
1213441.303,902.861,-228.567,-344.162,-1977.5,-1286.25,-323.75,1305.68,-167.2,141.36
1213441.353,902.861,-227.347,-336.537,-1330.0,227.5,-2240.0,1279.84,-167.2,136.8
1213441.403,911.34,-230.641,-340.38,-507.5,-726.25,-2721.25,1285.92,-162.64,136.8
1213441.453,909.205,-230.153,-338.245,-1242.5,-875.0,-1723.75,1293.52,-170.24,138.32
1213441.503,908.107,-214.659,-339.038,-1242.5,183.75,-1382.5,1285.92,-164.16,133.76
1213441.553,907.619,-239.486,-334.951,-1338.75,2100.0,157.5,1305.68,-161.12,145.92
1213441.603,903.471,-236.68,-328.851,385.0,8.75,-2222.5,1292.0,-167.2,145.92
1213441.653,906.338,-209.84,-337.025,-3928.75,-3106.25,-2170.0,1298.08,-164.16,144.4
1213441.703,916.83,-236.558,-343.674,-1330.0,-2642.5,-253.75,1292.0,-158.08,142.88
1213441.753,907.619,-221.125,-342.332,-1382.5,-131.25,-1181.25,1292.0,-147.44,135.28
1213441.803,914.756,-229.299,-343.064,-437.5,1408.75,-1522.5,1310.24,-167.2,145.92
1213441.853,907.68,-221.125,-338.428,-1531.25,1242.5,-2467.5,1276.8,-164.16,135.28
1213441.903,904.813,-225.944,-340.99,-2310.0,-1627.5,-1286.25,1305.68,-158.08,147.44
1213441.953,919.758,-228.628,-338.611,-1312.5,8.75,-1531.25,1293.52,-156.56,148.96
1213442.003,900.848,-224.541,-336.415,-848.75,-1548.75,-1968.75,1298.08,-164.16,152.0
1213442.053,919.819,-222.711,-342.637,-735.0,971.25,-1662.5,1288.96,-161.12,136.8
1213442.103,905.545,-220.21,-337.025,-848.75,726.25,-1347.5,1296.56,-159.6,144.4
1213442.153,908.961,-223.443,-336.11,-3351.25,831.25,-848.75,1302.64,-168.72,153.52
1213442.203,922.625,-239.852,-340.929,-621.25,-595.0,-1006.25,1307.2,-142.88,148.96
1213442.253,897.31,-215.879,-326.411,-192.5,656.25,-1330.0,1290.48,-148.96,159.6
1213442.303,912.133,-229.543,-340.563,-717.5,-1802.5,-1233.75,1288.96,-162.64,130.72
1213442.353,911.401,-229.177,-341.478,-1925.0,-1540.0,-1811.25,1307.2,-158.08,138.32
1213442.403,907.558,-217.221,-339.282,-2108.75,-1715.0,-2931.25,1293.52,-156.56,136.8
1213442.453,915.732,-220.82,-335.561,-2843.75,-988.75,-1478.75,1299.6,-161.12,150.48
1213442.503,908.168,-228.018,-335.134,-2607.5,-1662.5,-2677.5,1292.0,-150.48,150.48
1213442.553,913.048,-216.855,-334.524,-3990.0,-1968.75,-3543.75,1285.92,-150.48,130.72
1213442.603,915.183,-190.32,-337.025,-9423.75,-1592.5,-2922.5,1299.6,-162.64,138.32
1213442.653,912.621,-197.396,-340.807,-16922.5,-1356.25,-2100.0,1302.64,-165.68,133.76
1213442.703,905.85,-202.398,-350.14,-22522.5,-1540.0,-1286.25,1304.16,-155.04,144.4
1213442.753,915.183,-210.999,-364.78,-24325.0,-498.75,735.0,1302.64,-144.4,133.76
1213442.803,916.83,-210.511,-372.1,-21358.75,280.0,1172.5,1301.12,-156.56,159.6
1213442.853,913.353,-194.651,-368.989,-18191.25,3018.75,936.25,1285.92,-156.56,132.24
1213442.903,910.425,-182.695,-366.549,-19162.5,3526.25,787.5,1307.2,-139.84,133.76
1213442.953,922.259,-105.103,-360.388,-23432.5,4856.25,840.0,1293.52,-142.88,136.8
1213443.003,942.999,-103.395,-369.843,-50960.0,11296.25,9161.25,1296.56,-144.4,150.48
1213443.053,921.1,-143.411,-366.671,-68608.75,17736.25,10990.0,1308.72,-142.88,159.6
1213443.103,913.231,-196.542,-359.534,-70822.5,20440.0,10272.5,1295.04,-135.28,158.08
1213443.153,908.473,-167.079,-356.362,-65266.25,17718.75,9231.25,1298.08,-126.16,188.48
1213443.203,920.307,-158.844,-354.532,-57610.0,16327.5,7271.25,1302.64,-126.16,179.36
1213443.253,927.2,-149.023,-347.7,-51275.0,14630.0,4716.25,1326.96,-129.2,199.12
1213443.303,927.017,-133.468,-333.548,-45062.5,12871.25,1907.5,1320.88,-127.68,182.4
1213443.353,943.67,-127.002,-325.313,-37327.5,12425.0,-962.5,1319.36,-127.68,212.8
1213443.403,946.781,-87.596,-304.207,-31316.25,9642.5,-962.5,1311.76,-118.56,212.8
1213443.453,949.16,-85.949,-300.303,-27142.5,8583.75,-4418.75,1323.92,-114.0,208.24
1213443.503,951.539,-41.419,-298.351,-26573.75,4760.0,-2563.75,1317.84,-123.12,223.44
1213443.553,959.286,-30.683,-301.584,-25130.0,7157.5,708.75,1307.2,-101.84,224.96
1213443.603,958.737,-35.929,-300.486,-26871.25,9563.75,2073.75,1316.32,-112.48,241.68
1213443.653,961.848,-26.23,-293.959,-29916.25,10412.5,5818.75,1311.76,-114.0,231.04
1213443.703,965.752,-61.61,-288.469,-28656.25,13028.75,6431.25,1328.48,-121.6,249.28
1213443.753,950.075,-29.646,-274.195,-27413.75,10158.75,5915.0,1320.88,-130.72,249.28
1213443.803,966.118,-72.102,-275.72,-27483.75,9791.25,7481.25,1326.96,-115.52,252.32
1213443.853,951.356,-40.199,-271.877,-25112.5,7008.75,6422.5,1328.48,-118.56,273.6
1213443.903,962.031,-59.902,-279.258,-26495.0,8067.5,8137.5,1313.28,-126.16,252.32
1213443.953,968.253,-57.462,-280.539,-29356.25,10753.75,9310.0,1322.4,-127.68,284.24
1213444.003,970.449,-91.439,-264.496,-26346.25,17456.25,11410.0,1314.8,-133.76,282.72
1213444.053,964.288,-97.112,-248.087,-23616.25,17981.25,9861.25,1333.04,-148.96,293.36
1213444.103,991.982,-112.362,-226.493,-15916.25,19005.0,7988.75,1310.24,-148.96,290.32
1213444.153,960.994,-113.643,-196.664,-18725.0,14752.5,6868.75,1339.12,-150.48,297.92
1213444.203,956.907,-136.396,-183.488,-12626.25,7673.75,6746.25,1323.92,-150.48,314.64
1213444.253,967.765,-137.555,-178.73,-8557.5,7770.0,5110.0,1330.0,-159.6,323.76
1213444.303,959.347,-147.376,-175.07,-5320.0,4646.25,4707.5,1323.92,-173.28,328.32
1213444.353,984.723,-148.474,-161.833,2030.0,8933.75,3290.0,1331.52,-158.08,316.16
1213444.403,994.3,-147.071,-149.999,3946.25,9747.5,2143.75,1328.48,-171.76,328.32
1213444.453,981.917,-128.649,-119.682,6020.0,10368.75,-1636.25,1314.8,-170.24,319.2
1213444.503,963.556,-133.834,-108.702,3272.5,8820.0,-2555.0,1320.88,-174.8,334.4
1213444.553,954.406,-108.763,-111.203,6842.5,463.75,-5512.5,1311.76,-168.72,322.24
1213444.603,978.928,-111.325,-112.484,7341.25,1671.25,-4130.0,1328.48,-170.24,352.64
1213444.653,989.908,-110.654,-119.377,7612.5,3587.5,-3307.5,1313.28,-170.24,337.44
1213444.703,1005.158,-108.031,-126.819,13046.25,4165.0,-6230.0,1323.92,-167.2,343.52
1213444.753,1002.962,-92.903,-117.425,12180.0,1277.5,-4620.0,1328.48,-170.24,346.56
1213444.803,965.081,-94.855,-109.129,15470.0,166.25,-4340.0,1323.92,-159.6,337.44
1213444.853,987.468,-105.103,-114.558,16511.25,-1968.75,-2467.5,1337.6,-148.96,340.48
1213444.903,975.573,-133.529,-97.722,26083.75,166.25,1688.75,1331.52,-150.48,337.44
1213444.953,969.961,-126.575,-98.393,31972.5,-4523.75,3858.75,1326.96,-156.56,351.12
1213445.003,970.571,-147.376,-91.744,32970.0,-4558.75,4060.0,1305.68,-150.48,354.16
1213445.053,987.834,-162.016,-90.768,41151.25,-5810.0,-700.0,1325.44,-153.52,332.88
1213445.103,990.091,-123.769,-96.685,36312.5,-3167.5,-2511.25,1314.8,-156.56,329.84
1213445.153,977.403,-156.465,-119.377,36802.5,-10071.25,-4978.75,1319.36,-153.52,334.4
1213445.203,981.734,-125.05,-138.348,38648.75,-8198.75,-4348.75,1316.32,-156.56,334.4
1213445.253,963.312,-153.171,-161.772,49481.25,-12057.5,-2563.75,1316.32,-142.88,320.72
1213445.303,957.395,-99.186,-177.693,52255.0,-16240.0,2345.0,1317.84,-139.84,320.72
1213445.353,1001.132,-149.45,-213.805,49630.0,-20291.25,2038.75,1314.8,-148.96,296.4
1213445.403,1014.735,-134.566,-223.504,54022.5,-13667.5,-10578.75,1323.92,-139.84,305.52
1213445.453,979.66,-135.176,-192.15,49192.5,-13895.0,-14061.25,1298.08,-126.16,293.36
1213445.503,982.893,-126.941,-148.962,48527.5,-5075.0,-10132.5,1325.44,-135.28,284.24
1213445.553,985.455,-137.982,-131.394,45911.25,-7533.75,-9196.25,1313.28,-127.68,279.68
1213445.603,970.144,-132.248,-114.375,39392.5,-7236.25,-9275.0,1320.88,-130.72,288.8
1213445.653,997.472,-140.117,-101.992,34930.0,-2887.5,-6842.5,1296.56,-138.32,278.16
1213445.703,975.939,-134.566,-93.269,30415.0,-3228.75,-4760.0,1311.76,-123.12,267.52
1213445.753,973.926,-137.555,-96.868,24255.0,-3333.75,-2905.0,1308.72,-115.52,275.12
1213445.803,977.586,-148.23,-92.171,21402.5,-1356.25,-1750.0,1310.24,-129.2,261.44
1213445.853,970.388,-152.744,-92.293,18103.75,-43.75,988.75,1328.48,-130.72,270.56
1213445.903,967.704,-148.84,-103.578,11497.5,-6466.25,315.0,1310.24,-126.16,269.04
1213445.953,976.061,-162.199,-129.137,3736.25,-6107.5,-210.0,1310.24,-120.08,267.52
1213446.003,969.9,-163.053,-138.348,1837.5,-5101.25,-105.0,1323.92,-124.64,266.0
1213446.053,970.144,-171.532,-157.258,4103.75,-5145.0,271.25,1317.84,-121.6,256.88
1213446.103,996.374,-162.321,-167.628,560.0,-2896.25,-4226.25,1316.32,-133.76,269.04
1213446.153,995.642,-151.951,-168.177,-2975.0,813.75,-6186.25,1319.36,-123.12,249.28
1213446.203,994.178,-152.744,-140.239,-5643.75,5285.0,-5722.5,1317.84,-121.6,285.76
1213446.253,973.133,-142.313,-117.974,-6142.5,6011.25,-4322.5,1295.04,-112.48,273.6
1213446.303,963.373,-152.988,-101.992,-6282.5,595.0,-17.5,1305.68,-126.16,276.64
1213446.353,994.483,-164.7,-116.51,-4856.25,2143.75,420.0,1302.64,-118.56,276.64
1213446.403,968.802,-171.349,-112.423,-3281.25,1233.75,-402.5,1320.88,-127.68,279.68
1213446.453,981.307,-168.726,-114.497,-2117.5,-1583.75,-840.0,1307.2,-129.2,273.6
1213446.503,962.763,-159.393,-123.403,-3718.75,-4681.25,-2878.75,1311.76,-109.44,278.16
1213446.553,992.531,-158.356,-140.971,-5442.5,-4900.0,-3998.75,1301.12,-124.64,273.6
1213446.603,988.2,-162.87,-138.104,-3526.25,183.75,-2388.75,1323.92,-109.44,267.52
1213446.653,987.102,-162.809,-134.322,-3981.25,1828.75,-1146.25,1313.28,-127.68,287.28
1213446.703,980.209,-163.785,-124.318,-2572.5,3718.75,-1837.5,1310.24,-132.24,261.44
1213446.753,970.998,-144.265,-118.645,-2196.25,2502.5,-2782.5,1310.24,-117.04,256.88
1213446.803,982.283,-141.337,-123.891,-3657.5,2432.5,-1715.0,1302.64,-123.12,278.16
1213446.853,989.481,-148.901,-120.902,-3998.75,2668.75,-1233.75,1319.36,-129.2,276.64
1213446.903,975.268,-148.169,-121.756,-4803.75,-1592.5,-1382.5,1333.04,-121.6,296.4
1213446.953,992.165,-145.912,-122.671,-3937.5,-752.5,-988.75,1319.36,-117.04,262.96
1213447.003,971.547,-143.167,-116.937,-5031.25,796.25,-96.25,1334.56,-132.24,297.92
1213447.053,981.978,-154.452,-108.397,-4865.0,-560.0,-96.25,1302.64,-127.68,270.56
1213447.103,972.767,-153.049,-108.641,-3491.25,463.75,-665.0,1305.68,-127.68,279.68
1213447.153,986.98,-152.317,-113.399,-2712.5,-1583.75,-288.75,1301.12,-130.72,262.96
1213447.203,976.732,-157.197,-121.146,-1487.5,-1846.25,376.25,1317.84,-121.6,284.24
1213447.253,983.198,-150.365,-136.274,-2616.25,-3797.5,-420.0,1310.24,-120.08,273.6
1213447.303,987.651,-161.284,-140.056,-1741.25,-2835.0,-647.5,1326.96,-109.44,276.64
1213447.353,971.303,-149.938,-135.969,-2703.75,-542.5,-936.25,1328.48,-127.68,273.6
1213447.403,980.392,-157.258,-130.662,-2773.75,-157.5,-262.5,1307.2,-107.92,279.68
1213447.453,979.904,-167.262,-122.122,-1715.0,516.25,-630.0,1322.4,-124.64,270.56
1213447.503,976.915,-159.942,-119.133,-1128.75,-1951.25,-2135.0,1310.24,-136.8,276.64
1213447.553,980.697,-152.5,-122.244,-1898.75,-840.0,-2012.5,1319.36,-132.24,269.04
1213447.603,974.353,-153.903,-124.989,-2485.0,-2187.5,-2345.0,1288.96,-132.24,267.52
1213447.653,976.61,-151.646,-134.932,-2170.0,-2633.75,-2738.75,1313.28,-123.12,270.56
1213447.703,985.455,-144.631,-140.422,-2450.0,-1986.25,-2371.25,1316.32,-124.64,270.56
1213447.753,981.307,-145.119,-135.481,-2668.75,-1102.5,-1540.0,1314.8,-118.56,259.92
1213447.803,979.111,-154.147,-131.272,-1146.25,-498.75,-376.25,1308.72,-121.6,279.68
1213447.853,969.961,-159.637,-129.503,437.5,-1067.5,17.5,1307.2,-117.04,266.0
1213447.903,987.224,-156.404,-133.895,1128.75,-595.0,-1295.0,1317.84,-124.64,281.2
1213447.953,976.244,-147.681,-128.039,-122.5,-813.75,-1548.75,1307.2,-121.6,256.88
1213448.003,974.048,-146.949,-132.309,-1365.0,-1758.75,-1618.75,1325.44,-118.56,273.6
1213448.0531,983.747,-151.524,-139.873,-2502.5,-805.0,-1846.25,1308.72,-124.64,266.0
1213448.103,977.342,-155.977,-139.446,-1767.5,-201.25,-1408.75,1308.72,-120.08,270.56
1213448.153,977.342,-159.027,-134.749,-262.5,831.25,-1487.5,1305.68,-129.2,279.68
1213448.203,976.122,-157.563,-131.15,901.25,875.0,-1478.75,1302.64,-127.68,279.68
1213448.253,976.427,-151.585,-128.405,875.0,-315.0,-2528.75,1319.36,-121.6,276.64
1213448.303,982.649,-142.618,-135.542,-1172.5,-1312.5,-2642.5,1304.16,-124.64,269.04
1213448.353,978.135,-148.535,-134.688,-1085.0,-1452.5,-2222.5,1322.4,-121.6,276.64
1213448.403,981.246,-153.293,-134.078,682.5,-630.0,-1575.0,1304.16,-118.56,269.04
1213448.453,979.416,-156.709,-127.429,2292.5,-17.5,-1128.75,1320.88,-121.6,276.64
1213448.503,979.294,-155.123,-125.66,3858.75,201.25,-1093.75,1328.48,-130.72,287.28
1213448.553,975.39,-156.465,-124.379,4077.5,-455.0,-1225.0,1314.8,-132.24,258.4
1213448.603,988.688,-151.707,-134.261,1330.0,-1023.75,-1960.0,1323.92,-130.72,278.16
1213448.653,983.991,-145.18,-130.174,-1636.25,-595.0,-2738.75,1308.72,-118.56,273.6
1213448.703,974.841,-143.106,-127.856,-4147.5,761.25,-2887.5,1313.28,-120.08,293.36
1213448.753,984.723,-142.862,-126.27,-6903.75,1032.5,-2388.75,1307.2,-127.68,270.56
1213448.803,983.259,-147.437,-123.708,-6746.25,1855.0,-2205.0,1310.24,-107.92,282.72
1213448.853,978.928,-142.984,-120.109,-6378.75,122.5,-3211.25,1313.28,-120.08,278.16
1213448.903,975.268,-140.727,-117.791,-5215.0,-2686.25,-2677.5,1308.72,-118.56,270.56
1213448.953,980.148,-135.115,-140.849,-4086.25,-4506.25,-2082.5,1325.44,-117.04,267.52
1213449.003,986.187,-131.943,-147.742,-3885.0,-1662.5,-1767.5,1317.84,-115.52,259.92
1213449.053,981.002,-135.786,-142.679,-3928.75,507.5,-1163.75,1307.2,-115.52,278.16
1213449.103,978.684,-143.899,-138.775,-3211.25,192.5,-1321.25,1307.2,-118.56,288.8
1213449.153,978.257,-140.666,-134.017,-2432.5,-315.0,-1260.0,1310.24,-115.52,261.44
1213449.203,977.891,-141.52,-137.921,-2598.75,-1688.75,-271.25,1299.6,-115.52,262.96
1213449.253,976.793,-145.851,-146.034,-2493.75,-1662.5,-761.25,1307.2,-110.96,270.56
1213449.303,990.518,-141.52,-149.45,-2143.75,-726.25,-1916.25,1313.28,-106.4,266.0
1213449.353,976.61,-142.374,-139.995,-1137.5,1128.75,-1216.25,1302.64,-117.04,276.64
1213449.403,978.806,-143.167,-134.749,-1242.5,1198.75,-1855.0,1320.88,-118.56,267.52
1213449.453,978.135,-141.764,-134.383,-1268.75,306.25,-1242.5,1308.72,-98.8,266.0
1213449.503,984.54,-143.716,-137.433,-1513.75,-61.25,-1417.5,1317.84,-115.52,252.32
1213449.553,985.577,-138.409,-133.285,-1461.25,105.0,-2126.25,1304.16,-130.72,278.16
1213449.603,975.756,-135.481,-130.845,-1960.0,-831.25,-1566.25,1302.64,-112.48,262.96
1213449.653,982.222,-141.276,-133.651,-1828.75,-577.5,-1540.0,1316.32,-118.56,269.04
1213449.703,979.416,-139.019,-133.163,-1522.5,-315.0,-2030.0,1310.24,-124.64,258.4
1213449.753,982.771,-130.967,-136.579,-1925.0,-673.75,-1828.75,1316.32,-112.48,284.24
1213449.803,983.076,-136.518,-138.47,-2152.5,428.75,-1618.75,1307.2,-110.96,269.04
1213449.853,982.954,-135.298,-138.165,-1548.75,717.5,-1522.5,1317.84,-124.64,288.8
1213449.903,979.294,-134.2,-134.322,-2003.75,297.5,-1391.25,1296.56,-109.44,266.0
1213449.953,978.196,-137.86,-137.982,-1645.0,-918.75,-1496.25,1326.96,-115.52,275.12
1213450.003,981.612,-140.666,-131.272,-953.75,621.25,-752.5,1298.08,-117.04,278.16
1213450.053,979.416,-140.117,-129.564,-595.0,-43.75,-1076.25,1316.32,-104.88,266.0
1213450.103,977.281,-138.47,-129.686,245.0,-245.0,-1303.75,1316.32,-109.44,270.56
1213450.153,979.599,-138.897,-133.041,-1478.75,-612.5,-1172.5,1314.8,-112.48,278.16
1213450.203,982.283,-139.629,-131.882,-2091.25,-481.25,-2021.25,1305.68,-117.04,269.04
1213450.253,973.438,-135.847,-126.575,-3456.25,-1233.75,-3176.25,1313.28,-121.6,278.16
1213450.303,985.455,-123.159,-133.712,-6982.5,-1050.0,-3535.0,1311.76,-114.0,285.76
1213450.353,979.416,-133.773,-132.187,-9318.75,-1093.75,-3123.75,1314.8,-109.44,267.52
1213450.403,980.087,-138.104,-135.908,-8951.25,-1295.0,-3552.5,1295.04,-109.44,296.4
1213450.453,983.076,-129.808,-140.91,-6090.0,-1015.0,-3421.25,1305.68,-114.0,285.76
1213450.503,985.943,-125.965,-143.35,-2590.0,-735.0,-2415.0,1301.12,-112.48,272.08
1213450.553,979.782,-123.952,-140.727,-726.25,-1408.75,-1793.75,1313.28,-118.56,281.2
1213450.603,981.124,-117.303,-142.984,1093.75,-3176.25,-1662.5,1311.76,-109.44,264.48
1213450.653,987.468,-120.17,-141.337,315.0,-1400.0,-1163.75,1310.24,-120.08,267.52
1213450.703,980.941,-121.451,-140.239,-43.75,-1111.25,-682.5,1307.2,-103.36,264.48
1213450.753,977.525,-124.44,-140.849,-148.75,-1356.25,-656.25,1317.84,-120.08,273.6
1213450.803,983.93,-124.623,-144.692,-647.5,-1505.0,-822.5,1301.12,-118.56,270.56
1213450.853,978.501,-128.283,-142.862,-437.5,-1330.0,-988.75,1316.32,-117.04,266.0
1213450.903,983.686,-125.538,-147.071,-455.0,-1400.0,-953.75,1313.28,-104.88,287.28
1213450.953,976.427,-128.893,-145.607,-997.5,-1968.75,-708.75,1311.76,-104.88,250.8
1213451.003,982.466,-132.858,-148.779,-630.0,-2205.0,-691.25,1325.44,-114.0,266.0
1213451.053,979.904,-128.161,-149.206,-840.0,-1251.25,-1233.75,1310.24,-118.56,253.84
1213451.103,978.623,-128.649,-151.036,-1268.75,-857.5,-1102.5,1313.28,-109.44,270.56
1213451.153,979.843,-132.309,-151.402,-1146.25,-1023.75,-1452.5,1311.76,-112.48,266.0
1213451.203,982.222,-124.928,-150.609,-1487.5,-577.5,-2126.25,1299.6,-109.44,267.52
1213451.253,979.111,-126.514,-151.89,-2073.75,-393.75,-1426.25,1320.88,-107.92,259.92
1213451.303,986.309,-129.137,-152.866,-2178.75,-236.25,-2318.75,1307.2,-106.4,267.52
1213451.353,979.294,-122.122,-146.095,-1820.0,-883.75,-1688.75,1319.36,-123.12,281.2
1213451.403,974.963,-127.002,-145.058,-1347.5,-183.75,-1566.25,1319.36,-110.96,256.88
1213451.453,981.063,-124.501,-149.145,-971.25,-1496.25,-1225.0,1317.84,-117.04,281.2
1213451.503,980.636,-127.917,-149.938,-1137.5,-883.75,-1111.25,1313.28,-112.48,264.48
1213451.553,985.821,-126.27,-154.086,-1435.0,-437.5,-1636.25,1316.32,-115.52,276.64
1213451.603,976.488,-125.599,-150.121,-1706.25,-621.25,-1268.75,1330.0,-110.96,269.04
1213451.653,979.477,-127.49,-152.439,-1190.0,-1233.75,-1557.5,1307.2,-97.28,252.32
1213451.703,981.978,-123.83,-150.853,-1233.75,-1015.0,-1671.25,1323.92,-117.04,272.08
1213451.753,980.514,-123.952,-149.938,-1303.75,-813.75,-875.0,1299.6,-114.0,256.88
1213451.803,978.806,-125.965,-152.378,-1242.5,-1172.5,-498.75,1317.84,-109.44,266.0
1213451.853,980.209,-126.27,-152.561,-918.75,-1216.25,-761.25,1310.24,-126.16,266.0
1213451.903,980.331,-128.954,-158.844,-1041.25,-708.75,-840.0,1326.96,-98.8,284.24
1213451.953,989.542,-131.028,-156.77,-1093.75,-875.0,-1855.0,1317.84,-110.96,270.56
1213452.003,976.915,-124.928,-153.903,-743.75,-498.75,-945.0,1310.24,-109.44,259.92
1213452.053,973.926,-131.089,-152.012,-1120.0,-446.25,-1085.0,1319.36,-103.36,267.52
1213452.103,982.71,-129.564,-155.367,-997.5,-1470.0,-1382.5,1304.16,-110.96,241.68
1213452.153,982.161,-130.052,-160.918,-1321.25,-726.25,-1295.0,1308.72,-115.52,253.84
1213452.203,980.331,-131.15,-156.038,-1312.5,-122.5,-1513.75,1314.8,-110.96,256.88
1213452.253,977.098,-126.819,-153.11,-1076.25,-743.75,-1085.0,1317.84,-110.96,258.4
1213452.303,980.392,-128.954,-155.794,-1540.0,-691.25,-1496.25,1320.88,-118.56,262.96
1213452.353,981.673,-130.662,-156.77,-1470.0,-516.25,-1531.25,1316.32,-117.04,266.0
1213452.403,979.965,-128.588,-156.77,-1312.5,-323.75,-1723.75,1317.84,-104.88,288.8
1213452.453,979.294,-127.124,-152.683,-1198.75,-271.25,-1181.25,1307.2,-114.0,259.92
1213452.503,977.586,-130.479,-154.33,-735.0,-192.5,-1172.5,1313.28,-117.04,262.96
1213452.553,979.355,-124.989,-151.402,-1391.25,350.0,-1190.0,1305.68,-106.4,262.96
1213452.603,977.891,-123.769,-150.426,-1925.0,-2038.75,-1181.25,1320.88,-109.44,273.6
1213452.653,975.695,-134.2,-153.781,-778.75,-971.25,-761.25,1307.2,-114.0,264.48
1213452.703,975.329,-128.039,-155.55,-323.75,-1653.75,-1513.75,1319.36,-109.44,262.96
1213452.753,975.085,-128.283,-158.417,-980.0,-2126.25,-621.25,1313.28,-123.12,261.44
1213452.803,980.331,-133.529,-163.419,-1373.75,-1645.0,-1015.0,1305.68,-109.44,259.92
1213452.853,978.379,-131.699,-158.478,-1478.75,-1723.75,-1408.75,1323.92,-110.96,272.08
1213452.903,976.427,-129.686,-157.868,-1583.75,-3123.75,-1006.25,1302.64,-101.84,253.84
1213452.953,978.135,-133.163,-163.968,-1216.25,-2677.5,-1557.5,1314.8,-115.52,262.96
1213453.003,978.257,-130.296,-164.7,-236.25,-1085.0,-1907.5,1304.16,-109.44,266.0
1213453.053,978.928,-126.209,-168.299,-1032.5,-971.25,-1741.25,1311.76,-114.0,246.24
1213453.103,976.854,-126.88,-163.236,-1671.25,-542.5,-1645.0,1311.76,-118.56,256.88
1213453.153,977.037,-128.771,-166.896,-1540.0,-201.25,-883.75,1305.68,-118.56,252.32
1213453.203,976.183,-133.224,-165.737,-1286.25,-323.75,-1067.5,1316.32,-107.92,273.6
1213453.253,987.712,-129.076,-169.641,-1216.25,437.5,-1697.5,1308.72,-106.4,250.8
1213453.303,976.671,-127.307,-162.199,-883.75,306.25,-831.25,1308.72,-106.4,258.4
1213453.353,971.791,-132.492,-160.491,-236.25,-551.25,-1198.75,1310.24,-106.4,261.44
1213453.403,981.734,-129.259,-164.395,-743.75,-665.0,-1277.5,1320.88,-109.44,255.36
1213453.453,979.294,-132.736,-163.968,-735.0,-1032.5,-1146.25,1314.8,-110.96,267.52
1213453.503,973.194,-133.529,-164.517,-988.75,-918.75,-1610.0,1316.32,-117.04,272.08
1213453.553,971.974,-131.089,-162.992,-1111.25,-1058.75,-1505.0,1325.44,-120.08,262.96
1213453.603,977.952,-131.394,-164.517,-1653.75,-1076.25,-1505.0,1298.08,-114.0,261.44
1213453.653,977.647,-131.333,-166.591,-1548.75,-953.75,-1452.5,1320.88,-115.52,255.36
1213453.703,976.549,-130.601,-168.177,-1487.5,-857.5,-1391.25,1307.2,-104.88,253.84
1213453.753,974.963,-132.37,-167.445,-1417.5,-1181.25,-1312.5,1323.92,-114.0,255.36
1213453.803,979.233,-130.784,-170.739,-1435.0,-490.0,-1356.25,1323.92,-118.56,246.24
1213453.853,985.272,-129.32,-168.543,-1548.75,-560.0,-1697.5,1319.36,-117.04,243.2
1213453.903,976.854,-130.113,-164.456,-533.75,472.5,-1128.75,1331.52,-109.44,258.4
1213453.953,972.096,-131.333,-160.796,-682.5,-157.5,-1741.25,1320.88,-121.6,250.8
1213454.003,975.268,-133.712,-166.225,-927.5,297.5,-1706.25,1330.0,-124.64,272.08
1213454.053,974.719,-132.858,-167.14,-507.5,-78.75,-1680.0,1302.64,-114.0,241.68
1213454.103,978.928,-130.113,-164.395,-875.0,-516.25,-1662.5,1313.28,-110.96,259.92
1213454.153,972.889,-126.453,-163.968,-1155.0,-1146.25,-1636.25,1293.52,-109.44,255.36
1213454.203,979.416,-126.087,-167.75,-1881.25,-411.25,-1653.75,1316.32,-114.0,258.4
1213454.253,979.111,-130.296,-165.737,-1732.5,-35.0,-1680.0,1317.84,-110.96,282.72
1213454.303,977.952,-128.405,-165.31,-1452.5,-166.25,-1268.75,1317.84,-98.8,253.84
1213454.353,973.926,-129.564,-164.09,-883.75,-516.25,-1198.75,1317.84,-118.56,256.88
1213454.403,978.135,-129.32,-164.761,-796.25,-656.25,-1365.0,1313.28,-112.48,258.4
1213454.453,976.61,-131.272,-166.103,-883.75,-656.25,-866.25,1328.48,-114.0,258.4
1213454.503,985.638,-132.492,-168.36,-1522.5,-43.75,-1207.5,1302.64,-120.08,258.4
1213454.553,975.268,-130.296,-161.894,-866.25,-245.0,-1085.0,1322.4,-118.56,250.8
1213454.603,970.205,-134.139,-160.796,-621.25,-656.25,-1023.75,1320.88,-109.44,250.8
1213454.653,977.525,-130.235,-167.689,-1102.5,-1041.25,-1330.0,1331.52,-112.48,253.84
1213454.703,978.257,-137.006,-168.665,-840.0,-1023.75,-1225.0,1308.72,-117.04,244.72
1213454.753,974.78,-132.065,-166.408,-1076.25,-323.75,-1417.5,1317.84,-106.4,237.12
1213454.803,974.292,-129.137,-165.249,-1435.0,-796.25,-1303.75,1333.04,-114.0,262.96
1213454.853,980.026,-133.712,-166.591,-1391.25,-743.75,-1601.25,1304.16,-117.04,246.24
1213454.903,977.037,-130.113,-164.944,-1522.5,-280.0,-1557.5,1317.84,-110.96,269.04
1213454.953,975.939,-129.991,-166.042,-1365.0,-288.75,-1181.25,1304.16,-112.48,256.88
1213455.003,975.756,-131.882,-166.896,-945.0,-428.75,-1303.75,1310.24,-109.44,264.48
1213455.053,980.514,-129.808,-168.299,-1058.75,-455.0,-1645.0,1310.24,-118.56,261.44
1213455.103,981.307,-127.612,-170.19,-1303.75,-997.5,-1890.0,1320.88,-114.0,247.76
1213455.153,976.61,-134.81,-164.151,-945.0,533.75,-1225.0,1319.36,-109.44,262.96
1213455.203,976.549,-136.091,-161.894,-778.75,-210.0,-1575.0,1304.16,-127.68,250.8
1213455.253,973.011,-130.174,-165.249,-1251.25,-953.75,-1750.0,1317.84,-114.0,267.52
1213455.303,982.1,-131.089,-171.959,-2948.75,-2476.25,-2266.25,1310.24,-107.92,252.32
1213455.353,979.599,-125.233,-164.395,-1435.0,1277.5,-2222.5,1323.92,-106.4,266.0
1213455.403,967.46,-126.514,-163.236,-2038.75,-420.0,-1295.0,1304.16,-101.84,255.36
1213455.453,977.403,-128.405,-165.127,-743.75,-1181.25,-1540.0,1322.4,-115.52,253.84
1213455.503,976.122,-117.486,-169.397,-2406.25,-1785.0,-1986.25,1307.2,-118.56,255.36
1213455.553,983.076,-131.028,-178.791,-2423.75,-2380.0,-621.25,1323.92,-118.56,259.92
1213455.603,979.843,-123.098,-162.321,-1487.5,1872.5,-61.25,1322.4,-118.56,270.56
1213455.653,973.682,-142.74,-164.883,-1225.0,-892.5,332.5,1307.2,-112.48,252.32
1213455.703,975.39,-136.457,-170.19,498.75,-1995.0,-2161.25,1317.84,-118.56,273.6
1213455.753,987.102,-125.355,-171.471,-1391.25,-455.0,-2581.25,1325.44,-106.4,258.4
1213455.803,980.636,-128.893,-172.752,-2756.25,-1767.5,-315.0,1323.92,-115.52,243.2
1213455.853,971.12,-130.601,-166.103,-2493.75,1295.0,-665.0,1314.8,-120.08,256.88
1213455.903,978.867,-142.13,-170.8,-1408.75,-962.5,-1592.5,1317.84,-121.6,250.8
1213455.9531,977.403,-128.954,-172.813,-831.25,-1093.75,-2283.75,1325.44,-121.6,258.4
1213456.003,976.122,-128.222,-177.51,-2677.5,-1408.75,-1522.5,1316.32,-124.64,246.24
1213456.053,972.279,-137.86,-167.75,-2528.75,560.0,-420.0,1323.92,-121.6,258.4
1213456.103,974.109,-141.825,-171.837,-1837.5,-227.5,-2677.5,1320.88,-106.4,250.8
1213456.153,978.379,-119.804,-170.129,-1225.0,-315.0,-2660.0,1316.32,-120.08,259.92
1213456.203,979.294,-120.719,-170.312,-2432.5,201.25,-1916.25,1301.12,-107.92,255.36
1213456.253,977.891,-126.514,-176.107,-2345.0,-1680.0,-1260.0,1330.0,-114.0,259.92
1213456.303,974.658,-128.954,-168.604,-525.0,892.5,-1041.25,1311.76,-112.48,243.2
1213456.353,986.004,-127.856,-177.022,-236.25,-1303.75,-2117.5,1322.4,-107.92,247.76
1213456.403,972.157,-117.547,-165.127,-113.75,953.75,-1723.75,1301.12,-101.84,250.8
1213456.453,965.203,-122.0,-171.044,-2275.0,-1076.25,-953.75,1319.36,-117.04,247.76
1213456.503,981.856,-133.59,-165.188,-306.25,306.25,-1522.5,1301.12,-106.4,256.88
1213456.553,969.107,-130.906,-167.018,-288.75,761.25,-752.5,1304.16,-107.92,246.24
1213456.603,983.198,-134.444,-171.288,-603.75,-183.75,-1251.25,1317.84,-120.08,250.8
1213456.653,972.279,-118.157,-168.36,-2100.0,-603.75,-1898.75,1299.6,-109.44,249.28
1213456.703,971.242,-138.409,-172.813,-936.25,-2502.5,-1618.75,1322.4,-107.92,256.88
1213456.753,974.109,-135.115,-160.674,-507.5,-1163.75,-2388.75,1314.8,-104.88,253.84
1213456.803,968.436,-126.026,-163.968,-1233.75,-3403.75,-2782.5,1302.64,-120.08,253.84
1213456.853,980.148,-121.268,-171.898,-463.75,-2642.5,-2520.0,1317.84,-120.08,256.88
1213456.903,976.305,-114.741,-183.61,-1995.0,-2922.5,-1225.0,1296.56,-112.48,249.28
1213456.953,991.616,-114.497,-188.734,-2905.0,-1321.25,-603.75,1323.92,-98.8,252.32
1213457.003,967.582,-139.629,-177.876,-1225.0,1058.75,35.0,1305.68,-121.6,250.8
1213457.053,981.551,-126.026,-176.717,1522.5,315.0,-2791.25,1322.4,-109.44,261.44
1213457.103,973.865,-115.534,-177.693,-1636.25,-490.0,-796.25,1313.28,-103.36,247.76
1213457.153,975.329,-134.444,-186.538,-1435.0,-2730.0,140.0,1326.96,-120.08,252.32
1213457.203,977.586,-128.222,-183.061,192.5,1426.25,-936.25,1307.2,-120.08,261.44
1213457.253,966.484,-128.405,-177.937,-402.5,1750.0,-1408.75,1322.4,-109.44,250.8
1213457.303,979.843,-128.588,-170.8,-297.5,1741.25,-1627.5,1299.6,-110.96,253.84
1213457.353,976.061,-127.002,-166.408,-1627.5,1190.0,-1881.25,1298.08,-103.36,253.84
1213457.403,978.501,-131.638,-179.95,-1758.75,-1758.75,-1461.25,1317.84,-104.88,253.84
1213457.453,962.519,-126.819,-165.615,-892.5,1583.75,-1627.5,1319.36,-106.4,237.12
1213457.503,981.49,-132.797,-175.558,166.25,507.5,-1015.0,1314.8,-100.32,246.24
1213457.553,979.66,-126.819,-168.787,393.75,1032.5,-2327.5,1320.88,-100.32,266.0
1213457.603,975.756,-116.693,-168.604,-1260.0,-210.0,-2178.75,1317.84,-106.4,246.24
1213457.653,969.961,-120.841,-169.153,-2073.75,-2065.0,-1426.25,1316.32,-114.0,253.84
1213457.703,976.244,-132.858,-169.092,-1723.75,586.25,-936.25,1323.92,-106.4,237.12
1213457.753,969.046,-126.026,-165.432,-4357.5,-6300.0,-2248.75,1314.8,-109.44,250.8
1213457.803,973.377,-132.736,-168.787,-2730.0,-7000.0,-3272.5,1316.32,-103.36,247.76
1213457.853,998.692,-121.878,-189.466,-726.25,-5713.75,-1688.75,1319.36,-101.84,261.44
1213457.903,971.547,-124.745,-183.732,-1443.75,-481.25,-516.25,1299.6,-121.6,241.68
1213457.953,969.595,-130.052,-182.39,-236.25,-402.5,-2073.75,1316.32,-109.44,228.0
1213458.003,975.39,-114.802,-187.88,-1373.75,-1015.0,-1741.25,1330.0,-104.88,243.2
1213458.053,974.719,-118.218,-193.248,-2966.25,-883.75,-1303.75,1326.96,-107.92,234.08
1213458.103,973.987,-132.065,-191.906,-638.75,-26.25,-901.25,1333.04,-110.96,246.24
1213458.153,977.83,-130.54,-186.111,306.25,708.75,-1951.25,1316.32,-106.4,229.52
1213458.203,977.83,-120.536,-191.479,735.0,341.25,-1925.0,1325.44,-112.48,253.84
1213458.253,972.096,-115.961,-178.364,-883.75,2607.5,-1478.75,1307.2,-104.88,237.12
1213458.303,962.214,-121.634,-184.83,-1767.5,-892.5,-1513.75,1320.88,-106.4,235.6
1213458.353,987.956,-122.854,-181.353,-1583.75,1767.5,-1207.5,1299.6,-112.48,240.16
1213458.403,960.323,-120.048,-173.606,-1417.5,2485.0,-1443.75,1325.44,-104.88,247.76
1213458.453,976.732,-123.464,-175.558,52.5,288.75,-568.75,1317.84,-115.52,261.44
1213458.503,975.024,-124.745,-175.375,-1041.25,-498.75,-822.5,1317.84,-104.88,231.04
1213458.553,971.12,-120.658,-183.244,-2616.25,-1338.75,-2065.0,1320.88,-118.56,252.32
1213458.603,970.022,-124.989,-174.277,-2266.25,507.5,-1741.25,1307.2,-118.56,256.88
1213458.653,980.636,-122.427,-178.059,-2371.25,595.0,-1662.5,1326.96,-104.88,264.48
1213458.703,971.669,-130.845,-172.691,-367.5,-192.5,-1583.75,1305.68,-106.4,246.24
1213458.753,978.989,-122.061,-178.974,-61.25,-1697.5,-2677.5,1314.8,-114.0,234.08
1213458.803,973.011,-111.935,-182.268,-2327.5,-2476.25,-831.25,1314.8,-109.44,246.24
1213458.853,981.368,-121.817,-179.767,-3360.0,857.5,-1697.5,1308.72,-98.8,235.6
1213458.903,982.649,-128.893,-177.51,-945.0,1890.0,-1741.25,1330.0,-120.08,253.84
1213458.953,965.996,-117.608,-169.763,-883.75,-1006.25,-1356.25,1307.2,-98.8,258.4
1213459.003,973.194,-120.048,-179.218,-1338.75,-2616.25,-857.5,1320.88,-118.56,256.88
1213459.053,986.736,-123.83,-183.915,-1102.5,-927.5,-883.75,1308.72,-110.96,244.72
1213459.103,967.216,-116.022,-177.632,-1776.25,1225.0,-1531.25,1334.56,-112.48,259.92
1213459.153,989.115,-130.662,-184.098,-420.0,306.25,-1251.25,1319.36,-101.84,243.2
1213459.203,971.974,-116.571,-176.717,-533.75,1706.25,-1478.75,1320.88,-114.0,253.84
1213459.253,979.111,-124.989,-186.477,-1680.0,-1373.75,-691.25,1317.84,-91.2,247.76
1213459.303,965.081,-124.806,-164.517,-840.0,2301.25,-1443.75,1331.52,-110.96,241.68
1213459.353,981.185,-121.451,-170.678,-420.0,332.5,-1050.0,1307.2,-110.96,240.16
1213459.403,967.887,-118.767,-165.127,-1522.5,-918.75,-297.5,1311.76,-106.4,250.8
1213459.453,984.235,-131.028,-176.595,-743.75,-1828.75,-1443.75,1331.52,-121.6,250.8
1213459.503,970.51,-125.05,-177.998,-2511.25,-1382.5,-437.5,1317.84,-104.88,255.36
1213459.553,974.414,-125.721,-174.521,-2380.0,-297.5,-770.0,1325.44,-114.0,238.64
1213459.603,977.891,-137.86,-172.081,-192.5,2030.0,-962.5,1326.96,-118.56,240.16
1213459.653,972.096,-115.839,-168.299,551.25,-420.0,-2633.75,1330.0,-110.96,234.08
1213459.703,969.595,-113.033,-176.9,-1032.5,-2047.5,-1172.5,1319.36,-106.4,252.32
1213459.753,981.734,-131.211,-177.754,-2318.75,-437.5,-831.25,1320.88,-97.28,255.36
1213459.803,978.013,-126.026,-179.279,-1653.75,-210.0,-1890.0,1320.88,-103.36,258.4
1213459.853,976.427,-124.135,-172.813,-1408.75,1365.0,-1863.75,1319.36,-104.88,246.24
1213459.903,976.915,-124.44,-169.824,-700.0,1181.25,-1960.0,1322.4,-106.4,253.84
1213459.953,972.584,-123.647,-173.545,-175.0,-1723.75,-752.5,1313.28,-106.4,252.32
1213460.003,979.477,-126.209,-164.578,-647.5,332.5,-1671.25,1330.0,-112.48,229.52
1213460.053,980.941,-117.913,-172.081,-1505.0,-936.25,-1872.5,1323.92,-120.08,258.4
1213460.103,972.95,-120.231,-167.445,-2257.5,341.25,-1015.0,1323.92,-110.96,232.56
1213460.153,974.902,-127.673,-179.584,-1050.0,-2555.0,-962.5,1331.52,-115.52,228.0
1213460.203,985.272,-124.989,-170.556,-787.5,175.0,-1496.25,1326.96,-104.88,235.6
1213460.253,969.534,-122.915,-171.227,-1146.25,1373.75,-1251.25,1333.04,-106.4,246.24
1213460.303,969.473,-130.967,-170.129,122.5,-525.0,-778.75,1322.4,-94.24,249.28
1213460.353,982.588,-128.1,-176.473,-691.25,-2021.25,-1960.0,1336.08,-114.0,252.32
1213460.403,966.545,-113.46,-175.192,-665.0,-1163.75,-1776.25,1331.52,-110.96,238.64
1213460.453,970.998,-125.721,-166.652,-1715.0,743.75,-673.75,1322.4,-114.0,237.12
1213460.503,979.111,-129.259,-175.009,-2835.0,-131.25,-1470.0,1330.0,-110.96,252.32
1213460.553,976.305,-134.627,-170.251,-577.5,761.25,-1575.0,1330.0,-107.92,259.92
1213460.603,974.475,-120.841,-172.813,-831.25,-1321.25,-2887.5,1339.12,-110.96,252.32
1213460.653,971.791,-113.46,-173.606,-2703.75,-2301.25,-656.25,1323.92,-106.4,243.2
1213460.703,979.66,-133.712,-174.704,-2520.0,271.25,-988.75,1323.92,-112.48,256.88
1213460.753,985.882,-127.856,-176.717,-752.5,1023.75,-2423.75,1322.4,-109.44,247.76
1213460.803,970.815,-119.011,-164.456,-1478.75,647.5,-1653.75,1343.68,-115.52,247.76
1213460.853,970.266,-120.658,-165.371,-1190.0,-1478.75,-1645.0,1330.0,-114.0,237.12
1213460.903,984.235,-121.268,-171.593,-1356.25,-533.75,-866.25,1325.44,-124.64,244.72
1213460.953,971.913,-124.745,-170.007,-1872.5,113.75,-1811.25,1330.0,-117.04,249.28
1213461.003,982.283,-119.377,-169.092,-507.5,385.0,-936.25,1317.84,-104.88,232.56
1213461.053,974.475,-120.963,-168.238,-1925.0,8.75,-253.75,1328.48,-106.4,256.88
1213461.103,981.673,-126.941,-174.338,-1872.5,-1461.25,-1006.25,1326.96,-104.88,243.2
1213461.153,980.087,-129.625,-181.231,-1732.5,-1820.0,-1627.5,1334.56,-112.48,247.76
1213461.203,979.66,-119.438,-169.336,-1828.75,463.75,-1750.0,1336.08,-107.92,241.68
1213461.253,977.464,-129.381,-172.142,-1295.0,-472.5,-875.0,1342.16,-107.92,247.76
1213461.303,979.843,-131.76,-173.789,-35.0,-778.75,-866.25,1333.04,-117.04,244.72
1213461.353,982.71,-125.904,-177.693,-805.0,-2196.25,-2931.25,1331.52,-104.88,237.12
1213461.403,978.074,-112.545,-178.913,-2257.5,-533.75,-2660.0,1328.48,-110.96,253.84
1213461.453,980.453,-132.858,-169.763,-3237.5,1093.75,-437.5,1336.08,-115.52,243.2
1213461.503,976.366,-126.514,-167.567,-787.5,-218.75,-2196.25,1337.6,-101.84,252.32
1213461.553,980.88,-122.122,-170.312,-577.5,-848.75,-1032.5,1322.4,-110.96,243.2
1213461.603,982.1,-119.438,-176.961,-1601.25,-2485.0,-2563.75,1330.0,-106.4,243.2
1213461.653,968.009,-110.715,-177.449,-2345.0,-2668.75,-1522.5,1317.84,-107.92,240.16
1213461.703,972.828,-122.122,-178.608,-2012.5,0.0,-848.75,1336.08,-106.4,250.8
1213461.753,976.549,-126.331,-179.645,-1688.75,-770.0,-1102.5,1330.0,-115.52,238.64
1213461.803,975.939,-123.769,-170.922,-770.0,-551.25,-1198.75,1339.12,-110.96,237.12
1213461.853,969.229,-124.074,-179.767,-166.25,-2091.25,-743.75,1330.0,-118.56,256.88
1213461.903,979.599,-128.344,-180.865,43.75,-1032.5,-936.25,1339.12,-114.0,238.64
1213461.953,971.059,-117.059,-173.728,-280.0,-770.0,-1443.75,1334.56,-114.0,256.88
1213462.003,974.658,-127.368,-177.205,-761.25,-1277.5,-726.25,1328.48,-112.48,232.56
1213462.053,979.294,-126.941,-178.12,-490.0,-1828.75,-1207.5,1333.04,-100.32,238.64
1213462.103,971.12,-129.442,-179.95,-43.75,-1881.25,-910.0,1334.56,-103.36,229.52
1213462.153,969.717,-126.026,-184.647,-726.25,-3395.0,-1251.25,1322.4,-112.48,243.2
1213462.203,969.046,-133.224,-183.061,516.25,-4322.5,-332.5,1336.08,-109.44,247.76
1213462.253,961.055,-137.433,-182.207,4173.75,-7148.75,306.25,1336.08,-117.04,228.0
1213462.303,959.042,-146.278,-198.189,12381.25,-12495.0,2003.75,1326.96,-110.96,229.52
1213462.353,966.423,-142.923,-214.903,18515.0,-13781.25,2598.75,1331.52,-101.84,215.84
1213462.403,954.711,-137.006,-259.067,24088.75,-14481.25,3832.5,1314.8,-129.2,217.36
1213462.453,958.493,-140.971,-308.05,26372.5,-14918.75,5118.75,1319.36,-118.56,214.32
1213462.503,967.399,-176.29,-379.115,30380.0,-10447.5,8636.25,1331.52,-133.76,194.56
1213462.553,942.511,-204.411,-377.285,34763.75,-6825.0,7201.25,1322.4,-139.84,194.56
1213462.603,941.535,-216.489,-360.937,32742.5,-4856.25,1767.5,1331.52,-139.84,191.52
1213462.653,875.472,-204.289,-289.75,22732.5,-9686.25,-1618.75,1310.24,-142.88,202.16
1213462.703,909.815,-220.637,-297.558,18777.5,-11436.25,-4655.0,1328.48,-161.12,173.28
1213462.753,909.937,-158.051,-319.64,7673.75,-13790.0,-9861.25,1325.44,-148.96,193.04
1213462.803,937.448,-171.593,-375.577,1680.0,-13055.0,-9021.25,1314.8,-147.44,174.8
1213462.853,923.174,-166.53,-425.292,-743.75,-5451.25,-5547.5,1317.84,-145.92,182.4
1213462.903,828.075,-144.692,-427.244,4768.75,901.25,-2345.0,1322.4,-126.16,171.76
1213462.953,804.956,-135.054,-368.623,1356.25,-8417.5,2205.0,1320.88,-148.96,185.44
1213463.003,982.771,-153.293,-231.8,2808.75,997.5,3753.75,1322.4,-155.04,177.84
1213463.053,1043.832,-221.003,-136.152,12766.25,32261.25,3552.5,1328.48,-144.4,170.24
1213463.103,1061.156,-232.471,-28.487,12127.5,14393.75,-516.25,1345.2,-161.12,208.24
1213463.153,1048.712,-266.814,-13.359,18917.5,21253.75,-1006.25,1337.6,-174.8,205.2
1213463.203,1017.053,-214.842,-21.533,13676.25,11182.5,-7201.25,1340.64,-150.48,220.4
1213463.253,1040.477,-237.595,-32.33,14087.5,12722.5,-7096.25,1328.48,-161.12,229.52
1213463.303,994.483,-227.713,-39.772,7087.5,6518.75,-6580.0,1363.44,-165.68,221.92
1213463.353,998.143,-225.7,-104.493,1303.75,3990.0,-9415.0,1349.76,-165.68,235.6
1213463.403,951.356,-209.962,-105.835,3071.25,682.5,-9450.0,1351.28,-147.44,231.04
1213463.453,988.383,-161.101,-104.92,-2458.75,7927.5,-9703.75,1360.4,-150.48,240.16
1213463.503,997.472,-173.911,-94.062,-2537.5,586.25,-7175.0,1348.24,-148.96,240.16
1213463.553,996.13,-169.153,-76.311,-717.5,2371.25,-6790.0,1361.92,-147.44,247.76
1213463.603,1027.85,-176.9,-88.877,4436.25,918.75,-5320.0,1336.08,-144.4,255.36
1213463.653,959.53,-177.754,-75.518,1802.5,-5250.0,-883.75,1358.88,-150.48,238.64
1213463.703,978.928,-178.608,-126.453,1750.0,8601.25,-1006.25,1363.44,-136.8,250.8
1213463.753,882.304,-184.525,-102.785,-3115.0,-7000.0,-2082.5,1363.44,-132.24,240.16
1213463.803,986.37,-190.747,-156.099,1583.75,2493.75,-5118.75,1352.8,-147.44,249.28
1213463.853,908.839,-187.575,-117.913,8583.75,-113.75,-6571.25,1349.76,-136.8,235.6
1213463.903,956.236,-157.868,-102.663,19661.25,7131.25,-7577.5,1357.36,-130.72,237.12
1213463.953,949.282,-156.953,-79.91,17377.5,6326.25,-4191.25,1349.76,-123.12,243.2
1213464.003,962.519,-162.992,-37.515,20737.5,13553.75,-4541.25,1357.36,-130.72,249.28
1213464.053,985.028,-154.208,-20.069,15723.75,15093.75,-5871.25,1349.76,-139.84,238.64
1213464.103,1025.349,-153.049,-2.318,11620.0,17263.75,-6396.25,1355.84,-138.32,261.44
1213464.153,1044.259,-152.622,6.771,4278.75,8960.0,-3841.25,1351.28,-120.08,276.64
1213464.203,1009.306,-140.91,6.466,1522.5,7586.25,-1627.5,1351.28,-129.2,269.04
